source,league.year,league.name,ident,person.ref,person.name.last,person.name.given,S_STINT,entry.name,S_FIRST,S_LAST,B_G,P_G,F_1B_G,F_2B_G,F_3B_G,F_SS_G,F_OF_G,F_LF_G,F_CF_G,F_RF_G,F_C_G,F_P_G,F_ALL_G
retrosheet/1908,1908,American League,,altid101,Altizer,Dave,,Cleveland,19080725,19080908,,,,,,,,,,,,,
retrosheet/1908,1908,American League,,altid101,Altizer,Dave,,Washington,19080422,19080723,,,,,,,,,,,,,
retrosheet/1908,1908,American League,,altrn101,Altrock,Nick,,Chicago,19080414,19080926,,,,,,,,,,,,,
researchers/mcconnell,1908,American League,,QVWKSGB,Anderson,John,,Chicago,,,,,,,,,,,,,,,
retrosheet/1908,1908,American League,,andej101,Anderson,John,,Chicago,19080416,19081002,,,,,,,,,,,,,
retrosheet/1908,1908,American League,,arelf101,Arellanes,Frank,,Boston,19080717,19080926,,,,,,,,,,,,,
researchers/mcconnell,1908,American League,,SDYZMYH,Atz,Jake,,Chicago,,,,,,,,,,,,,,,
retrosheet/1908,1908,American League,,atz-j101,Atz,John,,Chicago,19080414,19080928,,,,,,,,,,,,,
retrosheet/1908,1908,American League,,bailb101,Bailey,Bill,,St. Louis,19080421,19081006,,,,,,,,,,,,,
retrosheet/1908,1908,American League,,bakef102,Baker,Home Run,,Philadelphia,19080921,19081002,,,,,,,,,,,,,
retrosheet/1908,1908,American League,,balln101,Ball,Neal,,New York,19080425,19080929,,,,,,,,,,,,,
retrosheet/1908,1908,American League,,barrs102,Barr,Scotty,,Philadelphia,19080822,19080930,,,,,,,,,,,,,
retrosheet/1908,1908,American League,,barrj103,Barrett,Jimmy,,Boston,19080504,19080513,,,,,,,,,,,,,
retrosheet/1908,1908,American League,,barrj104,Barry,Jack,,Philadelphia,19080713,19081007,,,,,,,,,,,,,
retrosheet/1908,1908,American League,,bay-h101,Bay,Harry,,Cleveland,19080425,19080425,,,,,,,,,,,,,
retrosheet/1908,1908,American League,,bemih101,Bemis,Harry,,Cleveland,19080425,19081005,,,,,,,,,,,,,
retrosheet/1908,1908,American League,,bendc101,Bender,Chief,,Philadelphia,19080424,19080907,,,,,,,,,,,,,
retrosheet/1908,1908,American League,,bergh101,Berger,Heinie,,Cleveland,19080514,19081004,,,,,,,,,,,,,
retrosheet/1908,1908,American League,,billh101,Billiard,Harry,,New York,19080731,19081007,,,,,,,,,,,,,
retrosheet/1908,1908,American League,,birmj101,Birmingham,Joe,,Cleveland,19080414,19081005,,,,,,,,,,,,,
retrosheet/1908,1908,American League,,blaiw101,Blair,Walter,,New York,19080421,19081008,,,,,,,,,,,,,
retrosheet/1908,1908,American League,,blueb101,Blue,Bert,,Philadelphia,19080808,19080904,,,,,,,,,,,,,
retrosheet/1908,1908,American League,,blueb101,Blue,Bert,,St. Louis,19080615,19080722,,,,,,,,,,,,,
retrosheet/1908,1908,American League,,bradb102,Bradley,Bill,,Cleveland,19080414,19081006,,,,,,,,,,,,,
retrosheet/1908,1908,American League,,bradk101,Brady,King,,Boston,19081005,19081005,,,,,,,,,,,,,
retrosheet/1908,1908,American League,,burcf101,Burchell,Fred,,Boston,19080423,19081003,,,,,,,,,,,,,
retrosheet/1908,1908,American League,,burnb101,Burns,Bill,,Washington,19080418,19080727,,,,,,,,,,,,,
retrosheet/1908,1908,American League,,bushd102,Bush,Donie,,Detroit,19080918,19081006,,,,,,,,,,,,,
retrosheet/1908,1908,American League,,carlw101,Carlisle,Walter,,Boston,19080508,19080515,,,,,,,,,,,,,
retrosheet/1908,1908,American League,,carrb101,Carrigan,Bill,,Boston,19080416,19080825,,,,,,,,,,,,,
retrosheet/1908,1908,American League,,cartn101,Carter,Nick,,Philadelphia,19080414,19080608,,,,,,,,,,,,,
retrosheet/1908,1908,American League,,catee101,Cates,Eli,,Washington,19080420,19080929,,,,,,,,,,,,,
retrosheet/1908,1908,American League,,chash101,Chase,Hal,,New York,19080414,19080902,,,,,,,,,,,,,
retrosheet/1908,1908,American League,,checc101,Chech,Charlie,,Cleveland,19080425,19081005,,,,,,,,,,,,,
retrosheet/1908,1908,American League,,chesj101,Chesbro,Jack,,New York,19080417,19081001,,,,,,,,,,,,,
retrosheet/1908,1908,American League,,cicoe101,Cicotte,Eddie,,Boston,19080417,19081007,,,,,,,,,,,,,
retrosheet/1908,1908,American League,,clarj103,Clarke,Josh,,Cleveland,19080414,19081005,,,,,,,,,,,,,
retrosheet/1908,1908,American League,,clarn101,Clarke,Nig,,Cleveland,19080414,19081004,,,,,,,,,,,,,
retrosheet/1908,1908,American League,,clarw102,Clarkson,Walter,,Cleveland,19080422,19080428,,,,,,,,,,,,,
retrosheet/1908,1908,American League,,clymo101,Clymer,Otis,,Washington,19080414,19081007,,,,,,,,,,,,,
retrosheet/1908,1908,American League,,cobbt101,Cobb,Ty,,Detroit,19080414,19081014,,,,,,,,,,,,,
retrosheet/1908,1908,American League,,colle101,Collins,Eddie,,Philadelphia,19080425,19081007,,,,,,,,,,,,,
retrosheet/1908,1908,American League,,collj103,Collins,Jimmy,,Philadelphia,19080414,19080829,,,,,,,,,,,,,
retrosheet/1908,1908,American League,,conrw101,Conroy,Wid,,New York,19080414,19081003,,,,,,,,,,,,,
retrosheet/1908,1908,American League,,coomj101,Coombs,Jack,,Philadelphia,19080414,19081007,,,,,,,,,,,,,
retrosheet/1908,1908,American League,,cougb101,Coughlin,Bill,,Detroit,19080414,19081014,,,,,,,,,,,,,
retrosheet/1908,1908,American League,,cravg101,Cravath,Gavvy,,Boston,19080418,19081007,,,,,,,,,,,,,
retrosheet/1908,1908,American League,,craws101,Crawford,Sam,,Detroit,19080414,19081014,,,,,,,,,,,,,
retrosheet/1908,1908,American League,,creeb101,Cree,Birdie,,New York,19080917,19081008,,,,,,,,,,,,,
retrosheet/1908,1908,American League,,crigl101,Criger,Lou,,Boston,19080414,19081003,,,,,,,,,,,,,
retrosheet/1908,1908,American League,,crisd101,Criss,Dode,,St. Louis,19080420,19081005,,,,,,,,,,,,,
retrosheet/1908,1908,American League,,davih102,Davidson,Homer,,Cleveland,19080425,19080811,,,,,,,,,,,,,
retrosheet/1908,1908,American League,,davig102,Davis,George,,Chicago,19080416,19081006,,,,,,,,,,,,,
retrosheet/1908,1908,American League,,davih101,Davis,Harry,,Philadelphia,19080414,19081007,,,,,,,,,,,,,
retrosheet/1908,1908,American League,,delaf101,Delahanty,Frank,,New York,19080710,19080825,,,,,,,,,,,,,
retrosheet/1908,1908,American League,,delaj103,Delahanty,Jim,,Washington,19080414,19080929,,,,,,,,,,,,,
retrosheet/1908,1908,American League,,dinnb101,Dinneen,Bill,,St. Louis,19080428,19081005,,,,,,,,,,,,,
retrosheet/1908,1908,American League,,donaj103,Donahue,Jiggs,,Chicago,19080414,19081002,,,,,,,,,,,,,
retrosheet/1908,1908,American League,,donap101,Donahue,Pat,,Boston,19080529,19081007,,,,,,,,,,,,,
retrosheet/1908,1908,American League,,donob101,Donovan,Bill,,Detroit,19080414,19081014,,,,,,,,,,,,,
retrosheet/1908,1908,American League,,donom101,Donovan,Mike,,New York,19081005,19081008,,,,,,,,,,,,,
retrosheet/1908,1908,American League,,dougp102,Dougherty,Patsy,,Chicago,19080414,19081006,,,,,,,,,,,,,
retrosheet/1908,1908,American League,,downr101,Downs,Red,,Detroit,19080518,19081011,,,,,,,,,,,,,
retrosheet/1908,1908,American League,,doylj106,Doyle,Slow Joe,,New York,19080414,19080907,,,,,,,,,,,,,
retrosheet/1908,1908,American League,,dygej101,Dygert,Jimmy,,Philadelphia,19080418,19080909,,,,,,,,,,,,,
retrosheet/1908,1908,American League,,edmob101,Edmondson,Bob,,Washington,19080730,19081008,,,,,,,,,,,,,
retrosheet/1908,1908,American League,,eganb101,Egan,Ben,,Philadelphia,19080929,19080929,,,,,,,,,,,,,
retrosheet/1908,1908,American League,,elbek101,Elberfeld,Kid,,New York,19080414,19080701,,,,,,,,,,,,,
retrosheet/1908,1908,American League,,falkc101,Falkenberg,Cy,,Cleveland,19080725,19080905,,,,,,,,,,,,,
retrosheet/1908,1908,American League,,falkc101,Falkenberg,Cy,,Washington,19080417,19080720,,,,,,,,,,,,,
retrosheet/1908,1908,American League,,ferrh101,Ferris,Hobe,,St. Louis,19080414,19081002,,,,,,,,,,,,,
retrosheet/1908,1908,American League,,fienl101,Fiene,Lou,,Chicago,19080916,19080916,,,,,,,,,,,,,
retrosheet/1908,1908,American League,,filee101,Files,Eddie,,Philadelphia,19081003,19081007,,,,,,,,,,,,,
retrosheet/1908,1908,American League,,flatj101,Flater,Jack,,Philadelphia,19080918,19081003,,,,,,,,,,,,,
retrosheet/1908,1908,American League,,flice101,Flick,Elmer,,Cleveland,19080724,19080906,,,,,,,,,,,,,
retrosheet/1908,1908,American League,,foste102,Foster,Ed,,Cleveland,19080731,19081005,,,,,,,,,,,,,
retrosheet/1908,1908,American League,,fox-j101,Fox,Jack,,Philadelphia,19080602,19080623,,,,,,,,,,,,,
retrosheet/1908,1908,American League,,freej105,Freeman,Jerry,,Washington,19080414,19081008,,,,,,,,,,,,,
retrosheet/1908,1908,American League,,ganlb101,Ganley,Bob,,Washington,19080414,19081007,,,,,,,,,,,,,
retrosheet/1908,1908,American League,,garde101,Gardner,Earle,,New York,19080918,19081008,,,,,,,,,,,,,
retrosheet/1908,1908,American League,,gardl101,Gardner,Larry,,Boston,19080625,19080627,,,,,,,,,,,,,
retrosheet/1908,1908,American League,,gehrh101,Gehring,Hank,,Washington,19080418,19080513,,,,,,,,,,,,,
retrosheet/1908,1908,American League,,gessd101,Gessler,Doc,,Boston,19080414,19081003,,,,,,,,,,,,,
retrosheet/1908,1908,American League,,gladf101,Glade,Fred,,New York,19080424,19080621,,,,,,,,,,,,,
retrosheet/1908,1908,American League,,glazr101,Glaze,Ralph,,Boston,19080428,19080615,,,,,,,,,,,,,
retrosheet/1908,1908,American League,,goodw101,Good,Wilbur,,Cleveland,19080819,19081006,,,,,,,,,,,,,
retrosheet/1908,1908,American League,,grahb102,Grahame,Bill,,St. Louis,19080418,19080928,,,,,,,,,,,,,
retrosheet/1908,1908,American League,,granj104,Graney,Jack,,Cleveland,19080430,19080513,,,,,,,,,,,,,
retrosheet/1908,1908,American League,,hahne101,Hahn,Ed,,Chicago,19080414,19081006,,,,,,,,,,,,,
retrosheet/1908,1908,American League,,hartc103,Hartman,Charlie,,Boston,19080624,19080624,,,,,,,,,,,,,
retrosheet/1908,1908,American League,,hartt102,Hartsel,Topsy,,Philadelphia,19080414,19081007,,,,,,,,,,,,,
retrosheet/1908,1908,American League,,hartr102,Hartzell,Roy,,St. Louis,19080528,19081006,,,,,,,,,,,,,
retrosheet/1908,1908,American League,,heide101,Heidrick,Emmet,,St. Louis,19080819,19081006,,,,,,,,,,,,,
retrosheet/1908,1908,American League,,hempc101,Hemphill,Charlie,,New York,19080414,19081002,,,,,,,,,,,,,
retrosheet/1908,1908,American League,,hesso101,Hess,Otto,,Cleveland,19080529,19080702,,,,,,,,,,,,,
retrosheet/1908,1908,American League,,hickc101,Hickman,Charlie,,Cleveland,19080414,19080731,,,,,,,,,,,,,
retrosheet/1908,1908,American League,,hincb101,Hinchman,Bill,,Cleveland,19080414,19081006,,,,,,,,,,,,,
retrosheet/1908,1908,American League,,hoeyj101,Hoey,Jack,,Boston,19080915,19081007,,,,,,,,,,,,,
retrosheet/1908,1908,American League,,hoffd101,Hoffman,Danny,,St. Louis,19080414,19081006,,,,,,,,,,,,,
retrosheet/1908,1908,American League,,hoggb101,Hogg,Bill,,New York,19080526,19081002,,,,,,,,,,,,,
retrosheet/1908,1908,American League,,howeh101,Howell,Harry,,St. Louis,19080416,19081005,,,,,,,,,,,,,
retrosheet/1908,1908,American League,,hught103,Hughes,Tom,,Washington,19080416,19081006,,,,,,,,,,,,,
retrosheet/1908,1908,American League,,isbef101,Isbell,Frank,,Chicago,19080625,19081006,,,,,,,,,,,,,
retrosheet/1908,1908,American League,,jackj101,Jackson,Shoeless Joe,,Philadelphia,19080825,19080911,,,,,,,,,,,,,
retrosheet/1908,1908,American League,,johnw102,Johnson,Walter,,Washington,19080611,19081007,,,,,,,,,,,,,
retrosheet/1908,1908,American League,,jonec106,Jones,Charlie,,St. Louis,19080414,19080814,,,,,,,,,,,,,
retrosheet/1908,1908,American League,,joned104,Jones,Davy,,Detroit,19080424,19081013,,,,,,,,,,,,,
retrosheet/1908,1908,American League,,jonef102,Jones,Fielder,,Chicago,19080414,19081006,,,,,,,,,,,,,
retrosheet/1908,1908,American League,,jonet103,Jones,Tom,,St. Louis,19080414,19081006,,,,,,,,,,,,,
retrosheet/1908,1908,American League,,jossa101,Joss,Addie,,Cleveland,19080414,19081004,,,,,,,,,,,,,
retrosheet/1908,1908,American League,,kahom101,Kahoe,Mike,,Washington,19080421,19080929,,,,,,,,,,,,,
retrosheet/1908,1908,American League,,keelw101,Keeler,Willie,,New York,19080414,19080828,,,,,,,,,,,,,
retrosheet/1908,1908,American League,,keelb102,Keeley,Burt,,Washington,19080418,19081008,,,,,,,,,,,,,
retrosheet/1908,1908,American League,,kella102,Kellogg,Al,,Philadelphia,19080925,19081003,,,,,,,,,,,,,
retrosheet/1908,1908,American League,,killr101,Killefer,Red,,Detroit,19080513,19080922,,,,,,,,,,,,,
retrosheet/1908,1908,American League,,kille101,Killian,Ed,,Detroit,19080421,19081010,,,,,,,,,,,,,
retrosheet/1908,1908,American League,,kleir101,Kleinow,Red,,New York,19080414,19081003,,,,,,,,,,,,,
retrosheet/1908,1908,American League,,krauh101,Krause,Harry,,Philadelphia,19080420,19080612,,,,,,,,,,,,,
retrosheet/1908,1908,American League,,lapof101,LaPorte,Frank,,Boston,19080414,19080815,,,,,,,,,,,,,
retrosheet/1908,1908,American League,,lapof101,LaPorte,Frank,,New York,19080819,19081008,,,,,,,,,,,,,
retrosheet/1908,1908,American League,,lajon101,Lajoie,Nap,,Cleveland,19080414,19081006,,,,,,,,,,,,,
retrosheet/1908,1908,American League,,lakej101,Lake,Joe,,New York,19080421,19081008,,,,,,,,,,,,,
retrosheet/1908,1908,American League,,landg101,Land,Grover,,Cleveland,19080902,19081006,,,,,,,,,,,,,
retrosheet/1908,1908,American League,,lappj101,Lapp,Jack,,Philadelphia,19080911,19081005,,,,,,,,,,,,,
retrosheet/1908,1908,American League,,lattb101,Lattimore,Bill,,Cleveland,19080417,19080528,,,,,,,,,,,,,
retrosheet/1908,1908,American League,,liebg101,Liebhardt,Glenn,,Cleveland,19080416,19081005,,,,,,,,,,,,,
retrosheet/1908,1908,American League,,lordh101,Lord,Harry,,Boston,19080414,19081007,,,,,,,,,,,,,
retrosheet/1908,1908,American League,,mallh101,Malloy,Herm,,Detroit,19080420,19080601,,,,,,,,,,,,,
retrosheet/1908,1908,American League,,mannr101,Manning,Rube,,New York,19080423,19081005,,,,,,,,,,,,,
retrosheet/1908,1908,American League,,manum101,Manuel,Moxie,,Chicago,19080601,19080914,,,,,,,,,,,,,
retrosheet/1908,1908,American League,,manuf101,Manush,Frank,,Philadelphia,19080831,19081002,,,,,,,,,,,,,
retrosheet/1908,1908,American League,,martd101,Martin,Doc,,Philadelphia,19081007,19081007,,,,,,,,,,,,,
retrosheet/1908,1908,American League,,maxwb101,Maxwell,Bert,,Philadelphia,19080420,19080717,,,,,,,,,,,,,
retrosheet/1908,1908,American League,,mcbrg101,McBride,George,,Washington,19080414,19081008,,,,,,,,,,,,,
retrosheet/1908,1908,American League,,mccoa101,McConnell,Amby,,Boston,19080417,19081007,,,,,,,,,,,,,
retrosheet/1908,1908,American League,,mcfae101,McFarland,Ed,,Boston,19080519,19080626,,,,,,,,,,,,,
retrosheet/1908,1908,American League,,mcgud101,McGuire,Deacon,,Boston,19080824,19080824,,,,,,,,,,,,,
retrosheet/1908,1908,American League,,mcgud101,McGuire,Deacon,,Cleveland,19081006,19081006,,,,,,,,,,,,,
researchers/blau,1908,American League,,HTFJVYR,McHale,Jim,,Boston,,,,,,,,,,,,,,,
retrosheet/1908,1908,American League,,mchaj102,McHale,Jim,,Boston,19080414,19080707,,,,,,,,,,,,,
retrosheet/1908,1908,American League,,mcili101,McIlveen,Irish,,New York,19080814,19081001,,,,,,,,,,,,,
retrosheet/1908,1908,American League,,mcinm101,McIntyre,Matty,,Detroit,19080414,19081014,,,,,,,,,,,,,
retrosheet/1908,1908,American League,,mcmad101,McMahon,Doc,,Boston,19081006,19081006,,,,,,,,,,,,,
retrosheet/1908,1908,American League,,milac101,Milan,Clyde,,Washington,19080416,19081008,,,,,,,,,,,,,
retrosheet/1908,1908,American League,,morah101,Moran,Herbie,,Philadelphia,19080416,19080601,,,,,,,,,,,,,
retrosheet/1908,1908,American League,,morgc102,Morgan,Cy,,Boston,19080416,19081007,,,,,,,,,,,,,
retrosheet/1908,1908,American League,,morig101,Moriarty,George,,New York,19080423,19081008,,,,,,,,,,,,,
retrosheet/1908,1908,American League,,mullg102,Mullin,George,,Detroit,19080414,19081012,,,,,,,,,,,,,
retrosheet/1908,1908,American League,,murpd106,Murphy,Danny,,Philadelphia,19080414,19081007,,,,,,,,,,,,,
retrosheet/1908,1908,American League,,nelsa101,Nelson,Andy,,Chicago,19080526,19080606,,,,,,,,,,,,,
retrosheet/1908,1908,American League,,newtd101,Newton,Doc,,New York,19080416,19080721,,,,,,,,,,,,,
retrosheet/1908,1908,American League,,nichs101,Nicholls,Simon,,Philadelphia,19080414,19081007,,,,,,,,,,,,,
retrosheet/1908,1908,American League,,nileh101,Niles,Harry,,Boston,19080822,19081007,,,,,,,,,,,,,
retrosheet/1908,1908,American League,,nileh101,Niles,Harry,,New York,19080414,19080815,,,,,,,,,,,,,
retrosheet/1908,1908,American League,,nillr101,Nill,Rabbit,,Cleveland,19080420,19080622,,,,,,,,,,,,,
retrosheet/1908,1908,American League,,ocona101,O'Connor,Andy,,New York,19081006,19081006,,,,,,,,,,,,,
retrosheet/1908,1908,American League,,oleac101,O'Leary,Charley,,Detroit,19080414,19081014,,,,,,,,,,,,,
retrosheet/1908,1908,American League,,orouq101,O'Rourke,Queenie,,New York,19080815,19081008,,,,,,,,,,,,,
retrosheet/1908,1908,American League,,oldrr101,Oldring,Rube,,Philadelphia,19080414,19081007,,,,,,,,,,,,,
retrosheet/1908,1908,American League,,olmsf101,Olmstead,Fred,,Chicago,19080702,19080702,,,,,,,,,,,,,
retrosheet/1908,1908,American League,,ortha101,Orth,Al,,New York,19080417,19080821,,,,,,,,,,,,,
retrosheet/1908,1908,American League,,ostdh101,Ostdiek,Harry,,Boston,19081007,19081007,,,,,,,,,,,,,
retrosheet/1908,1908,American League,,owenf102,Owen,Frank,,Chicago,19080417,19080914,,,,,,,,,,,,,
retrosheet/1908,1908,American League,,paref101,Parent,Freddy,,Chicago,19080414,19081006,,,,,,,,,,,,,
retrosheet/1908,1908,American League,,pattc101,Patten,Casey,,Boston,19080618,19080618,,,,,,,,,,,,,
retrosheet/1908,1908,American League,,pattc101,Patten,Casey,,Washington,19080421,19080530,,,,,,,,,,,,,
retrosheet/1908,1908,American League,,paynf101,Payne,Fred,,Detroit,19080421,19080918,,,,,,,,,,,,,
retrosheet/1908,1908,American League,,peltb101,Pelty,Barney,,St. Louis,19080414,19081006,,,,,,,,,,,,,
retrosheet/1908,1908,American League,,perrg102,Perring,George,,Cleveland,19080425,19081005,,,,,,,,,,,,,
retrosheet/1908,1908,American League,,perrc101,Perry,Clay,,Detroit,19080902,19080913,,,,,,,,,,,,,
retrosheet/1908,1908,American League,,picko101,Pickering,Ollie,,Washington,19080414,19081008,,,,,,,,,,,,,
retrosheet/1908,1908,American League,,plane101,Plank,Eddie,,Philadelphia,19080422,19081007,,,,,,,,,,,,,
retrosheet/1908,1908,American League,,powej105,Powell,Jack,,St. Louis,19080425,19081003,,,,,,,,,,,,,
retrosheet/1908,1908,American League,,powem102,Powers,Doc,,Philadelphia,19080422,19081007,,,,,,,,,,,,,
retrosheet/1908,1908,American League,,pruit101,Pruiett,Tex,,Boston,19080417,19080718,,,,,,,,,,,,,
retrosheet/1908,1908,American League,,purtb101,Purtell,Billy,,Chicago,19080416,19080928,,,,,,,,,,,,,
retrosheet/1908,1908,American League,,rhoab101,Rhoads,Bob,,Cleveland,19080420,19081004,,,,,,,,,,,,,
retrosheet/1908,1908,American League,,rossc101,Rossman,Claude,,Detroit,19080414,19081014,,,,,,,,,,,,,
retrosheet/1908,1908,American League,,ryanj102,Ryan,Jack,,Cleveland,19080702,19081006,,,,,,,,,,,,,
retrosheet/1908,1908,American League,,salvg101,Salve,Gus,,Philadelphia,19080904,19080914,,,,,,,,,,,,,
retrosheet/1908,1908,American League,,schag101,Schaefer,Germany,,Detroit,19080414,19081014,,,,,,,,,,,,,
retrosheet/1908,1908,American League,,schlb101,Schlitzer,Biff,,Philadelphia,19080417,19081002,,,,,,,,,,,,,
retrosheet/1908,1908,American League,,schmb102,Schmidt,Boss,,Detroit,19080416,19081014,,,,,,,,,,,,,
retrosheet/1908,1908,American League,,schro101,Schrecongost,Osee,,Chicago,19080926,19081002,,,,,,,,,,,,,
retrosheet/1908,1908,American League,,schro101,Schrecongost,Osee,,Philadelphia,19080416,19080909,,,,,,,,,,,,,
retrosheet/1908,1908,American League,,schwa102,Schweitzer,Al,,St. Louis,19080430,19081006,,,,,,,,,,,,,
retrosheet/1908,1908,American League,,seybs101,Seybold,Socks,,Philadelphia,19080523,19081007,,,,,,,,,,,,,
retrosheet/1908,1908,American League,,shaus101,Shaughnessy,Shag,,Philadelphia,19080608,19080622,,,,,,,,,,,,,
retrosheet/1908,1908,American League,,shawa101,Shaw,Al,,Chicago,19080420,19081002,,,,,,,,,,,,,
retrosheet/1908,1908,American League,,shipb101,Shipke,Bill,,Washington,19080414,19081008,,,,,,,,,,,,,
retrosheet/1908,1908,American League,,sieve101,Siever,Ed,,Detroit,19080414,19080618,,,,,,,,,,,,,
retrosheet/1908,1908,American League,,smitc107,Smith,Charlie,,Washington,19080414,19081005,,,,,,,,,,,,,
retrosheet/1908,1908,American League,,smitf106,Smith,Frank,,Chicago,19080416,19081006,,,,,,,,,,,,,
retrosheet/1908,1908,American League,,smits101,Smith,Syd,,Philadelphia,19080414,19080731,,,,,,,,,,,,,
retrosheet/1908,1908,American League,,smits101,Smith,Syd,,St. Louis,19080810,19081006,,,,,,,,,,,,,
retrosheet/1908,1908,American League,,speat101,Speaker,Tris,,Boston,19080907,19081007,,,,,,,,,,,,,
retrosheet/1908,1908,American League,,spent101,Spencer,Tubby,,St. Louis,19080416,19081005,,,,,,,,,,,,,
retrosheet/1908,1908,American League,,stahj101,Stahl,Jake,,Boston,19080713,19081007,,,,,,,,,,,,,
retrosheet/1908,1908,American League,,stahj101,Stahl,Jake,,New York,19080414,19080710,,,,,,,,,,,,,
retrosheet/1908,1908,American League,,steee101,Steele,Elmer,,Boston,19080723,19081003,,,,,,,,,,,,,
retrosheet/1908,1908,American League,,stepj104,Stephens,Jim,,St. Louis,19080414,19081005,,,,,,,,,,,,,
retrosheet/1908,1908,American League,,stong101,Stone,George,,St. Louis,19080414,19081005,,,,,,,,,,,,,
retrosheet/1908,1908,American League,,stovg101,Stovall,George,,Cleveland,19080414,19081006,,,,,,,,,,,,,
retrosheet/1908,1908,American League,,streg101,Street,Gabby,,Washington,19080414,19081008,,,,,,,,,,,,,
retrosheet/1908,1908,American League,,strua102,Strunk,Amos,,Philadelphia,19080924,19081006,,,,,,,,,,,,,
retrosheet/1908,1908,American League,,suggg101,Suggs,George,,Detroit,19080421,19081004,,,,,,,,,,,,,
retrosheet/1908,1908,American League,,sullb102,Sullivan,Billy,,Chicago,19080414,19081006,,,,,,,,,,,,,
retrosheet/1908,1908,American League,,sulld101,Sullivan,Denny,,Boston,19080417,19080919,,,,,,,,,,,,,
retrosheet/1908,1908,American League,,sulld101,Sullivan,Denny,,Cleveland,19080924,19081006,,,,,,,,,,,,,
retrosheet/1908,1908,American League,,summe101,Summers,Ed,,Detroit,19080416,19081013,,,,,,,,,,,,,
retrosheet/1908,1908,American League,,sweej102,Sweeney,Jeff,,New York,19080516,19081008,,,,,,,,,,,,,
retrosheet/1908,1908,American League,,tannj101,Tannehill,Jesse,,Boston,19080530,19080530,,,,,,,,,,,,,
retrosheet/1908,1908,American League,,tannj101,Tannehill,Jesse,,Washington,19080603,19080930,,,,,,,,,,,,,
retrosheet/1908,1908,American League,,tannl101,Tannehill,Lee,,Chicago,19080414,19081006,,,,,,,,,,,,,
retrosheet/1908,1908,American League,,thiej102,Thielman,Jake,,Boston,19080809,19080809,,,,,,,,,,,,,
retrosheet/1908,1908,American League,,thiej102,Thielman,Jake,,Cleveland,19080510,19080720,,,,,,,,,,,,,
retrosheet/1908,1908,American League,,thomi101,Thomas,Ira,,Detroit,19080414,19081012,,,,,,,,,,,,,
retrosheet/1908,1908,American League,,thonj101,Thoney,Jack,,Boston,19080414,19080919,,,,,,,,,,,,,
retrosheet/1908,1908,American League,,turnt105,Turner,Terry,,Cleveland,19080414,19080911,,,,,,,,,,,,,
retrosheet/1908,1908,American League,,unglb101,Unglaub,Bob,,Boston,19080414,19080710,,,,,,,,,,,,,
retrosheet/1908,1908,American League,,unglb101,Unglaub,Bob,,Washington,19080717,19081008,,,,,,,,,,,,,
retrosheet/1908,1908,American League,,vaugh101,Vaughn,Hippo,,New York,19080619,19080703,,,,,,,,,,,,,
retrosheet/1908,1908,American League,,vickr101,Vickers,Rube,,Philadelphia,19080416,19081006,,,,,,,,,,,,,
retrosheet/1908,1908,American League,,waddr101,Waddell,Rube,,St. Louis,19080417,19081002,,,,,,,,,,,,,
retrosheet/1908,1908,American League,,wagnh103,Wagner,Heinie,,Boston,19080414,19081007,,,,,,,,,,,,,
retrosheet/1908,1908,American League,,wallb101,Wallace,Bobby,,St. Louis,19080414,19081005,,,,,,,,,,,,,
retrosheet/1908,1908,American League,,walse101,Walsh,Ed,,Chicago,19080417,19081006,,,,,,,,,,,,,
retrosheet/1908,1908,American League,,warhj101,Warhop,Jack,,New York,19080919,19081007,,,,,,,,,,,,,
retrosheet/1908,1908,American League,,warnj103,Warner,Jack,,Washington,19080418,19080930,,,,,,,,,,,,,
retrosheet/1908,1908,American League,,weava101,Weaver,Art,,Chicago,19080606,19080907,,,,,,,,,,,,,
retrosheet/1908,1908,American League,,whitd104,White,Doc,,Chicago,19080414,19081006,,,,,,,,,,,,,
retrosheet/1908,1908,American League,,wille103,Willett,Ed,,Detroit,19080414,19080929,,,,,,,,,,,,,
retrosheet/1908,1908,American League,,willj106,Williams,Jimmy,,St. Louis,19080414,19081006,,,,,,,,,,,,,
retrosheet/1908,1908,American League,,wilsp101,Wilson,Pete,,New York,19080915,19081007,,,,,,,,,,,,,
retrosheet/1908,1908,American League,,wintg101,Winter,George,,Boston,19080418,19080718,,,,,,,,,,,,,
retrosheet/1908,1908,American League,,wintg101,Winter,George,,Detroit,19080808,19081013,,,,,,,,,,,,,
retrosheet/1908,1908,American League,,withr101,Witherup,Roy,,Washington,19080919,19081007,,,,,,,,,,,,,
retrosheet/1908,1908,American League,,woodj108,Wood,Smoky Joe,,Boston,19080824,19081003,,,,,,,,,,,,,
retrosheet/1908,1908,American League,,yeagj101,Yeager,Joe,,St. Louis,19080423,19080929,,,,,,,,,,,,,
retrosheet/1908,1908,American League,,younc102,Young,Cy,,Boston,19080414,19081003,,,,,,,,,,,,,
