source,league.year,league.name,ident,person.ref,person.name.last,person.name.given,S_STINT,entry.name,S_FIRST,S_LAST,B_G,P_G,pos
minoraverages/Howard,1908,Union Association,andre,B00013,Andre,,0,Paterson,,,,,
minoraverages/Howard,1908,Union Association,atherton,B00021,Atherton,Charles M. H.*,0,Washington,,,,,
minoraverages/Howard,1908,Union Association,barry,B00037,Barry,,0,Brooklyn,,,,,
minoraverages/Howard,1908,Union Association,beard,B00045,Beard,"James A. ""Jimmy""",0,Baltimore,,,,,
minoraverages/Howard,1908,Union Association,beihl,B00059,Beihl,"Joseph E. ""Joe""",0,Elizabeth,,,,,
minoraverages/Howard,1908,Union Association,betcher,B00068,Betcher,"Franklin L. ""Frank""*",1,Philadelphia,,,,,
minoraverages/Howard,1908,Union Association,betcher,B00068,Betcher,"Franklin L. ""Frank""*",2,Baltimore,,,,,
minoraverages/Howard,1908,Union Association,betcher,B00068,Betcher,"Franklin L. ""Frank""*",T,,,,,,
minoraverages/Howard,1908,Union Association,boice,B00076,Boice,George W.,0,Elizabeth,,,,,
minoraverages/Howard,1908,Union Association,borden,B00084,Borden,,0,Washington,,,,,
minoraverages/Howard,1908,Union Association,brent,B00092,Brent,"Milford Myer ""Myer""",0,Paterson,,,,,
minoraverages/Howard,1908,Union Association,brewer,B00101,Brewer,,0,Brooklyn,,,,,
minoraverages/Howard,1908,Union Association,burke-was,B00117,Burke,Tom,0,Washington,,,,,
minoraverages/Howard,1908,Union Association,burke-all,B00125,Burke,W.,0,Allentown,,,,,
minoraverages/Howard,1908,Union Association,bussey,B00130,Bussey,Harvey L.,0,Wilmington,,,,,
minoraverages/Howard,1908,Union Association,cadwaller,B00149,Cadwaller,,0,Elizabeth,,,,,
minoraverages/Howard,1908,Union Association,cariss,B00158,Cariss,Dr. Walter Linfoot,0,Wilmington,,,,,
minoraverages/Howard,1908,Union Association,cassidy,B00163,Cassidy,(Pete?),0,Allentown,,,,,
minoraverages/Howard,1908,Union Association,childs,B00174,Childs,"Peter P. ""Pete""*",1,Paterson,,,,,
minoraverages/Howard,1908,Union Association,childs,B00174,Childs,"Peter P. ""Pete""*",2,Philadelphia,,,,,
minoraverages/Howard,1908,Union Association,childs,B00174,Childs,"Peter P. ""Pete""*",T,,,,,,
minoraverages/Howard,1908,Union Association,clark,B00182,Clark,William W.,0,Washington,,,,,
minoraverages/Howard,1908,Union Association,clayton,B00196,Clayton,Harry D.,0,Paterson,,,,,
minoraverages/Howard,1908,Union Association,clements,B00207,Clements,,0,Washington,,,,,
minoraverages/Howard,1908,Union Association,conavery,B00210,Conavery,J. E.,0,Washington,,,,,
minoraverages/Howard,1908,Union Association,conly,B00229,Conly,,0,Philadelphia,,,,,
minoraverages/Howard,1908,Union Association,connors,B00232,Connors,"Edward J. ""Ed""",0,Washington,,,,,
minoraverages/Howard,1908,Union Association,cotter,B00241,Cotter,,0,Reading,,,,,
minoraverages/Howard,1908,Union Association,courtney,B00255,Courtney,,0,Brooklyn,,,,,
minoraverages/Howard,1908,Union Association,coveleski,B00264,Coveleski,Frank,0,Philadelphia,,,,,
minoraverages/Howard,1908,Union Association,cox,B00278,Cox,,0,Paterson,,,,,
minoraverages/Howard,1908,Union Association,cuddy,B00286,Cuddy,"Joseph S. ""Joe""",0,Brooklyn,,,,,
minoraverages/Howard,1908,Union Association,danford,B00293,Danford,L. B. Danny,0,Reading,,,,,
minoraverages/Howard,1908,Union Association,davis,B00308,Davis,"""Lefty""",0,Brooklyn,,,,,
minoraverages/Howard,1908,Union Association,dechert,B00319,Dechert,Otto,0,Brooklyn,,,,,
minoraverages/Howard,1908,Union Association,demay,B00324,Demay,,0,Brooklyn,,,,,
minoraverages/Howard,1908,Union Association,dempfel,B00335,Dempfel,"Robert ""Bob""",0,Philadelphia,,,,,
minoraverages/Howard,1908,Union Association,deverau,B00343,Devereau,,0,Paterson,,,,,
minoraverages/Howard,1908,Union Association,donovan,B00356,Donovan,,0,Washington,,,,,
minoraverages/Howard,1908,Union Association,dowd,B00362,Dowd,,0,Brooklyn,,,,,
minoraverages/Howard,1908,Union Association,dwyer,B00370,Dwyer,,0,Paterson,,,,,
minoraverages/Howard,1908,Union Association,eastley,B00381,Eastley,"Frank H. ""Pat""",0,Reading,,,,,
minoraverages/Howard,1908,Union Association,edgar,B00397,Edgar,"Jacob Ralph ""Red""",0,Reading,,,,,
minoraverages/Howard,1908,Union Association,essler,B00403,Essler,Elmer Edward,0,Philadelphia,,,,,
minoraverages/Howard,1908,Union Association,fallon,B00416,Fallon,,0,Philadelphia,,,,,
minoraverages/Howard,1908,Union Association,fish,B00427,Fish,,0,Paterson,,,,,
minoraverages/Howard,1908,Union Association,foster.f,B00434,Foster,F.,0,Philadelphia,,,,,
minoraverages/Howard,1908,Union Association,foster.e,B00442,Foster,E. - form Roch,0,Philadelphia,,,,,
minoraverages/Howard,1908,Union Association,gaiser,B00450,Gaiser,"Frederick J. ""Fritz""*",0,Elizabeth,,,,,
minoraverages/Howard,1908,Union Association,gery,B00469,Gery,,0,Brooklyn,,,,,
minoraverages/Howard,1908,Union Association,gilbert,B00475,Gilbert,"John R. ""Jack""*",0,Washington,,,,,
minoraverages/Howard,1908,Union Association,goldstein,B00488,Goldstein,Sid,0,Philadelphia,,,,,
minoraverages/Howard,1908,Union Association,gray,B00491,Gray,,0,Paterson,,,,,
minoraverages/Howard,1908,Union Association,hagen,B00502,Hagen,"""Kid""",0,Baltimore,,,,,
minoraverages/Howard,1908,Union Association,hahn,B00515,Hahn,,0,Elizabeth,,,,,
minoraverages/Howard,1908,Union Association,harbusch,B00528,Harbusch,George,0,Brooklyn,,,,,
minoraverages/Howard,1908,Union Association,hargraves,B00531,Hargraves,,0,Washington,,,,,
minoraverages/Howard,1908,Union Association,harrison,B00544,Harrison,,0,Allentown,,,,,
minoraverages/Howard,1908,Union Association,hartman-rea,B00553,Hartman,"Francis A. ""Hartie""",0,Reading,,,,,
minoraverages/Howard,1908,Union Association,hartman-all,B00566,Hartman,(Louis?),0,Allentown,,,,,
minoraverages/Howard,1908,Union Association,henderson,B00577,Henderson,Ed.,0,Paterson,,,,,
minoraverages/Howard,1908,Union Association,hicky,B00589,Hicky,,0,Elizabeth,,,,,
minoraverages/Howard,1908,Union Association,hilley,B00590,Hilley,,0,Allentown,,,,,
minoraverages/Howard,1908,Union Association,hillig,B00609,Hillig,,0,Washington,,,,,
minoraverages/Howard,1908,Union Association,hoblitzell,B00614,Hoblitzell,"Richard C. ""Dick""*",0,Reading,,,,,
minoraverages/Howard,1908,Union Association,holmes,B00623,Holmes,,0,Allentown,,,,,
minoraverages/Howard,1908,Union Association,hoover,B00638,Hoover,"Frederick E. ""Fred""",0,Wilmington,,,,,
minoraverages/Howard,1908,Union Association,hughes,B00646,Hughes,"William ""Del""",0,Reading,,,,,
minoraverages/Howard,1908,Union Association,irwin,M90094,Irwin,Arthur A.*,,Washington,,,,,
minoraverages/Howard,1908,Union Association,jacoby,B00651,Jacoby,,0,Philadelphia,,,,,
minoraverages/Howard,1908,Union Association,johnson,B00667,Johnson,,0,Wilmington,,,,,
minoraverages/Howard,1908,Union Association,jones-rea,B00672,Jones,"Alexander H. ""Alex""*",0,Reading,,,,,
minoraverages/Howard,1908,Union Association,jones-bal,B00680,Jones,,0,Baltimore,,,,,
minoraverages/Howard,1908,Union Association,kane-phi,B00695,Kane,,0,Philadelphia,,,,,
minoraverages/Howard,1908,Union Association,kane-was,B00705,Kane,,0,Washington,,,,,
minoraverages/Howard,1908,Union Association,karfas,B00718,Karfas/Kurfoss,,0,Elizabeth,,,,,
minoraverages/Howard,1908,Union Association,kauffman,B00726,Kauffman,,0,Washington,,,,,
minoraverages/Howard,1908,Union Association,kennedy-bal,B00739,Kennedy,"Samuel J. ""Sam""",0,Baltimore,,,,,
minoraverages/Howard,1908,Union Association,kennedy-bro,B00747,Kennedy,,0,Brooklyn,,,,,
minoraverages/Howard,1908,Union Association,kennedy-bal,M90026,Kennedy,"Samuel J. ""Sam""",,Baltimore,,,,,
minoraverages/Howard,1908,Union Association,kerr,B00752,Kerr,,0,Allentown,,,,,
minoraverages/Howard,1908,Union Association,king,B00760,King,Frank J.,0,Elizabeth,,,,,
minoraverages/Howard,1908,Union Association,kite,B00771,Kite,"Albert H. ""Bert""",0,Paterson,,,,,
minoraverages/Howard,1908,Union Association,knox,B00783,Knox,,0,Elizabeth,,,,,
minoraverages/Howard,1908,Union Association,koenig,B00794,Koenig,,0,Philadelphia,,,,,
minoraverages/Howard,1908,Union Association,krier,B00806,Krier,,0,Philadelphia,,,,,
minoraverages/Howard,1908,Union Association,lallier,B00811,Lallier,William Joseph,0,Reading,,,,,
minoraverages/Howard,1908,Union Association,landgraf,M90071,Landgraf,"Ernest C. ""Duke""",,Philadelphia,,,,,
minoraverages/Howard,1908,Union Association,lennox-eli,B00822,Lennox,,0,Elizabeth,,,,,
minoraverages/Howard,1908,Union Association,lennox-all,B00833,Lennox,,0,Allentown,,,,,
minoraverages/Howard,1908,Union Association,leonard,B00840,Leonard,,0,Brooklyn,,,,,
minoraverages/Howard,1908,Union Association,levy,B00854,Levy,Harry,0,Brooklyn,,,,,
minoraverages/Howard,1908,Union Association,liggins,B00865,Liggins,,0,Allentown,,,,,
minoraverages/Howard,1908,Union Association,lindaman,B00879,Lindaman,,0,Brooklyn,,,,,
minoraverages/Howard,1908,Union Association,lloyd,B00887,Lloyd,,0,Brooklyn,,,,,
minoraverages/Howard,1908,Union Association,long,B00898,Long,,0,Brooklyn,,,,,
minoraverages/Howard,1908,Union Association,longstreet,B00904,Longstreet,,0,Washington,,,,,
minoraverages/Howard,1908,Union Association,lucane,B00912,Lucane,,0,Paterson,,,,,
minoraverages/Howard,1908,Union Association,lucas,B00920,Lucas,,0,Paterson,,,,,
minoraverages/Howard,1908,Union Association,luskey,B00936,Luskey,Charles M.*,0,Baltimore,,,,,
minoraverages/Howard,1908,Union Association,luyster,B00948,Luyster,"William ""Bill""",0,Elizabeth,,,,,
minoraverages/Howard,1908,Union Association,lynch,B00957,Lynch,,0,Washington,,,,,
minoraverages/Howard,1908,Union Association,macdonald,B00961,MacDonald,"Malcomb ""Malc""*",0,Philadelphia,,,,,
minoraverages/Howard,1908,Union Association,maclatchie,B00973,MacLatchie,"Robert W. ""Bob""",0,Philadelphia,,,,,
minoraverages/Howard,1908,Union Association,magee,B00985,Magee,,0,Brooklyn,,,,,
minoraverages/Howard,1908,Union Association,maher,B00999,Maher,"Thomas F. ""Tom""*",0,Baltimore,,,,,
minoraverages/Howard,1908,Union Association,malee,B01007,Malee,,0,Wilmington,,,,,
minoraverages/Howard,1908,Union Association,manner,B01010,Manner,Henry J.,0,Baltimore,,,,,
minoraverages/Howard,1908,Union Association,masterson,B01029,Masterson,,0,Allentown,,,,,
minoraverages/Howard,1908,Union Association,maurer,B01032,Maurer,,0,Allentown,,,,,
minoraverages/Howard,1908,Union Association,may,B01041,May,Joe,0,Brooklyn,,,,,
minoraverages/Howard,1908,Union Association,mccann,B01055,McCann,"H. Eugene ""Gene""*",0,Paterson,,,,,
minoraverages/Howard,1908,Union Association,mccann,M90052,McCann,"H. Eugene ""Gene""*",,Paterson,,,,,
minoraverages/Howard,1908,Union Association,mccauley,B01064,McCauley,"Patrick F. ""Pat""*",0,Wilmington,,,,,
minoraverages/Howard,1908,Union Association,mccormick,B01078,McCormick,,0,Paterson,,,,,
minoraverages/Howard,1908,Union Association,mccreight,B01086,McCreight,"John B. ""Stubby""",0,Wilmington,,,,,
minoraverages/Howard,1908,Union Association,mcdermott,B01093,McDermott,Frank R.,0,Washington,,,,,
minoraverages/Howard,1908,Union Association,mchale,B01108,McHale,Frank C.,0,Washington,,,,,
minoraverages/Howard,1908,Union Association,mckay,B01119,McKay,,0,Allentown,,,,,
minoraverages/Howard,1908,Union Association,mckinnon,M90018,McKinnon,Hugh,,Allentown,,,,,
minoraverages/Howard,1908,Union Association,mclean,B01124,McLean,,0,Paterson,,,,,
minoraverages/Howard,1908,Union Association,meyerrose,M90039,Meyerrose,,,Brooklyn,,,,,
minoraverages/Howard,1908,Union Association,middleton,B01135,Middleton,"""Pop""",0,Allentown,,,,,
minoraverages/Howard,1908,Union Association,miller-rea,B01143,Miller,"Frank A. ""Kohly""*",0,Reading,,,,,
minoraverages/Howard,1908,Union Association,miller-was,B01156,Miller,J.,0,Washington,,,,,
minoraverages/Howard,1908,Union Association,miller-eli,B01162,Miller,D.,0,Elizabeth,,,,,
minoraverages/Howard,1908,Union Association,molina,B01170,Molina,Augustine???,0,Brooklyn,,,,,
minoraverages/Howard,1908,Union Association,mulaney,B01181,Mulaney,,0,Baltimore,,,,,
minoraverages/Howard,1908,Union Association,murphy,B01197,Murphy,"Partrick H. ""Pat""",0,Philadelphia,,,,,
minoraverages/Howard,1908,Union Association,murray-bro,B01203,Murray,"James J. ""Jimmy""",0,Brooklyn,,,,,
minoraverages/Howard,1908,Union Association,murray-was,B01216,Murray,Willie,0,Washington,,,,,
minoraverages/Howard,1908,Union Association,murray-phi,B01227,Murray,,0,Philadelphia,,,,,
minoraverages/Howard,1908,Union Association,nallin,B01234,Nallin,"Richard F. ""Dick""",0,Reading,,,,,
minoraverages/Howard,1908,Union Association,nascbold,B01242,Nascbold,,0,Philadelphia,,,,,
minoraverages/Howard,1908,Union Association,neillin,B01250,Neillin,,0,Philadelphia,,,,,
minoraverages/Howard,1908,Union Association,neubeck,M90047,Neubeck,Adam,,Elizabeth,,,,,
minoraverages/Howard,1908,Union Association,nichols,B01269,Nichols,,0,Philadelphia,,,,,
minoraverages/Howard,1908,Union Association,nickerson,M90107,Nickerson,W. J.,,Wilmington,,,,,
minoraverages/Howard,1908,Union Association,nops,B01275,Nops,"Jeremiah H. ""Jerry""*",1,Elizabeth,,,,,
minoraverages/Howard,1908,Union Association,nops,B01275,Nops,"Jeremiah H. ""Jerry""*",2,Brooklyn,,,,,
minoraverages/Howard,1908,Union Association,nops,B01275,Nops,"Jeremiah H. ""Jerry""*",T,,,,,,
minoraverages/Howard,1908,Union Association,obrien-pat,B01288,O'Brien,"Thomas J. ""Buck""*",0,Paterson,,,,,
minoraverages/Howard,1908,Union Association,obrien-phi,B01291,O'Brien,,0,Philadelphia,,,,,
minoraverages/Howard,1908,Union Association,phalen,B01300,Phalen,George,0,Washington,,,,,
minoraverages/Howard,1908,Union Association,pickering,B01313,Pickering,Arthur,0,Paterson,,,,,
minoraverages/Howard,1908,Union Association,piez,B01321,Piez,Walter Henry,0,Baltimore,,,,,
minoraverages/Howard,1908,Union Association,porter,B01337,Porter,Homer,0,Philadelphia,,,,,
minoraverages/Howard,1908,Union Association,powell,B01345,Powell,,0,Baltimore,,,,,
minoraverages/Howard,1908,Union Association,powers,B01359,Powers,,0,Paterson,,,,,
minoraverages/Howard,1908,Union Association,ramsey,B01368,Ramsey,(Geo. Buck?),0,Philadelphia,,,,,
minoraverages/Howard,1908,Union Association,reischman,B01376,Reischman,John Peter,0,Brooklyn,,,,,
minoraverages/Howard,1908,Union Association,reisling,B01384,Reisling,"Frank C. ""Doc""*",0,Reading,,,,,
minoraverages/Howard,1908,Union Association,reisling,M90083,Reisling,"Frank C. ""Doc""*",,Reading,,,,,
minoraverages/Howard,1908,Union Association,reynolds,B01392,Reynolds,,0,Philadelphia,,,,,
minoraverages/Howard,1908,Union Association,riehl,B01402,Riehl,,0,Philadelphia,,,,,
minoraverages/Howard,1908,Union Association,rochelle,B01415,Rochelle,,0,Philadelphia,,,,,
minoraverages/Howard,1908,Union Association,ross-eli,B01428,Ross,"William A. ""Billy""",0,Elizabeth,,,,,
minoraverages/Howard,1908,Union Association,ross-phi,B01431,Ross,,0,Philadelphia,,,,,
minoraverages/Howard,1908,Union Association,rothfuss,B01444,Rothfuss,"John A. ""Jack""*",1,Paterson,,,,,
minoraverages/Howard,1908,Union Association,rothfuss,B01444,Rothfuss,"John A. ""Jack""*",2,Philadelphia,,,,,
minoraverages/Howard,1908,Union Association,rothfuss,B01444,Rothfuss,"John A. ""Jack""*",T,,,,,,
minoraverages/Howard,1908,Union Association,rowe,B01453,Rowe,W. R.,0,Reading,,,,,
minoraverages/Howard,1908,Union Association,rudolph,B01466,Rudolph,,0,Reading,,,,,
minoraverages/Howard,1908,Union Association,sawyer,B01477,Sawyer,,0,Allentown,,,,,
minoraverages/Howard,1908,Union Association,schaever,B01489,Schaefer,"William S. ""Bill""",0,Paterson,,,,,
minoraverages/Howard,1908,Union Association,schipski,B01490,Schipski,Fred W.,0,Elizabeth,,,,,
minoraverages/Howard,1908,Union Association,schlichter,M90060,Schlichter,H. Walter,,Philadelphia,,,,,
minoraverages/Howard,1908,Union Association,schrader,B01509,Schrader,August,0,Baltimore,,,,,
minoraverages/Howard,1908,Union Association,seery,B01514,Seery,William,0,Elizabeth,,,,,
minoraverages/Howard,1908,Union Association,shaughnessy,B01523,Shaughnessy,"Francis J. ""Shag""*",0,Washington,,,,,
minoraverages/Howard,1908,Union Association,sherridan,B01538,Sherridan,Joseph H.,0,Paterson,,,,,
minoraverages/Howard,1908,Union Association,smith-wil,B01546,Smith,Arthur S.,0,Wilmington,,,,,
minoraverages/Howard,1908,Union Association,smith-eli,B01551,Smith,,0,Elizabeth,,,,,
minoraverages/Howard,1908,Union Association,speer,B01567,Speer,Charles,0,Washington,,,,,
minoraverages/Howard,1908,Union Association,stevens,B01572,Stevens,,0,Philadelphia,,,,,
minoraverages/Howard,1908,Union Association,strayer.t,B01580,Strayer,"Thomas ""Tommy""",0,Philadelphia,,,,,
minoraverages/Howard,1908,Union Association,strayer.h,B01595,Strayer,H.,0,Philadelphia,,,,,
minoraverages/Howard,1908,Union Association,summers,B01601,Summers,,0,Philadelphia,,,,,
minoraverages/Howard,1908,Union Association,toner,B01617,Toner,Thomas J.,0,Baltimore,,,,,
minoraverages/Howard,1908,Union Association,topham,B01625,Topham,"Raymond H. ""Ray""",1,Wilmington,,,,,
minoraverages/Howard,1908,Union Association,topham,B01625,Topham,"Raymond H. ""Ray""",2,Washington,,,,,
minoraverages/Howard,1908,Union Association,topham,B01625,Topham,"Raymond H. ""Ray""",T,,,,,,
minoraverages/Howard,1908,Union Association,townsend,B01630,Townsend,Pete,0,Wilmington,,,,,
minoraverages/Howard,1908,Union Association,treat,B01649,Treat,Parker Everette,0,Baltimore,,,,,
minoraverages/Howard,1908,Union Association,tydeman,B01658,Tydeman,Vincent Ariel,0,Paterson,,,,,
minoraverages/Howard,1908,Union Association,vinson,B01663,Vinson,"Ernest A. ""Rube""*",0,Reading,,,,,
minoraverages/Howard,1908,Union Association,wagner,B01674,Wagner,,0,Elizabeth,,,,,
minoraverages/Howard,1908,Union Association,wallace,B01682,Wallace,,0,Washington,,,,,
minoraverages/Howard,1908,Union Association,warren,B01696,Warren,,0,Elizabeth,,,,,
minoraverages/Howard,1908,Union Association,weinberg,B01706,Weinberg,John,0,Washington,,,,,
minoraverages/Howard,1908,Union Association,westerberg,B01711,Westerberg,Oscar W.*,0,Elizabeth,,,,,
minoraverages/Howard,1908,Union Association,westlake,B01722,Westlake,William H.,0,Baltimore,,,,,
minoraverages/Howard,1908,Union Association,whalen-bro+phi,B01733,Whalen,"Daniel ""Dan""",1,Brooklyn,,,,,
minoraverages/Howard,1908,Union Association,whalen-bro+phi,B01733,Whalen,"Daniel ""Dan""",2,Philadelphia,,,,,
minoraverages/Howard,1908,Union Association,whalen-bro+phi,B01733,Whalen,"Daniel ""Dan""",T,,,,,,
minoraverages/Howard,1908,Union Association,whalen-wil+phi,B01740,Whalen,,1,Wilmington,,,,,
minoraverages/Howard,1908,Union Association,whalen-wil+phi,B01740,Whalen,,2,Philadelphia,,,,,
minoraverages/Howard,1908,Union Association,whalen-wil+phi,B01740,Whalen,,T,,,,,,
minoraverages/Howard,1908,Union Association,white-bal,B01754,White,,0,Baltimore,,,,,
minoraverages/Howard,1908,Union Association,white-was,B01765,White,John,0,Washington,,,,,
minoraverages/Howard,1908,Union Association,wolf,B01779,Wolf,,0,Philadelphia,,,,,
minoraverages/Howard,1908,Union Association,wolfe-eli,B01787,Wolfe,George,0,Elizabeth,,,,,
minoraverages/Howard,1908,Union Association,wolfe-wil,B01798,Wolfe,Maurice Aloysius,0,Wilmington,,,,,
minoraverages/Howard,1908,Union Association,young,B01804,Young,,0,Allentown,,,,,
minoraverages/Howard,1908,Union Association,zamloch,B01812,Zamloch,,0,Elizabeth,,,,,
minoraverages/Howard,1908,Union Association,zanelli,B01820,Zanelli,Harry,0,Washington,,,,,
minoraverages/Howard,1908,Union Association,zearfoss,B01836,Zearfoss,"David W. T. ""Dave""*",0,Wilmington,,,,,
minoraverages/Howard,1908,Union Association,zoellers,B01848,Zoellers,Harry G.,0,Wilmington,,,,,
