source,league.year,league.name,ident,person.ref,person.name.last,person.name.given,S_STINT,entry.name,S_FIRST,S_LAST,B_G,P_G,F_1B_G,F_2B_G,F_3B_G,F_SS_G,F_OF_G,F_LF_G,F_CF_G,F_RF_G,F_C_G,F_P_G,F_ALL_G
retrosheet/1906,1906,National League,,abstb101,Abstein,Bill,,Pittsburgh,19060925,19061004,,,,,,,,,,,,,
retrosheet/1906,1906,National League,,adamb104,Adams,Babe,,St. Louis,19060418,19060418,,,,,,,,,,,,,
retrosheet/1906,1906,National League,,alpew101,Alpermann,Whitey,,Brooklyn,19060413,19061004,,,,,,,,,,,,,
retrosheet/1906,1906,National League,,amesr101,Ames,Red,,New York,19060412,19061001,,,,,,,,,,,,,
retrosheet/1906,1906,National League,,arndh101,Arndt,Harry,,St. Louis,19060412,19060831,,,,,,,,,,,,,
retrosheet/1906,1906,National League,,barrj103,Barrett,Jimmy,,Cincinnati,19060512,19060516,,,,,,,,,,,,,
retrosheet/1906,1906,National League,,barrs101,Barry,Shad,,Cincinnati,19060412,19060719,,,,,,,,,,,,,
retrosheet/1906,1906,National League,,barrs101,Barry,Shad,,St. Louis,19060726,19061007,,,,,,,,,,,,,
retrosheet/1906,1906,National League,,batce101,Batch,Emil,,Brooklyn,19060415,19060929,,,,,,,,,,,,,
retrosheet/1906,1906,National League,,batej101,Bates,Johnny,,Boston,19060412,19061005,,,,,,,,,,,,,
retrosheet/1906,1906,National League,,beaug101,Beaumont,Ginger,,Pittsburgh,19060419,19061007,,,,,,,,,,,,,
retrosheet/1906,1906,National League,,beckj103,Beckley,Jake,,St. Louis,19060412,19060915,,,,,,,,,,,,,
retrosheet/1906,1906,National League,,beebf101,Beebe,Fred,,Chicago,19060417,19060621,,,,,,,,,,,,,
retrosheet/1906,1906,National League,,beebf101,Beebe,Fred,,St. Louis,19060704,19060928,,,,,,,,,,,,,
retrosheet/1906,1906,National League,,bennp101,Bennett,Pug,,St. Louis,19060412,19061007,,,,,,,,,,,,,
retrosheet/1906,1906,National League,,bergb102,Bergen,Bill,,Brooklyn,19060412,19061003,,,,,,,,,,,,,
retrosheet/1906,1906,National League,,bowef102,Bowerman,Frank,,New York,19060425,19061005,,,,,,,,,,,,,
retrosheet/1906,1906,National League,,bradk101,Brady,King,,Pittsburgh,19060925,19061001,,,,,,,,,,,,,
retrosheet/1906,1906,National League,,braid101,Brain,Dave,,Boston,19060412,19061005,,,,,,,,,,,,,
retrosheet/1906,1906,National League,,brank101,Bransfield,Kitty,,Philadelphia,19060412,19061004,,,,,,,,,,,,,
retrosheet/1906,1906,National League,,bresr102,Bresnahan,Roger,,New York,19060412,19061001,,,,,,,,,,,,,
retrosheet/1906,1906,National League,,brida101,Bridwell,Al,,Boston,19060412,19060920,,,,,,,,,,,,,
retrosheet/1906,1906,National League,,browb102,Brown,Buster,,St. Louis,19060421,19060829,,,,,,,,,,,,,
retrosheet/1906,1906,National League,,browm102,Brown,Mordecai,,Chicago,19060414,19061014,,,,,,,,,,,,,
retrosheet/1906,1906,National League,,brows103,Brown,Sam,,Boston,19060421,19061005,,,,,,,,,,,,,
retrosheet/1906,1906,National League,,browg102,Browne,George,,New York,19060412,19061005,,,,,,,,,,,,,
retrosheet/1906,1906,National League,,burca101,Burch,Al,,St. Louis,19060619,19061007,,,,,,,,,,,,,
retrosheet/1906,1906,National League,,burkf101,Burke,Frank,,New York,19060914,19060928,,,,,,,,,,,,,
retrosheet/1906,1906,National League,,butlj102,Butler,John,,Brooklyn,19060420,19060420,,,,,,,,,,,,,
retrosheet/1906,1906,National League,,camej101,Cameron,Jack,,Boston,19060913,19061005,,,,,,,,,,,,,
retrosheet/1906,1906,National League,,camnh101,Camnitz,Howie,,Pittsburgh,19060920,19060928,,,,,,,,,,,,,
retrosheet/1906,1906,National League,,carif101,Carisch,Fred,,Pittsburgh,19060415,19060419,,,,,,,,,,,,,
retrosheet/1906,1906,National League,,carrc106,Carr,Charlie,,Cincinnati,19060412,19060503,,,,,,,,,,,,,
retrosheet/1906,1906,National League,,casec101,Case,Charlie,,Pittsburgh,19060421,19060429,,,,,,,,,,,,,
retrosheet/1906,1906,National League,,cased101,Casey,Doc,,Brooklyn,19060412,19061004,,,,,,,,,,,,,
retrosheet/1906,1906,National League,,chanf101,Chance,Frank,,Chicago,19060412,19061014,,,,,,,,,,,,,
retrosheet/1906,1906,National League,,checc101,Chech,Charlie,,Cincinnati,19060422,19060707,,,,,,,,,,,,,
retrosheet/1906,1906,National League,,clarf101,Clarke,Fred,,Pittsburgh,19060412,19061004,,,,,,,,,,,,,
retrosheet/1906,1906,National League,,clymo101,Clymer,Otis,,Pittsburgh,19060412,19060427,,,,,,,,,,,,,
retrosheet/1906,1906,National League,,connf101,Connaughton,Frank,,Boston,19060924,19061005,,,,,,,,,,,,,
retrosheet/1906,1906,National League,,corct101,Corcoran,Tommy,,Cincinnati,19060412,19061002,,,,,,,,,,,,,
retrosheet/1906,1906,National League,,coure101,Courtney,Ernie,,Philadelphia,19060506,19061004,,,,,,,,,,,,,
retrosheet/1906,1906,National League,,crawf101,Crawford,Forrest,,St. Louis,19060730,19060928,,,,,,,,,,,,,
retrosheet/1906,1906,National League,,crisc101,Crist,Ches,,Philadelphia,19060518,19061001,,,,,,,,,,,,,
retrosheet/1906,1906,National League,,dahlb102,Dahlen,Bill,,New York,19060412,19061001,,,,,,,,,,,,,
retrosheet/1906,1906,National League,,degrr101,DeGroff,Rube,,St. Louis,19060429,19060429,,,,,,,,,,,,,
retrosheet/1906,1906,National League,,deals101,Deal,Snake,,Cincinnati,19060709,19061007,,,,,,,,,,,,,
retrosheet/1906,1906,National League,,delaj103,Delahanty,Jim,,Cincinnati,19060412,19060925,,,,,,,,,,,,,
retrosheet/1906,1906,National League,,devla101,Devlin,Art,,New York,19060412,19061005,,,,,,,,,,,,,
retrosheet/1906,1906,National League,,diehe101,Diehl,Ernie,,Boston,19060819,19060820,,,,,,,,,,,,,
retrosheet/1906,1906,National League,,dolac101,Dolan,Cozy,,Boston,19060412,19061005,,,,,,,,,,,,,
retrosheet/1906,1906,National League,,donlm101,Donlin,Mike,,New York,19060412,19060926,,,,,,,,,,,,,
retrosheet/1906,1906,National League,,donoj101,Donovan,Jerry,,Philadelphia,19060412,19061003,,,,,,,,,,,,,
retrosheet/1906,1906,National League,,donop101,Donovan,Patsy,,Brooklyn,19060517,19060813,,,,,,,,,,,,,
retrosheet/1906,1906,National League,,dooir101,Dooin,Red,,Philadelphia,19060412,19061004,,,,,,,,,,,,,
retrosheet/1906,1906,National League,,doolm101,Doolin,Mickey,,Philadelphia,19060412,19061004,,,,,,,,,,,,,
retrosheet/1906,1906,National League,,dorng101,Dorner,Gus,,Boston,19060516,19061003,,,,,,,,,,,,,
retrosheet/1906,1906,National League,,dorng101,Dorner,Gus,,Cincinnati,19060429,19060502,,,,,,,,,,,,,
retrosheet/1906,1906,National League,,doscj101,Doscher,Jack,,Brooklyn,19060414,19060420,,,,,,,,,,,,,
retrosheet/1906,1906,National League,,druhc101,Druhot,Carl,,Cincinnati,19060418,19060501,,,,,,,,,,,,,
retrosheet/1906,1906,National League,,druhc101,Druhot,Carl,,St. Louis,19060509,19060715,,,,,,,,,,,,,
retrosheet/1906,1906,National League,,duffh101,Duffy,Hugh,,Philadelphia,19060413,19060413,,,,,,,,,,,,,
retrosheet/1906,1906,National League,,duggb101,Duggleby,Bill,,Philadelphia,19060413,19060924,,,,,,,,,,,,,
retrosheet/1906,1906,National League,,easom101,Eason,Mal,,Brooklyn,19060415,19061004,,,,,,,,,,,,,
retrosheet/1906,1906,National League,,eganw101,Egan,Wish,,St. Louis,19060429,19060723,,,,,,,,,,,,,
retrosheet/1906,1906,National League,,essib101,Essick,Bill,,Cincinnati,19060912,19061007,,,,,,,,,,,,,
retrosheet/1906,1906,National League,,everj102,Evers,Johnny,,Chicago,19060412,19061014,,,,,,,,,,,,,
retrosheet/1906,1906,National League,,ewinb102,Ewing,Bob,,Cincinnati,19060425,19061002,,,,,,,,,,,,,
retrosheet/1906,1906,National League,,fergg101,Ferguson,Cecil,,New York,19060419,19061001,,,,,,,,,,,,,
retrosheet/1906,1906,National League,,fitzm101,Fitzgerald,Matty,,New York,19060915,19060929,,,,,,,,,,,,,
retrosheet/1906,1906,National League,,frasc101,Fraser,Chick,,Cincinnati,19060515,19060922,,,,,,,,,,,,,
retrosheet/1906,1906,National League,,froma101,Fromme,Art,,St. Louis,19060914,19060929,,,,,,,,,,,,,
retrosheet/1906,1906,National League,,ganlb101,Ganley,Bob,,Pittsburgh,19060412,19061007,,,,,,,,,,,,,
retrosheet/1906,1906,National League,,gessd101,Gessler,Doc,,Brooklyn,19060412,19060421,,,,,,,,,,,,,
retrosheet/1906,1906,National League,,gessd101,Gessler,Doc,,Chicago,19060508,19061014,,,,,,,,,,,,,
retrosheet/1906,1906,National League,,gibsg101,Gibson,George,,Pittsburgh,19060412,19061002,,,,,,,,,,,,,
retrosheet/1906,1906,National League,,gilbb103,Gilbert,Billy,,New York,19060412,19060924,,,,,,,,,,,,,
retrosheet/1906,1906,National League,,gleak101,Gleason,Kid,,Philadelphia,19060412,19060929,,,,,,,,,,,,,
retrosheet/1906,1906,National League,,goodg101,Good,Gene,,Boston,19060412,19060904,,,,,,,,,,,,,
retrosheet/1906,1906,National League,,gradm101,Grady,Mike,,St. Louis,19060412,19060919,,,,,,,,,,,,,
retrosheet/1906,1906,National League,,haffl101,Hafford,Leo,,Cincinnati,19060415,19060424,,,,,,,,,,,,,
retrosheet/1906,1906,National League,,hallc103,Hall,Charley,,Cincinnati,19060712,19060926,,,,,,,,,,,,,
retrosheet/1906,1906,National League,,hallb102,Hallman,Bill,,Pittsburgh,19060911,19061002,,,,,,,,,,,,,
retrosheet/1906,1906,National League,,hannj101,Hannifin,Jack,,New York,19060915,19061005,,,,,,,,,,,,,
retrosheet/1906,1906,National League,,harpj102,Harper,Jack,,Chicago,19060606,19060606,,,,,,,,,,,,,
retrosheet/1906,1906,National League,,harpj102,Harper,Jack,,Cincinnati,19060413,19060504,,,,,,,,,,,,,
retrosheet/1906,1906,National League,,higgi101,Higginbotham,Irv,,St. Louis,19060811,19060915,,,,,,,,,,,,,
retrosheet/1906,1906,National League,,hillh103,Hillebrand,Homer,,Pittsburgh,19060507,19060916,,,,,,,,,,,,,
retrosheet/1906,1906,National League,,himej101,Himes,Jack,,St. Louis,19060412,19060530,,,,,,,,,,,,,
retrosheet/1906,1906,National League,,hincb101,Hinchman,Bill,,Cincinnati,19060421,19060515,,,,,,,,,,,,,
retrosheet/1906,1906,National League,,hoela101,Hoelskoetter,Art,,St. Louis,19060415,19061007,,,,,,,,,,,,,
retrosheet/1906,1906,National League,,hofms101,Hofman,Solly,,Chicago,19060418,19061014,,,,,,,,,,,,,
retrosheet/1906,1906,National League,,holle102,Holly,Ed,,St. Louis,19060913,19061001,,,,,,,,,,,,,
retrosheet/1906,1906,National League,,holmd102,Holmes,Ducky,,St. Louis,19060418,19060502,,,,,,,,,,,,,
retrosheet/1906,1906,National League,,howad102,Howard,Del,,Boston,19060415,19061005,,,,,,,,,,,,,
retrosheet/1906,1906,National League,,huggm101,Huggins,Miller,,Cincinnati,19060412,19061007,,,,,,,,,,,,,
retrosheet/1906,1906,National League,,hummj101,Hummel,John,,Brooklyn,19060412,19061004,,,,,,,,,,,,,
retrosheet/1906,1906,National League,,husth101,Huston,Harry,,Philadelphia,19060903,19060919,,,,,,,,,,,,,
retrosheet/1906,1906,National League,,jordt101,Jordan,Tim,,Brooklyn,19060413,19061004,,,,,,,,,,,,,
retrosheet/1906,1906,National League,,judef101,Jude,Frank,,Cincinnati,19060709,19061007,,,,,,,,,,,,,
retrosheet/1906,1906,National League,,kaneh101,Kane,Harry,,Philadelphia,19060413,19060505,,,,,,,,,,,,,
retrosheet/1906,1906,National League,,karge101,Karger,Ed,,Pittsburgh,19060415,19060529,,,,,,,,,,,,,
retrosheet/1906,1906,National League,,karge101,Karger,Ed,,St. Louis,19060605,19061001,,,,,,,,,,,,,
retrosheet/1906,1906,National League,,kellj106,Kelley,Joe,,Cincinnati,19060423,19061002,,,,,,,,,,,,,
retrosheet/1906,1906,National League,,klinj101,Kling,Johnny,,Chicago,19060412,19061014,,,,,,,,,,,,,
retrosheet/1906,1906,National League,,knolh101,Knolls,Hub,,Brooklyn,19060501,19060506,,,,,,,,,,,,,
retrosheet/1906,1906,National League,,leact101,Leach,Tommy,,Pittsburgh,19060419,19061007,,,,,,,,,,,,,
retrosheet/1906,1906,National League,,leevs101,Leever,Sam,,Pittsburgh,19060418,19061007,,,,,,,,,,,,,
retrosheet/1906,1906,National League,,leifl101,Leifield,Lefty,,Pittsburgh,19060415,19061004,,,,,,,,,,,,,
retrosheet/1906,1906,National League,,lewip101,Lewis,Phil,,Brooklyn,19060412,19061004,,,,,,,,,,,,,
retrosheet/1906,1906,National League,,lindv101,Lindaman,Vive,,Boston,19060414,19061004,,,,,,,,,,,,,
retrosheet/1906,1906,National League,,livip101,Livingston,Paddy,,Cincinnati,19060427,19060906,,,,,,,,,,,,,
retrosheet/1906,1906,National League,,lobeh101,Lobert,Hans,,Cincinnati,19060424,19061007,,,,,,,,,,,,,
retrosheet/1906,1906,National League,,lumlh101,Lumley,Harry,,Brooklyn,19060412,19061004,,,,,,,,,,,,,
retrosheet/1906,1906,National League,,lundc101,Lundgren,Carl,,Chicago,19060412,19061004,,,,,,,,,,,,,
retrosheet/1906,1906,National League,,lushj101,Lush,Johnny,,Philadelphia,19060412,19061001,,,,,,,,,,,,,
retrosheet/1906,1906,National League,,lyncm101,Lynch,Mike,,Pittsburgh,19060420,19060828,,,,,,,,,,,,,
retrosheet/1906,1906,National League,,maddt101,Madden,Tommy,,Boston,19060910,19060913,,,,,,,,,,,,,
retrosheet/1906,1906,National League,,mages101,Magee,Sherry,,Philadelphia,19060412,19061004,,,,,,,,,,,,,
retrosheet/1906,1906,National League,,malob101,Maloney,Billy,,Brooklyn,19060412,19061004,,,,,,,,,,,,,
retrosheet/1906,1906,National League,,mansl101,Manske,Lou,,Pittsburgh,19060831,19060907,,,,,,,,,,,,,
retrosheet/1906,1906,National League,,marsd102,Marshall,Doc,,New York,19060414,19060711,,,,,,,,,,,,,
retrosheet/1906,1906,National League,,marsd102,Marshall,Doc,,St. Louis,19060714,19060929,,,,,,,,,,,,,
retrosheet/1906,1906,National League,,marsj102,Marshall,Joe,,St. Louis,19060530,19060817,,,,,,,,,,,,,
retrosheet/1906,1906,National League,,masod102,Mason,Del,,Cincinnati,19060924,19060929,,,,,,,,,,,,,
retrosheet/1906,1906,National League,,mathc102,Mathewson,Christy,,New York,19060505,19061004,,,,,,,,,,,,,
retrosheet/1906,1906,National League,,mathh101,Mathewson,Henry,,New York,19060928,19061005,,,,,,,,,,,,,
retrosheet/1906,1906,National League,,maxwb101,Maxwell,Bert,,Pittsburgh,19060912,19060912,,,,,,,,,,,,,
retrosheet/1906,1906,National League,,mcbrg101,McBride,George,,St. Louis,19060412,19060724,,,,,,,,,,,,,
retrosheet/1906,1906,National League,,mccaj101,McCarthy,Joe,,St. Louis,19060514,19060708,,,,,,,,,,,,,
retrosheet/1906,1906,National League,,mccaj105,McCarthy,Jack,,Brooklyn,19060412,19061004,,,,,,,,,,,,,
retrosheet/1906,1906,National League,,mccaw101,McCarthy,William,,Boston,19060421,19060421,,,,,,,,,,,,,
retrosheet/1906,1906,National League,,mcclj101,McCloskey,John,,Philadelphia,19060503,19061001,,,,,,,,,,,,,
retrosheet/1906,1906,National League,,mcfac102,McFarland,Chappie,,Brooklyn,19060807,19060807,,,,,,,,,,,,,
retrosheet/1906,1906,National League,,mcfac102,McFarland,Chappie,,Pittsburgh,19060613,19060720,,,,,,,,,,,,,
retrosheet/1906,1906,National League,,mcfac102,McFarland,Chappie,,St. Louis,19060417,19060531,,,,,,,,,,,,,
retrosheet/1906,1906,National League,,mcgad102,McGann,Dan,,New York,19060412,19061004,,,,,,,,,,,,,
retrosheet/1906,1906,National League,,mcgij101,McGinnity,Joe,,New York,19060413,19061003,,,,,,,,,,,,,
retrosheet/1906,1906,National League,,mcgls101,McGlynn,Stoney,,St. Louis,19060920,19061007,,,,,,,,,,,,,
retrosheet/1906,1906,National League,,mcgrj101,McGraw,John,,New York,19060425,19060912,,,,,,,,,,,,,
retrosheet/1906,1906,National League,,mcili101,McIlveen,Irish,,Pittsburgh,19060704,19060725,,,,,,,,,,,,,
retrosheet/1906,1906,National League,,mcinh101,McIntire,Harry,,Brooklyn,19060412,19060928,,,,,,,,,,,,,
retrosheet/1906,1906,National League,,mclel101,McLean,Larry,,Cincinnati,19060901,19060929,,,,,,,,,,,,,
retrosheet/1906,1906,National League,,meied101,Meier,Dutch,,Pittsburgh,19060419,19061007,,,,,,,,,,,,,
retrosheet/1906,1906,National League,,merts101,Mertes,Sam,,New York,19060412,19060712,,,,,,,,,,,,,
retrosheet/1906,1906,National League,,merts101,Mertes,Sam,,St. Louis,19060716,19060915,,,,,,,,,,,,,
retrosheet/1906,1906,National League,,morap101,Moran,Pat,,Chicago,19060414,19061013,,,,,,,,,,,,,
retrosheet/1906,1906,National League,,moroj101,Moroney,Jim,,Boston,19060424,19060504,,,,,,,,,,,,,
retrosheet/1906,1906,National League,,mosew102,Moser,Walter,,Philadelphia,19060903,19061001,,,,,,,,,,,,,
retrosheet/1906,1906,National League,,mowrm101,Mowrey,Mike,,Cincinnati,19060513,19061007,,,,,,,,,,,,,
retrosheet/1906,1906,National League,,murrr103,Murray,Red,,St. Louis,19060616,19061007,,,,,,,,,,,,,
retrosheet/1906,1906,National League,,nealj101,Nealon,Joe,,Pittsburgh,19060412,19061007,,,,,,,,,,,,,
retrosheet/1906,1906,National League,,needt101,Needham,Tom,,Boston,19060412,19060913,,,,,,,,,,,,,
retrosheet/1906,1906,National League,,nichk101,Nichols,Kid,,Philadelphia,19060421,19060518,,,,,,,,,,,,,
retrosheet/1906,1906,National League,,noonp101,Noonan,Pete,,Chicago,19060417,19060628,,,,,,,,,,,,,
retrosheet/1906,1906,National League,,noonp101,Noonan,Pete,,St. Louis,19060704,19061007,,,,,,,,,,,,,
retrosheet/1906,1906,National League,,ohart101,O'Hara,Tom,,St. Louis,19060919,19061007,,,,,,,,,,,,,
retrosheet/1906,1906,National League,,oneij102,O'Neill,Jack,,Boston,19060423,19061003,,,,,,,,,,,,,
retrosheet/1906,1906,National League,,odwef101,Odwell,Fred,,Cincinnati,19060412,19060708,,,,,,,,,,,,,
retrosheet/1906,1906,National League,,overo101,Overall,Orval,,Chicago,19060606,19061014,,,,,,,,,,,,,
retrosheet/1906,1906,National League,,overo101,Overall,Orval,,Cincinnati,19060412,19060530,,,,,,,,,,,,,
retrosheet/1906,1906,National League,,pastj101,Pastorius,Jim,,Brooklyn,19060415,19061001,,,,,,,,,,,,,
retrosheet/1906,1906,National League,,peith101,Peitz,Heinie,,Pittsburgh,19060420,19061007,,,,,,,,,,,,,
retrosheet/1906,1906,National League,,pfeff102,Pfeffer,Big Jeff,,Boston,19060413,19061005,,,,,,,,,,,,,
retrosheet/1906,1906,National League,,pfiej101,Pfiester,Jack,,Chicago,19060417,19061013,,,,,,,,,,,,,
retrosheet/1906,1906,National League,,phele101,Phelps,Ed,,Cincinnati,19060414,19060430,,,,,,,,,,,,,
retrosheet/1906,1906,National League,,phele101,Phelps,Ed,,Pittsburgh,19060523,19061004,,,,,,,,,,,,,
retrosheet/1906,1906,National League,,phild101,Phillippe,Deacon,,Pittsburgh,19060417,19060929,,,,,,,,,,,,,
retrosheet/1906,1906,National League,,phylb101,Phyle,Bill,,St. Louis,19060803,19060915,,,,,,,,,,,,,
retrosheet/1906,1906,National League,,pittt101,Pittinger,Togie,,Philadelphia,19060426,19060728,,,,,,,,,,,,,
retrosheet/1906,1906,National League,,putta101,Puttmann,Ambrose,,St. Louis,19060417,19060510,,,,,,,,,,,,,
retrosheet/1906,1906,National League,,raubt101,Raub,Tommy,,St. Louis,19060429,19060622,,,,,,,,,,,,,
retrosheet/1906,1906,National League,,rearp101,Reardon,Phil,,Brooklyn,19060919,19060927,,,,,,,,,,,,,
retrosheet/1906,1906,National League,,reule101,Reulbach,Ed,,Chicago,19060414,19061013,,,,,,,,,,,,,
retrosheet/1906,1906,National League,,rhodc101,Rhodes,Charlie,,St. Louis,19060726,19060919,,,,,,,,,,,,,
retrosheet/1906,1906,National League,,richl102,Richie,Lew,,Philadelphia,19060508,19061003,,,,,,,,,,,,,
retrosheet/1906,1906,National League,,ritcc101,Ritchey,Claude,,Pittsburgh,19060412,19061007,,,,,,,,,,,,,
retrosheet/1906,1906,National League,,rittl101,Ritter,Lew,,Brooklyn,19060506,19061004,,,,,,,,,,,,,
retrosheet/1906,1906,National League,,roy-c101,Roy,Charlie,,Philadelphia,19060627,19060810,,,,,,,,,,,,,
retrosheet/1906,1906,National League,,scand101,Scanlan,Doc,,Brooklyn,19060419,19061003,,,,,,,,,,,,,
retrosheet/1906,1906,National League,,schla101,Schlei,Admiral,,Cincinnati,19060412,19061007,,,,,,,,,,,,,
retrosheet/1906,1906,National League,,schuf103,Schulte,Frank,,Chicago,19060412,19061014,,,,,,,,,,,,,
retrosheet/1906,1906,National League,,schuj105,Schulte,Jack,,Boston,19060819,19060819,,,,,,,,,,,,,
retrosheet/1906,1906,National League,,sentp101,Sentell,Paul,,Philadelphia,19060412,19061004,,,,,,,,,,,,,
retrosheet/1906,1906,National League,,seymc101,Seymour,Cy,,Cincinnati,19060412,19060712,,,,,,,,,,,,,
retrosheet/1906,1906,National League,,seymc101,Seymour,Cy,,New York,19060714,19061005,,,,,,,,,,,,,
retrosheet/1906,1906,National League,,shans101,Shannon,Spike,,New York,19060714,19061005,,,,,,,,,,,,,
retrosheet/1906,1906,National League,,shans101,Shannon,Spike,,St. Louis,19060412,19060712,,,,,,,,,,,,,
retrosheet/1906,1906,National League,,shecj101,Sheckard,Jimmy,,Chicago,19060412,19061014,,,,,,,,,,,,,
retrosheet/1906,1906,National League,,sheet101,Sheehan,Tommy,,Pittsburgh,19060412,19061007,,,,,,,,,,,,,
retrosheet/1906,1906,National League,,siegj101,Siegle,Johnny,,Cincinnati,19060623,19061007,,,,,,,,,,,,,
retrosheet/1906,1906,National League,,slagj102,Slagle,Jimmy,,Chicago,19060412,19060921,,,,,,,,,,,,,
retrosheet/1906,1906,National League,,slatj101,Slattery,Jack,,St. Louis,19060502,19060513,,,,,,,,,,,,,
retrosheet/1906,1906,National League,,smita105,Smith,Aleck,,New York,19060416,19061005,,,,,,,,,,,,,
retrosheet/1906,1906,National League,,smitb111,Smith,Bull,,Chicago,19060416,19060416,,,,,,,,,,,,,
retrosheet/1906,1906,National League,,smith104,Smith,Harry,,Pittsburgh,19060419,19060419,,,,,,,,,,,,,
retrosheet/1906,1906,National League,,smooh101,Smoot,Homer,,Cincinnati,19060726,19061007,,,,,,,,,,,,,
retrosheet/1906,1906,National League,,smooh101,Smoot,Homer,,St. Louis,19060412,19060719,,,,,,,,,,,,,
retrosheet/1906,1906,National League,,spart101,Sparks,Tully,,Philadelphia,19060413,19061004,,,,,,,,,,,,,
retrosheet/1906,1906,National League,,spenc101,Spencer,Chet,,Boston,19060822,19060829,,,,,,,,,,,,,
retrosheet/1906,1906,National League,,stano101,Stanage,Oscar,,Cincinnati,19060519,19060519,,,,,,,,,,,,,
retrosheet/1906,1906,National League,,steih101,Steinfeldt,Harry,,Chicago,19060412,19061014,,,,,,,,,,,,,
retrosheet/1906,1906,National League,,stora101,Storke,Alan,,Pittsburgh,19060924,19061002,,,,,,,,,,,,,
retrosheet/1906,1906,National League,,stras102,Strang,Sammy,,New York,19060414,19061005,,,,,,,,,,,,,
retrosheet/1906,1906,National League,,strie101,Stricklett,Elmer,,Brooklyn,19060413,19061004,,,,,,,,,,,,,
retrosheet/1906,1906,National League,,stroa101,Strobel,Allie,,Boston,19060412,19060811,,,,,,,,,,,,,
retrosheet/1906,1906,National League,,tayld102,Taylor,Dummy,,New York,19060414,19060926,,,,,,,,,,,,,
retrosheet/1906,1906,National League,,taylj101,Taylor,Jack,,Chicago,19060706,19060915,,,,,,,,,,,,,
retrosheet/1906,1906,National League,,taylj101,Taylor,Jack,,St. Louis,19060412,19060701,,,,,,,,,,,,,
retrosheet/1906,1906,National League,,tennf102,Tenney,Fred,,Boston,19060412,19061005,,,,,,,,,,,,,
retrosheet/1906,1906,National League,,thiej102,Thielman,Jake,,St. Louis,19060425,19060425,,,,,,,,,,,,,
retrosheet/1906,1906,National League,,thomr101,Thomas,Roy,,Philadelphia,19060412,19061004,,,,,,,,,,,,,
retrosheet/1906,1906,National League,,thomg103,Thompson,Gus,,St. Louis,19060504,19060921,,,,,,,,,,,,,
retrosheet/1906,1906,National League,,tieme101,Tiemeyer,Eddie,,Cincinnati,19060819,19060825,,,,,,,,,,,,,
retrosheet/1906,1906,National League,,tinkj101,Tinker,Joe,,Chicago,19060412,19061014,,,,,,,,,,,,,
retrosheet/1906,1906,National League,,tituj101,Titus,John,,Philadelphia,19060412,19061004,,,,,,,,,,,,,
retrosheet/1906,1906,National League,,wagnh101,Wagner,Honus,,Pittsburgh,19060412,19061002,,,,,,,,,,,,,
retrosheet/1906,1906,National League,,walst101,Walsh,Tom,,Chicago,19060815,19060926,,,,,,,,,,,,,
retrosheet/1906,1906,National League,,wardj102,Ward,Joe,,Philadelphia,19060424,19060619,,,,,,,,,,,,,
retrosheet/1906,1906,National League,,weimj101,Weimer,Jake,,Cincinnati,19060414,19061001,,,,,,,,,,,,,
retrosheet/1906,1906,National League,,whitj103,Whiting,Jesse,,Brooklyn,19060920,19061002,,,,,,,,,,,,,
retrosheet/1906,1906,National League,,wickb101,Wicker,Bob,,Chicago,19060413,19060522,,,,,,,,,,,,,
retrosheet/1906,1906,National League,,wickb101,Wicker,Bob,,Cincinnati,19060605,19060921,,,,,,,,,,,,,
retrosheet/1906,1906,National League,,willv101,Willis,Vic,,Pittsburgh,19060412,19061002,,,,,,,,,,,,,
retrosheet/1906,1906,National League,,wilth102,Wiltse,Hooks,,New York,19060416,19060929,,,,,,,,,,,,,
retrosheet/1906,1906,National League,,withr101,Witherup,Roy,,Boston,19060514,19060807,,,,,,,,,,,,,
retrosheet/1906,1906,National League,,youni101,Young,Irv,,Boston,19060412,19061004,,,,,,,,,,,,,
retrosheet/1906,1906,National League,,zimme101,Zimmerman,Eddie,,St. Louis,19060929,19061007,,,,,,,,,,,,,
