source,league.year,league.name,ident,person.ref,person.name.last,person.name.given,S_STINT,entry.name,S_FIRST,S_LAST,B_G,P_G,pos
palmer,1984,California League,aase,AASD0184,Aase,Don,,Redwood,,,,,
palmer,1984,California League,abbott,ABBR0184,Abbott,Rick,,Stockton,,,,,
palmer,1984,California League,abrego,ABRJ0184,Abrego,Johnny,,Lodi,,,,,
palmer,1984,California League,aldrete,ALDM0184,Aldrete,Mike,,Fresno,,,,,
palmer,1984,California League,aldrich,ALDJ0184,Aldrich,Jay,,Stockton,,,,,
palmer,1984,California League,alfonzo,ALFO0184,Alfonzo,Ozzie,,Visalia,,,,,
palmer,1984,California League,allen-lod,ALLJ0284,Allen,Jim,,Lodi,,,,,
palmer,1984,California League,allen-fre,ALLW0184,Allen,Dave,,Fresno,,,,,
palmer,1984,California League,amaya,AMAB0184,Amaya,Ben,,Salinas,,,,,
palmer,1984,California League,anderson,ANDA0184,Anderson,Allan,,Visalia,,,,,
palmer,1984,California League,antonelli,ANTJ0184,Antonelli,John,,Stockton,,,,,
palmer,1984,California League,antunez,ANTM0284,Antunez,Martin,,Stockton,,,,,
palmer,1984,California League,aoyama,AOYM0184,Aoyama,Michio,,San Jose,,,,,
palmer,1984,California League,aragon.j,ARAJ0184,Aragon,Joey,,Visalia,,,,,
palmer,1984,California League,aragon.s,ARAS0184,Aragon,Steve,,Visalia,,,,,
palmer,1984,California League,ayers,AYEJ0184,Ayers,Jack,,Lodi,,,,,
palmer,1984,California League,baker,BAKM0384,Baker,Mark,,Lodi,,,,,
palmer,1984,California League,baker,BAKM0384,Baker,Mark,,Modesto,,,,,
palmer,1984,California League,baldrick,BALR0184,Baldrick,Bob,,Salinas,,,,,
palmer,1984,California League,bargerhuff,BARB0184,Bargerhuff,Brian,,Fresno,,,,,
palmer,1984,California League,barling,BARG0384,Barling,Glenn,,Fresno,,,,,
palmer,1984,California League,barnhouse,BARS0384,Barnhouse,Scott,,Salinas,,,,,
palmer,1984,California League,barry,BARE0284,Barry,Eric,,Modesto,,,,,
palmer,1984,California League,barton.g,BARG0184,Barton,Greg,,San Jose,,,,,
palmer,1984,California League,barton.s,BARS0584,Barton,Shawn,,San Jose,,,,,
palmer,1984,California League,bauer,BAUM0184,Bauer,Mark,,Modesto,,,,,
palmer,1984,California League,bautista,BAUR0184,Bautista,Ramon,,Fresno,,,,,
palmer,1984,California League,beuerlein,BEUJ0184,Beuerlein,John,,Stockton,,,,,
palmer,1984,California League,biko,BIKT0184,Biko,Tom,,Reno,,,,,
palmer,1984,California League,black,BLAT0184,Black,Tracy,,Visalia,,,,,
palmer,1984,California League,blas,BLAW0184,Blas,Willie,,San Jose,,,,,
palmer,1984,California League,blevins,BLEB0184,Blevins,Brad,,Lodi,,,,,
palmer,1984,California League,bogart,BOGF0184,Bogart,Fred,,Salinas,,,,,
palmer,1984,California League,bonner,BONM0184,Bonner,Mark,,Redwood,,,,,
palmer,1984,California League,borowsky,BORE0184,Borowsky,Erez,,Visalia,,,,,
palmer,1984,California League,braddy,BRAL0184,Braddy,Len,,Visalia,,,,,
palmer,1984,California League,bradley-sj,BRAM0284,Bradley,Mark,,San Jose,,,,,
palmer,1984,California League,bardley-mod,BRAP0184,Bradley,Paul,,Modesto,,,,,
palmer,1984,California League,brady,BRAD0184,Brady,David,,Redwood,,,,,
palmer,1984,California League,braggs,BRAG0384,Braggs,Glenn,,Stockton,,,,,
palmer,1984,California League,brahms,BRAR0284,Brahms,Russ,,Fresno,,,,,
palmer,1984,California League,briggs,BRIK0184,Briggs,Ken,,Salinas,,,,,
palmer,1984,California League,brock,BROE0284,Brock,Eric,,Bakersfield,,,,,
palmer,1984,California League,brooks,BROC0284,Brooks,Craig,,San Jose,,,,,
palmer,1984,California League,brown-bak,BROJ0284,Brown,Jeff,,Bakersfield,,,,,
palmer,1984,California League,brown-sal,BROR0284,Brown,Renard,,Salinas,,,,,
palmer,1984,California League,bryant,BRYJ0384,Bryant,Jim,,Salinas,,,,,
palmer,1984,California League,bryden,BRYT0184,Bryden,T.R.,,Redwood,,,,,
palmer,1984,California League,buonantony,BUOR0184,Buonantony,Rich,,Stockton,,,,,
palmer,1984,California League,buss,BUSS0184,Buss,Scott,,Salinas,,,,,
palmer,1984,California League,butcher,BUTM0284,Butcher,Matt,,Visalia,,,,,
palmer,1984,California League,butcher,BUTM0284,Butcher,Matt,,Salinas,,,,,
palmer,1984,California League,cabrera,CABA0184,Cabrera,Antonio,,Modesto,,,,,
palmer,1984,California League,cadaret,CADG0184,Cadaret,Greg,,Modesto,,,,,
palmer,1984,California League,calley,CALR0184,Calley,Bob,,Visalia,,,,,
palmer,1984,California League,calvert,CALK0184,Calvert,Chris,,Visalia,,,,,
palmer,1984,California League,canseco,CANJ0184,Canseco,Jose,,Modesto,,,,,
palmer,1984,California League,capel,CAPM0184,Capel,Mike,,Lodi,,,,,
palmer,1984,California League,carne,CARG0184,Carne,Greg,,Bakersfield,,,,,
palmer,1984,California League,carroll,CARC0284,Carroll,Carson,,Visalia,,,,,
palmer,1984,California League,cartwright,CARA0484,Cartwright,Alan,,Stockton,,,,,
palmer,1984,California League,champoux,CHAL0184,Champoux,Tony,,Modesto,,,,,
palmer,1984,California League,chapman,CHAC0184,Chapman,Chris,,Bakersfield,,,,,
palmer,1984,California League,charley,CHAT0184,Charley,Tandy,,Lodi,,,,,
palmer,1984,California League,chestnut,CHET0184,Chestnut,Troy,,Lodi,,,,,
palmer,1984,California League,christ,CHRM0184,Christ,Mike,,Salinas,,,,,
palmer,1984,California League,cimo,CIMM0184,Cimo,Matt,,Fresno,,,,,
palmer,1984,California League,clawson,CLAK0284,Clawson,Ken,,Reno,,,,,
palmer,1984,California League,cobbs,COBT0184,Cobbs,Todd,,Bakersfield,,,,,
palmer,1984,California League,cockrell,COCA0184,Cockrell,Alan,,Fresno,,,,,
palmer,1984,California League,codinach,CODR0184,Codinach,Rafael,,Visalia,,,,,
palmer,1984,California League,coleman,COLR0284,Coleman,Rick,,Reno,,,,,
palmer,1984,California League,colton,COLB0184,Colton,Brad,,Salinas,,,,,
palmer,1984,California League,conklin,CONG0184,Conklin,Chip,,Modesto,,,,,
palmer,1984,California League,cooper,COOW0184,Cooper,Bill,,Salinas,,,,,
palmer,1984,California League,cordner,CORS0284,Cordner,Steve,,Lodi,,,,,
palmer,1984,California League,coyle,COYR0184,Coyle,Rocky,,Modesto,,,,,
palmer,1984,California League,cruz,CRUJ0184,Cruz,Juan,,Modesto,,,,,
palmer,1984,California League,cummings,CUMR0184,Cummings,Ronald,,Modesto,,,,,
palmer,1984,California League,cunningham,CUNM0184,Cunningham,Mike,,Bakersfield,,,,,
palmer,1984,California League,damon,DAMJ0184,Damon,John,,Lodi,,,,,
palmer,1984,California League,david,DAVB0184,David,Brian,,Salinas,,,,,
palmer,1984,California League,davis-red,DAVK0184,Davis,Kevin,,Redwood,,,,,
palmer,1984,California League,davis-bak+sj,DAVR0284,Davis,Rod,,Bakersfield,,,,,
palmer,1984,California League,davis-bak+sj,DAVR0284,Davis,Rod,,San Jose,,,,,
palmer,1984,California League,dawson,DAWG0184,Dawson,Gary,,Lodi,,,,,
palmer,1984,California League,dechavez,DECO0184,Dechavez,Oscar,,Modesto,,,,,
palmer,1984,California League,delzer,DELE0184,Delzer,Ed,,Redwood,,,,,
palmer,1984,California League,denton,DEND0184,Denton,Dave,,Lodi,,,,,
palmer,1984,California League,derksen,DERR0184,Derksen,Rob,,Stockton,,,,,
palmer,1984,California League,diaz.d-sto,DIAD0184,Diaz,Derek,,Stockton,,,,,
palmer,1984,California League,diaz.e-sto,DIAE0384,Diaz,Edgar,,Stockton,,,,,
palmer,1984,California League,diaz-vis,DIAL0184,Diaz,Lazaro,,Visalia,,,,,
palmer,1984,California League,doerr,DOEJ0184,Doerr,Jeff,,San Jose,,,,,
palmer,1984,California League,dominguez,DOMJ0184,Dominguez,Jose,,Visalia,,,,,
palmer,1984,California League,dorsett,DORB0184,Dorsett,Brian,,Modesto,,,,,
palmer,1984,California League,duffy,DUFT0184,Duffy,Tom,,Bakersfield,,,,,
palmer,1984,California League,duncan,DUNJ0184,Duncan,John,,Salinas,,,,,
palmer,1984,California League,eichhorn,EICD0184,Eichhorn,Dave,,Bakersfield,,,,,
palmer,1984,California League,empting,EMPJ0184,Empting,Mike,,Lodi,,,,,
palmer,1984,California League,engel,ENGS0184,Engel,Steve,,Lodi,,,,,
palmer,1984,California League,erdahl,ERDJ0184,Erdahl,Jay,,Salinas,,,,,
minoraverages/emilbb,1984,California League,etchebarren-sto,M90897,Etchebarren,Andy,,Stockton,,,,,
palmer,1984,California League,etchebarren-ren,ETCR0184,Etchebarren,Ray,,Reno,,,,,
palmer,1984,California League,evans,EVAG0184,Evans,Gary,,Stockton,,,,,
palmer,1984,California League,everton,EVES0184,Everton,Sean,,San Jose,,,,,
palmer,1984,California League,farmar,FARD0184,Farmar,Damon,,Lodi,,,,,
palmer,1984,California League,ferguson-sal,FERM0184,Ferguson,Mike,,Salinas,,,,,
palmer,1984,California League,ferguson-mod,FERM0284,Ferguson,Mark,,Modesto,,,,,
palmer,1984,California League,ferraro-lod,FERR0184,Ferraro,Bob,,Lodi,,,,,
palmer,1984,California League,ferraro-vis,FERV0184,Ferraro,Vince,,Visalia,,,,,
palmer,1984,California League,flores,FLOR0184,Flores,Rich,,Bakersfield,,,,,
palmer,1984,California League,forbes,FORT0184,Forbes,Terry,,Reno,,,,,
palmer,1984,California League,francis,FRAT0184,Francis,Tommy,,Fresno,,,,,
palmer,1984,California League,freeman-ren,FRED0284,Freeman,Don,,Reno,,,,,
palmer,1984,California League,freeman-sto,FREL0184,Freeman,La Vel,,Stockton,,,,,
palmer,1984,California League,fruge,FRUJ0184,Fruge,Jeff,,Lodi,,,,,
minoraverages/emilbb,1984,California League,gallagher,M90951,Gallagher,Al,,San Jose,,,,,
palmer,1984,California League,garrett,GARE0184,Garrett,Eric,,Modesto,,,,,
palmer,1984,California League,gatewood,GATH0184,Gatewood,Henry,,Bakersfield,,,,,
palmer,1984,California League,gentle,GENM0184,Gentle,Mike,,Bakersfield,,,,,
palmer,1984,California League,gibbons,GIBJ0284,Gibbons,John,,Stockton,,,,,
palmer,1984,California League,gibson,GIBS0184,Gibson,Scott,,Visalia,,,,,
palmer,1984,California League,gladden,GLAJ0184,Gladden,Jeff,,Fresno,,,,,
palmer,1984,California League,gonzalez-fre,GONF0184,Gonzalez,Felipe,,Fresno,,,,,
palmer,1984,California League,gonzalez-red,GONJ0284,Gonzalez,Julian,,Redwood,,,,,
palmer,1984,California League,gonzalez-bak,GONJ0384,Gonzalez,Jose,,Bakersfield,,,,,
palmer,1984,California League,gorman,GORM0184,Gorman,Mike,,Modesto,,,,,
palmer,1984,California League,gotoh,GOTA0184,Gotoh,Akemi,,San Jose,,,,,
palmer,1984,California League,grachen,GRAT0184,Grachen,Tim,,Lodi,,,,,
palmer,1984,California League,graham-fre,GRAE0184,Graham,Everett,,Fresno,,,,,
palmer,1984,California League,graham-mod,GRAJ0384,Graham,Brian,,Modesto,,,,,
palmer,1984,California League,grandstaff,GRAR0184,Grandstaff,Bob,,Reno,,,,,
palmer,1984,California League,graupmann,GRAT0284,Graupmann,Tim,,Visalia,,,,,
palmer,1984,California League,groh,GROD0184,Groh,Don,,Redwood,,,,,
palmer,1984,California League,guerrero,GUEA0284,Guerrero,Tony,,Visalia,,,,,
palmer,1984,California League,guinn,GUIB0184,Guinn,Brian,,Modesto,,,,,
palmer,1984,California League,gutierrez,GUTF0184,Gutierrez,Felipe,,Bakersfield,,,,,
palmer,1984,California League,hall,HALA0184,Hall,Drew,,Lodi,,,,,
palmer,1984,California League,hallgren,HALT0184,Hallgren,Tim,,San Jose,,,,,
palmer,1984,California League,hardgrave,HARE0184,Hardgrave,Eric,,Reno,,,,,
minoraverages/emilbb,1984,California League,harrison,M90938,Harrison,R. J.,,Salinas,,,,,
palmer,1984,California League,hartsock,HARB0284,Hartsock,Brian,,Redwood,,,,,
palmer,1984,California League,hartzell,HARP0184,Hartzell,Paul,,Stockton,,,,,
palmer,1984,California League,harvey-mod,HARR0384,Harvey,Randy,,Modesto,,,,,
palmer,1984,California League,harvey-lod,HARS0184,Harvey,Steve,,Lodi,,,,,
palmer,1984,California League,hayes,HAYT0184,Hayes,Terry,,Salinas,,,,,
palmer,1984,California League,heatherly,HEAS0184,Heatherly,Steve,,Redwood,,,,,
palmer,1984,California League,heise,HEIL0184,Heise,Larry,,San Jose,,,,,
palmer,1984,California League,henderson,HENW0184,Henderson,Wendell,,Lodi,,,,,
palmer,1984,California League,henning,HENR0284,Henning,Richard,,Fresno,,,,,
palmer,1984,California League,hill-sal,HILR0284,Hill,Roger,,Salinas,,,,,
palmer,1984,California League,hill-bak,HILT0184,Hill,Tim,,Bakersfield,,,,,
minoraverages/emilbb,1984,California League,hilton,M90946,Hilton,Dave,,Visalia,,,,,
palmer,1984,California League,hobaugh,HOBB0184,Hobaugh,Brian,,Visalia,,,,,
palmer,1984,California League,holland,HOLD0284,Holland,Don,,Salinas,,,,,
palmer,1984,California League,hoskins,HOSO0184,Hoskins,Osbe,,Reno,,,,,
palmer,1984,California League,howell,HOWJ0384,Howell,Jack,,Redwood,,,,,
palmer,1984,California League,hubbard.h,HUBH0184,Hubbard,Henry,,Reno,,,,,
palmer,1984,California League,hubbard.m,HUBM0184,Hubbard,Marlon,,Reno,,,,,
palmer,1984,California League,hudson,HUDK0184,Hudson,Lance,,San Jose,,,,,
palmer,1984,California League,hummel,HUMD0184,Hummel,Dean,,Fresno,,,,,
palmer,1984,California League,innis,INNB0184,Innis,Brian,,Bakersfield,,,,,
palmer,1984,California League,ishii,ISHT0184,Ishii,Keshi,,San Jose,,,,,
palmer,1984,California League,jackson,JACL0284,Jackson,Larry,,Stockton,,,,,
palmer,1984,California League,jacobson,JACJ0284,Jacobson,Jeff,,San Jose,,,,,
palmer,1984,California League,jacoby,JACD0284,Jacoby,Don,,San Jose,,,,,
palmer,1984,California League,james,JAMD0284,James,David,,Reno,,,,,
palmer,1984,California League,jaremko,JART0184,Jaremko,Tom,,Visalia,,,,,
palmer,1984,California League,jarrett,JARS0184,Jarrett,Mark,,Salinas,,,,,
palmer,1984,California League,jimenez,JIMJ0184,Jimenez,Ramon,,Redwood,,,,,
palmer,1984,California League,johnson.s,JOHS0284,Johnson,Scott,,Lodi,,,,,
palmer,1984,California League,johnson.t,JOHT0584,Johnson,Tom,,Lodi,,,,,
palmer,1984,California League,jones-ren,JOND0284,Jones,Dan,,Reno,,,,,
palmer,1984,California League,jones-lod,JONG0184,Jones,Gary,,Lodi,,,,,
palmer,1984,California League,jones-fre,JONG0284,Jones,Glenn,,Fresno,,,,,
palmer,1984,California League,kawamura,KAWK0184,Kawamura,Kazuaki,,San Jose,,,,,
palmer,1984,California League,kemmerling,KEMB0184,Kemmerling,Byron,,Redwood,,,,,
minoraverages/emilbb,1984,California League,kennedy,M90909,Kennedy,Junior,,Lodi,,,,,
palmer,1984,California League,kent,KENW0184,Kent,Wes,,San Jose,,,,,
minoraverages/emilbb,1984,California League,kim,M90914,Kim,Wendell,,Fresno,,,,,
palmer,1984,California League,kindred,KINC0184,Kindred,Curt,,Visalia,,,,,
palmer,1984,California League,king,KINJ0284,King,Joe,,Redwood,,,,,
palmer,1984,California League,kipper,KIPR0184,Kipper,Bob,,Redwood,,,,,
palmer,1984,California League,kirby,KIRW0184,Kirby,Wayne,,Bakersfield,,,,,
palmer,1984,California League,kobernus,KOBJ0184,Kobernus,Jeff,,Bakersfield,,,,,
palmer,1984,California League,kobernus,KOBJ0184,Kobernus,Jeff,,Modesto,,,,,
palmer,1984,California League,kockenmeister,KOCT0184,Kockenmeister,Ted,,Reno,,,,,
palmer,1984,California League,kopf,KOPD0184,Kopf,Dave,,Lodi,,,,,
minoraverages/emilbb,1984,California League,kotchman,M90843,Kotchman,Tom,,Redwood,,,,,
palmer,1984,California League,krsnich,KRSN0184,Krsnich,Nick,,San Jose,,,,,
palmer,1984,California League,kudo,KUDK0184,Kudo,Kim,,San Jose,,,,,
palmer,1984,California League,kuhn,KUHT0184,Kuhn,Todd,,Fresno,,,,,
palmer,1984,California League,kuhn,KUHT0184,Kuhn,Todd,,San Jose,,,,,
palmer,1984,California League,kushihara,KUSY0184,Kushihara,Yasuo,,San Jose,,,,,
palmer,1984,California League,lane-fre,LANE0184,Lane,Eric,,Fresno,,,,,
palmer,1984,California League,lane-sj,LANJ0184,Lane,Jerry,,San Jose,,,,,
palmer,1984,California League,law,LAWJ0184,Law,Joe,,Modesto,,,,,
minoraverages/emilbb,1984,California League,lejohn,M90923,LeJohn,Don Sr.,,Bakersfield,,,,,
palmer,1984,California League,lee,LEED0284,Lee,Derek,,Bakersfield,,,,,
palmer,1984,California League,leiper,LEID0184,Leiper,Dave,,Modesto,,,,,
palmer,1984,California League,lindquist,LIND0184,Lindquist,Dan,,Visalia,,,,,
palmer,1984,California League,loard,LOAB0184,Loard,Billy,,Fresno,,,,,
palmer,1984,California League,loard,LOAB0184,Loard,Billy,,San Jose,,,,,
palmer,1984,California League,long,LOND0184,Long,Don,,Fresno,,,,,
palmer,1984,California League,lora,LORJ0184,Lora,Jose,,Reno,,,,,
palmer,1984,California League,loscalzo,LOSR0184,Loscalzo,Bob,,Modesto,,,,,
palmer,1984,California League,mancuso,MANP0184,Mancuso,Paul,,Visalia,,,,,
palmer,1984,California League,marr,MARA0184,Marr,Alan,,Fresno,,,,,
palmer,1984,California League,marte,MARA0484,Marte,Alex,,Visalia,,,,,
palmer,1984,California League,martin,MARV0184,Martin,Vic,,Salinas,,,,,
palmer,1984,California League,may,MAYS0284,May,Scott,,Bakersfield,,,,,
palmer,1984,California League,mayberry,MAYG0184,Mayberry,Greg,,Bakersfield,,,,,
palmer,1984,California League,mccain,MCCM0384,McCain,Mike,,Salinas,,,,,
palmer,1984,California League,mccoy,MCCK0284,McCoy,Kevin,,Stockton,,,,,
palmer,1984,California League,mcdougal,MCDJ0184,McDougal,Julius,,Lodi,,,,,
palmer,1984,California League,mcgwire,MCGM0184,McGWire,Mark,,Modesto,,,,,
palmer,1984,California League,mckenzie,MCKD0184,McKenzie,Doug,,Redwood,,,,,
palmer,1984,California League,mclemore,MCLM0184,McLEmore,Mark,,Redwood,,,,,
palmer,1984,California League,meister,MEIM0184,Meister,Mickey,,Salinas,,,,,
palmer,1984,California League,miller-ren,MILE0184,Miller,Eddie,,Reno,,,,,
palmer,1984,California League,miller-lod,MILS0184,Miller,Scott,,Lodi,,,,,
palmer,1984,California League,miller-fre,MILS0284,Miller,Steve,,Fresno,,,,,
palmer,1984,California League,mills-ren,MILM0384,Mills,Mike,,Reno,,,,,
palmer,1984,California League,mills-sal,MILR0284,Mills,Craig,,Salinas,,,,,
minoraverages/emilbb,1984,California League,mitterwald,M90856,Mitterwald,George,,Modesto,,,,,
palmer,1984,California League,moncrief,MONA0184,Moncrief,Tony,,Modesto,,,,,
palmer,1984,California League,montgomery,MONR0384,Montgomery,Reg,,Redwood,,,,,
palmer,1984,California League,moore,MOOR0184,Moore,Rick,,Salinas,,,,,
palmer,1984,California League,moran.j,MORJ0284,Moran,Jorge,,Bakersfield,,,,,
palmer,1984,California League,moran.m,MORM0384,Moran,Mitch,,Bakersfield,,,,,
palmer,1984,California League,mulholland,MULT0184,Mulholland,Terry,,Fresno,,,,,
palmer,1984,California League,murtha,MURB0184,Murtha,Brian,,Fresno,,,,,
palmer,1984,California League,myers,MYED0184,Myers,Dave,,Salinas,,,,,
palmer,1984,California League,naber,NABR0184,Naber,Bob,,Fresno,,,,,
palmer,1984,California League,narita,NARY0184,Narita,Hiro,,San Jose,,,,,
palmer,1984,California League,newman,NEWR0284,Newman,Randy,,Salinas,,,,,
palmer,1984,California League,nichols,NICC0184,Nichols,Carl,,San Jose,,,,,
palmer,1984,California League,nichols,NICC0184,Nichols,Carl,,Redwood,,,,,
palmer,1984,California League,nieves,NIEJ0184,Nieves,Juan,,Stockton,,,,,
palmer,1984,California League,nittoli,NITM0184,Nittoli,Mike,,San Jose,,,,,
palmer,1984,California League,noce,NOCP0184,Noce,Paul,,Reno,,,,,
minoraverages/emilbb,1984,California League,nordbrook,M90870,Nordbrook,Tim,,Stockton,,,,,
palmer,1984,California League,norman,NORC0184,Norman,Scott,,Fresno,,,,,
palmer,1984,California League,norton,NORD0184,Norton,Doug,,Stockton,,,,,
palmer,1984,California League,obrien,OBRC0184,O'Brien,Charlie,,Modesto,,,,,
palmer,1984,California League,odell,ODEJ0184,O'Dell,Jeff,,San Jose,,,,,
palmer,1984,California League,oakes,OAKT0184,Oakes,Todd,,Fresno,,,,,
palmer,1984,California League,palma,PALG0184,Palma,Jay,,San Jose,,,,,
palmer,1984,California League,parks,PARJ0484,Parks,Jeff,,Reno,,,,,
palmer,1984,California League,parmenter,PARG0184,Parmenter,Gary,,Lodi,,,,,
minoraverages/emilbb,1984,California League,pazik,M90881,Pazik,Mike,,Stockton,,,,,
palmer,1984,California League,pedersen,PEDM0284,Pedersen,Mark,,Salinas,,,,,
palmer,1984,California League,penigar,PENC0184,Penigar,C.L.,,Fresno,,,,,
palmer,1984,California League,perkins,PERH0284,Perkins,Harold,,Bakersfield,,,,,
palmer,1984,California League,perkins,PERH0284,Perkins,Harold,,Stockton,,,,,
palmer,1984,California League,peterson,PETA0284,Peterson,Allen,,Redwood,,,,,
palmer,1984,California League,phillips,PHIJ0184,Phillips,Jim,,Lodi,,,,,
palmer,1984,California League,picart,PICJ0284,Picart,Juan,,Bakersfield,,,,,
palmer,1984,California League,piper,PIPB0184,Piper,Brian,,Bakersfield,,,,,
palmer,1984,California League,pitts,PITD0184,Pitts,Daryl,,San Jose,,,,,
palmer,1984,California League,plesac,PLED0184,Plesac,Dan,,Stockton,,,,,
palmer,1984,California League,pott,POTL0184,Pott,Larry,,Reno,,,,,
palmer,1984,California League,price,PRIB0184,Price,Bryan,,Redwood,,,,,
palmer,1984,California League,psaltis,PSAS0184,Psaltis,Spiro,,Redwood,,,,,
palmer,1984,California League,raubolt,RAUA0184,Raubolt,Art,,Salinas,,,,,
palmer,1984,California League,ray,RAYA0184,Ray,Artie,,San Jose,,,,,
palmer,1984,California League,raymer,RAYG0184,Raymer,Greg,,Reno,,,,,
palmer,1984,California League,reece,REEJ0484,Reece,Jeff,,Stockton,,,,,
palmer,1984,California League,reibel,REID0284,Reibel,Doug,,Redwood,,,,,
palmer,1984,California League,reinholtz,REIJ0184,Reinholtz,Jack,,Salinas,,,,,
palmer,1984,California League,rentschler,RENT0184,Rentschler,Tom,,Redwood,,,,,
palmer,1984,California League,rhinehart,RHIR0184,Rhinehart,Randy,,San Jose,,,,,
palmer,1984,California League,richie,RICB0284,Richie,Bennie,,Visalia,,,,,
palmer,1984,California League,rivera,RIVL0184,Rivera,Luis,,Bakersfield,,,,,
palmer,1984,California League,rizzo,RIZM0184,Rizzo,Mike,,Redwood,,,,,
palmer,1984,California League,roadcap,ROAS0184,Roadcap,Steve,,Lodi,,,,,
palmer,1984,California League,robidoux,ROBW0184,Robidoux,Billy Jo,,Stockton,,,,,
palmer,1984,California League,robinson,ROBB0484,Robinson,Bruce,,Modesto,,,,,
palmer,1984,California League,robles,ROBG0184,Robles,Greg,,Modesto,,,,,
palmer,1984,California League,rodriguez-mod,RODR0684,Rodriguez,Rick,,Modesto,,,,,
palmer,1984,California League,rodriguez-ren,RODR0784,Rodriguez,Rigo,,Reno,,,,,
palmer,1984,California League,rojas,ROJJ0184,Rojas,Jeff,,Visalia,,,,,
palmer,1984,California League,roma,ROMD0184,Roma,Dan,,San Jose,,,,,
palmer,1984,California League,roomes,ROOR0184,Roomes,Rolando,,Lodi,,,,,
palmer,1984,California League,rosenhahn,ROSD0284,Rosenhahn,Dave,,Lodi,,,,,
palmer,1984,California League,roth,ROTJ0184,Roth,John,,Modesto,,,,,
palmer,1984,California League,rowen,ROWR0184,Rowen,Rob,,Bakersfield,,,,,
palmer,1984,California League,ruthven,RUTR0184,Ruthven,Dick,,Lodi,,,,,
palmer,1984,California League,rutledge,RUTJ0184,Rutledge,Jeff,,Lodi,,,,,
palmer,1984,California League,salery,SALJ0284,Salery,Johnny,,Visalia,,,,,
palmer,1984,California League,sanderson,SANS0184,Sanderson,Scott,,Lodi,,,,,
palmer,1984,California League,santiago,SANB0184,Santiago,Benito,,Reno,,,,,
palmer,1984,California League,sasser,SASM0184,Sasser,Mackey,,Fresno,,,,,
palmer,1984,California League,saverino,SAVM0184,Saverino,Mike,,Redwood,,,,,
palmer,1984,California League,scheer,SCHR0184,Scheer,Ron,,Visalia,,,,,
palmer,1984,California League,scherer,SCHD0384,Scherer,Doug,,Modesto,,,,,
palmer,1984,California League,schugel,SCHJ0684,Schugel,Jeff,,Visalia,,,,,
palmer,1984,California League,scudder,SCUW0184,Scudder,Bill,,Bakersfield,,,,,
palmer,1984,California League,serritella,SERJ0184,Serritella,John,,Bakersfield,,,,,
palmer,1984,California League,sferrazza,SFEM0184,Sferrazza,Matt,,Stockton,,,,,
palmer,1984,California League,sheppard,SHEP0184,Sheppard,Phil,,Visalia,,,,,
palmer,1984,California League,shirahata,SHIK0184,Shirahata,Hiro,,San Jose,,,,,
palmer,1984,California League,sierra,SIEU0184,Sierra,Candy,,Reno,,,,,
minoraverages/emilbb,1984,California League,skaalen,M90862,Skaalen,Jim,,Reno,,,,,
palmer,1984,California League,smith-sal,SMID0484,Smith,Dave,,Salinas,,,,,
palmer,1984,California League,smith.l-mod,SMIL0284,Smith,Larry,,Modesto,,,,,
palmer,1984,California League,smith.c-mod,SMIR0184,Smith,Curt,,Modesto,,,,,
palmer,1984,California League,smith-fre,SMIS0284,Smith,Steve,,Fresno,,,,,
palmer,1984,California League,smith-red,SMIT0484,Smith,Tom,,Redwood,,,,,
palmer,1984,California League,sowards,SOWV0184,Sowards,Van,,Fresno,,,,,
palmer,1984,California League,stanek,STAM0184,Stanek,Mike,,Stockton,,,,,
palmer,1984,California League,stewart,STEC0284,Stewart,Chuck,,Lodi,,,,,
palmer,1984,California League,strichek,STRJ0284,Strichek,Jim,,Modesto,,,,,
palmer,1984,California League,strom,STRP0184,Strom,Phil,,San Jose,,,,,
palmer,1984,California League,sua,SUAM0184,Su'A,Murphy,,Stockton,,,,,
palmer,1984,California League,suarez,SUAB0184,Suarez,Brian,,Lodi,,,,,
palmer,1984,California League,suehr,SUES0184,Suehr,Scott,,Redwood,,,,,
palmer,1984,California League,szekely,SZEJ0184,Szekely,Joe,,Bakersfield,,,,,
palmer,1984,California League,taft,TAFD0184,Taft,Dennis,,Fresno,,,,,
palmer,1984,California League,takayama,TAKI0184,Takayama,Ikuo,,San Jose,,,,,
palmer,1984,California League,tarangelo,TARJ0184,Tarangelo,Joe,,Visalia,,,,,
palmer,1984,California League,taylor,TAYT0184,Taylor,Terry,,Salinas,,,,,
palmer,1984,California League,tejeda,TEJF0184,Tejeda,Felix,,Bakersfield,,,,,
palmer,1984,California League,thayer,THAV0184,Thayer,Von,,Lodi,,,,,
palmer,1984,California League,thomas-sto,THOF0184,Thomas,Frank,,Stockton,,,,,
palmer,1984,California League,thomas-fre,THOJ0384,Thomas,Todd,,Fresno,,,,,
palmer,1984,California League,thomas-sj,THOT0384,Thomas,Troy,,San Jose,,,,,
palmer,1984,California League,thompson-fre,THOR0484,Thompson,Robby,,Fresno,,,,,
palmer,1984,California League,thompson-vis,THOT0684,Thompson,Tim,,Visalia,,,,,
palmer,1984,California League,thrower,THRA0184,Thrower,Keith,,Modesto,,,,,
palmer,1984,California League,timberlake,TIMD0184,Timberlake,Don,,Redwood,,,,,
palmer,1984,California League,tolentino,TOLJ0184,Tolentino,Jose,,Modesto,,,,,
palmer,1984,California League,torres,TORJ0184,Torres,Bucky,,Bakersfield,,,,,
palmer,1984,California League,tunnell,TUNF0184,Tunnell,Frank,,Salinas,,,,,
palmer,1984,California League,utecht,UTET0184,Utecht,Tim,,Stockton,,,,,
palmer,1984,California League,utley,UTLJ0184,Utley,Jim,,Fresno,,,,,
palmer,1984,California League,vanburkleo,VANT0284,Vanburkleo,Ty,,Stockton,,,,,
palmer,1984,California League,vanderburg,VANM0184,Vanderburg,Mike,,San Jose,,,,,
palmer,1984,California League,vega,VEGL0184,Vega,Luis,,Salinas,,,,,
palmer,1984,California League,wadley,WADA0184,Wadley,Tony,,San Jose,,,,,
palmer,1984,California League,walker-bak,WALS0284,Walker,Steve,,Bakersfield,,,,,
palmer,1984,California League,walker-sto,WALW0184,Walker,Cam,,Stockton,,,,,
palmer,1984,California League,ward,WARJ0184,Ward,Jimmy,,Bakersfield,,,,,
palmer,1984,California League,westmoreland,WESJ0184,Westmoreland,John,,Reno,,,,,
palmer,1984,California League,wetzel,WETT0184,Wetzel,Tom,,Fresno,,,,,
palmer,1984,California League,white-red,WHID0384,White,Devon,,Redwood,,,,,
palmer,1984,California League,white-bak,WHIW0284,White,Bill,,Bakersfield,,,,,
palmer,1984,California League,wiggins,WIGK0184,Wiggins,Kevin,,Reno,,,,,
palmer,1984,California League,wilburn,WILF0284,Wilburn,Fred,,Redwood,,,,,
palmer,1984,California League,williams.b-bak,WILB0184,Williams,Brian,,Bakersfield,,,,,
palmer,1984,California League,williams-sto,WILB0284,Williams,Bruce,,Stockton,,,,,
palmer,1984,California League,williams-vis,WILD0184,Williams,Dave,,Visalia,,,,,
palmer,1984,California League,williams.e-bak+sj,WILE0184,Williams,Ed,,Bakersfield,,,,,
palmer,1984,California League,williams.e-bak+sj,WILE0184,Williams,Ed,,San Jose,,,,,
palmer,1984,California League,williams-ren,WILM0184,Williams,Mitch,,Reno,,,,,
palmer,1984,California League,williamson,WILM0284,Williamson,Mark,,Reno,,,,,
palmer,1984,California League,wilson.roger,WILR0384,Wilson,Roger,,San Jose,,,,,
palmer,1984,California League,wilson.randy,WILR0484,Wilson,Randy,,San Jose,,,,,
palmer,1984,California League,winters,WINM0284,Winters,Mark,,Stockton,,,,,
palmer,1984,California League,wright,WRIP0184,Wright,Paul,,Redwood,,,,,
palmer,1984,California League,wrona,WROW0184,Wrona,Billy,,Reno,,,,,
palmer,1984,California League,yokubaitis,YOKD0184,Yokubaitis,Dan,,Fresno,,,,,
palmer,1984,California League,zamba,ZAMM0184,Zamba,Mike,,San Jose,,,,,
palmer,1984,California League,zmudosky,ZMUT0184,Zmudosky,Tom,,Modesto,,,,,
