source,league.year,league.name,ident,person.ref,person.name.last,person.name.given,S_STINT,entry.name,S_FIRST,S_LAST,B_G,P_G,pos
palmer,1984,Pacific Coast League,adams,ADAR0284,Adams,Ricky,,Edmonton,,,,,
palmer,1984,Pacific Coast League,aguayo,AGUL0184,Aguayo,Luis,,Portland,,,,,
palmer,1984,Pacific Coast League,alexander,ALER0184,Alexander,Roberto,,Albuquerque,,,,,
palmer,1984,Pacific Coast League,alicea,ALIM0184,Alicea,Miguel,,Vancouver,,,,,
palmer,1984,Pacific Coast League,allard,ALLB0184,Allard,Brian,,Salt Lake City,,,,,
palmer,1984,Pacific Coast League,allen-sl,ALLJ0384,Allen,Jamie,,Salt Lake City,,,,,
palmer,1984,Pacific Coast League,allen-alb,ALLR0284,Allen,Robbie,,Albuquerque,,,,,
palmer,1984,Pacific Coast League,alvarez,ALVJ0184,Alvarez,Jose,,Tucson,,,,,
palmer,1984,Pacific Coast League,amelung,AMEE0184,Amelung,Ed,,Albuquerque,,,,,
palmer,1984,Pacific Coast League,anderson,ANDM0184,Anderson,Mike,,Tucson,,,,,
palmer,1984,Pacific Coast League,anderson,ANDM0184,Anderson,Mike,,Vancouver,,,,,
palmer,1984,Pacific Coast League,angulo,ANGK0184,Angulo,Ken,,Edmonton,,,,,
palmer,1984,Pacific Coast League,arnold,ARNR0184,Arnold,Ron,,Tacoma,,,,,
palmer,1984,Pacific Coast League,augustine,AUGG0184,Augustine,Jerry,,Vancouver,,,,,
palmer,1984,Pacific Coast League,babcock,BABR0184,Babcock,Bob,,Salt Lake City,,,,,
palmer,1984,Pacific Coast League,bathe.bob,BATR0184,Bathe,Bob,,Tacoma,,,,,
palmer,1984,Pacific Coast League,bathe.bill,BATW0184,Bathe,Bill,,Tacoma,,,,,
palmer,1984,Pacific Coast League,beard,BEAD0184,Beard,Dave,,Salt Lake City,,,,,
palmer,1984,Pacific Coast League,beene,BEER0184,Beene,Andy,,Vancouver,,,,,
palmer,1984,Pacific Coast League,bennett,BENJ0284,Bennett,Jim,,Tacoma,,,,,
palmer,1984,Pacific Coast League,bernard,BERD0384,Bernard,Dwight,,Tucson,,,,,
palmer,1984,Pacific Coast League,best,BESK0184,Best,Karl,,Salt Lake City,,,,,
palmer,1984,Pacific Coast League,bielecki,BIEM0184,Bielecki,Mike,,Hawaii,,,,,
palmer,1984,Pacific Coast League,blobaum,BLOG0184,Blobaum,Jeff,,Phoenix,,,,,
palmer,1984,Pacific Coast League,bochy,BOCB0184,Bochy,Bruce,,Las Vegas,,,,,
palmer,1984,Pacific Coast League,bockus,BOCR0184,Bockus,Randy,,Phoenix,,,,,
palmer,1984,Pacific Coast League,bonine,BONE0184,Bonine,Ed,,Tucson,,,,,
palmer,1984,Pacific Coast League,booker,BOOG0184,Booker,Greg,,Las Vegas,,,,,
palmer,1984,Pacific Coast League,boone,BOOD0184,Boone,Danny,,Vancouver,,,,,
palmer,1984,Pacific Coast League,borbon,BORE0284,Borbon,Ernesto,,Albuquerque,,,,,
palmer,1984,Pacific Coast League,bradley,BRAS0284,Bradley,Bert,,Tacoma,,,,,
palmer,1984,Pacific Coast League,brantley,BRAM0184,Brantley,Mickey,,Salt Lake City,,,,,
palmer,1984,Pacific Coast League,bream,BRES0184,Bream,Sid,,Albuquerque,,,,,
palmer,1984,Pacific Coast League,brewer,BREA0184,Brewer,Tony,,Albuquerque,,,,,
palmer,1984,Pacific Coast League,brock,BROG0184,Brock,Greg,,Albuquerque,,,,,
palmer,1984,Pacific Coast League,brown-pho,BROJ0484,Brown,Chris,,Phoenix,,,,,
palmer,1984,Pacific Coast League,brown-lv,BROL0184,Brown,Larry,,Las Vegas,,,,,
palmer,1984,Pacific Coast League,brown.m-edm,BROM0384,Brown,Mike,,Edmonton,,,,,
palmer,1984,Pacific Coast League,brown-sl,BROR0284,Brown,Renard,,Salt Lake City,,,,,
palmer,1984,Pacific Coast League,brown.s-edm,BROS0384,Brown,Steve,,Edmonton,,,,,
palmer,1984,Pacific Coast League,browning,BROM0184,Browning,Mike,,Edmonton,,,,,
palmer,1984,Pacific Coast League,bullock,BULE0184,Bullock,Eric,,Tucson,,,,,
palmer,1984,Pacific Coast League,bundy,BUNL0184,Bundy,Bud,,Hawaii,,,,,
palmer,1984,Pacific Coast League,burns,BURD0184,Burns,Dan,,Vancouver,,,,,
palmer,1984,Pacific Coast League,burroughs,BURD0384,Burroughs,Darren,,Las Vegas,,,,,
palmer,1984,Pacific Coast League,bystrom,BYSM0184,Bystrom,Marty,,Portland,,,,,
palmer,1984,Pacific Coast League,calderon-sl,CALI0184,Calderon,Ivan,,Salt Lake City,,,,,
palmer,1984,Pacific Coast League,calderon-por,CALJ0284,Calderon,Jose,,Portland,,,,,
palmer,1984,Pacific Coast League,calhoun,CALJ0184,Calhoun,Jeff,,Tucson,,,,,
palmer,1984,Pacific Coast League,calvert,CALM0484,Calvert,Mark,,Phoenix,,,,,
palmer,1984,Pacific Coast League,candiotti,CANT0184,Candiotti,Tom,,Vancouver,,,,,
palmer,1984,Pacific Coast League,carman,CARD0584,Carman,Don,,Portland,,,,,
palmer,1984,Pacific Coast League,castillo,CASJ0284,Castillo,Juan,,Vancouver,,,,,
palmer,1984,Pacific Coast League,chambers,CHAA0184,Chambers,Al,,Salt Lake City,,,,,
palmer,1984,Pacific Coast League,charboneau,CHAJ0284,Charboneau,Joe,,Hawaii,,,,,
palmer,1984,Pacific Coast League,chiffer,CHIF0184,Chiffer,Floyd,,Las Vegas,,,,,
palmer,1984,Pacific Coast League,clark,CLAC0284,Clark,Chris,,Edmonton,,,,,
palmer,1984,Pacific Coast League,clements,CLEW0184,Clements,Wes,,Tucson,,,,,
palmer,1984,Pacific Coast League,cliburn-haw,CLIS0184,Cliburn,Stan,,Hawaii,,,,,
palmer,1984,Pacific Coast League,cliburn-edm,CLIS0284,Cliburn,Stew,,Edmonton,,,,,
minoraverages/emilbb,1984,Pacific Coast League,cluck,M90511,Cluck,Bob,,Las Vegas,,,,,
palmer,1984,Pacific Coast League,codiroli,CODC0184,Codiroli,Chris,,Tacoma,,,,,
palmer,1984,Pacific Coast League,cole,COLW0184,Cole,Rodger,,Portland,,,,,
palmer,1984,Pacific Coast League,coleman,COLR0284,Coleman,Rick,,Las Vegas,,,,,
palmer,1984,Pacific Coast League,coles,COLD0184,Coles,Darnell,,Salt Lake City,,,,,
minoraverages/emilbb,1984,Pacific Coast League,collins,M90540,Collins,Terry,,Albuquerque,,,,,
palmer,1984,Pacific Coast League,collins,COLT0284,Collins,Terry,,Albuquerque,,,,,
palmer,1984,Pacific Coast League,connally,CONF0284,Connally,Fritzie,,Las Vegas,,,,,
palmer,1984,Pacific Coast League,corbett,CORD0284,Corbett,Doug,,Edmonton,,,,,
palmer,1984,Pacific Coast League,cornell,CORJ0184,Cornell,Jeff,,Phoenix,,,,,
palmer,1984,Pacific Coast League,couchee,COUM0184,Couchee,Mike,,Las Vegas,,,,,
palmer,1984,Pacific Coast League,crone,CROW0184,Crone,Bill,,Salt Lake City,,,,,
palmer,1984,Pacific Coast League,cuellar,CUER0184,Cuellar,Bobby,,Salt Lake City,,,,,
palmer,1984,Pacific Coast League,curtis,CURJ0184,Curtis,John,,Edmonton,,,,,
palmer,1984,Pacific Coast League,cypret,CYPG0184,Cypret,Greg,,Tucson,,,,,
palmer,1984,Pacific Coast League,darkis,DARW0184,Darkis,Willie,,Portland,,,,,
palmer,1984,Pacific Coast League,daulton,DAUD0184,Daulton,Darren,,Portland,,,,,
palmer,1984,Pacific Coast League,davidsmeier,DAVD0284,Davidsmeier,Dan,,Vancouver,,,,,
palmer,1984,Pacific Coast League,davis-sl,DAVA0284,Davis,Alvin,,Salt Lake City,,,,,
palmer,1984,Pacific Coast League,davis-tuc,DAVG0284,Davis,Glenn,,Tucson,,,,,
palmer,1984,Pacific Coast League,davis-lv,DAVG0384,Davis,Gerry,,Las Vegas,,,,,
palmer,1984,Pacific Coast League,davis-haw,DAVT0184,Davis,Trench,,Hawaii,,,,,
palmer,1984,Pacific Coast League,davisson,DAVR0584,Davisson,Jay,,Portland,,,,,
palmer,1984,Pacific Coast League,desimone,DESG0184,De Simone,Jerry,,Las Vegas,,,,,
palmer,1984,Pacific Coast League,deleon,DELL0484,DeLeon,Luis,,Las Vegas,,,,,
palmer,1984,Pacific Coast League,debus,DEBJ0184,Debus,Jon,,Albuquerque,,,,,
palmer,1984,Pacific Coast League,decker,DECD0184,Decker,Marty,,Las Vegas,,,,,
palmer,1984,Pacific Coast League,deer,DEER0184,Deer,Rob,,Phoenix,,,,,
palmer,1984,Pacific Coast League,delossantos,DELR0284,Delossantos,Ramon,,Tacoma,,,,,
palmer,1984,Pacific Coast League,diaz-alb,DIAC0284,Diaz,Carlos,,Albuquerque,,,,,
palmer,1984,Pacific Coast League,diaz-por,DIAM0184,Diaz,Mike,,Portland,,,,,
palmer,1984,Pacific Coast League,distefano,DISB0184,Distefano,Benny,,Hawaii,,,,,
palmer,1984,Pacific Coast League,dowell,DOWK0284,Dowell,Ken,,Portland,,,,,
palmer,1984,Pacific Coast League,downs,DOWK0184,Downs,Kelly,,Portland,,,,,
palmer,1984,Pacific Coast League,duncan,DUNJ0184,Duncan,John,,Salt Lake City,,,,,
palmer,1984,Pacific Coast League,duquette,DUQB0184,Duquette,Bryan,,Vancouver,,,,,
palmer,1984,Pacific Coast League,edwards,EDWM0184,Edwards,Marshall,,Vancouver,,,,,
palmer,1984,Pacific Coast League,eichelberger,EICJ0184,Eichelberger,Juan,,Vancouver,,,,,
minoraverages/emilbb,1984,Pacific Coast League,elia,M90492,Elia,Lee,,Portland,,,,,
palmer,1984,Pacific Coast League,farmer,FARE0184,Farmer,Ed,,Tacoma,,,,,
palmer,1984,Pacific Coast League,farr,FARJ0284,Farr,Jimmy,,Phoenix,,,,,
palmer,1984,Pacific Coast League,felt,FELR0284,Felt,Rick,,Albuquerque,,,,,
palmer,1984,Pacific Coast League,fimple,FIMJ0184,Fimple,Jack,,Albuquerque,,,,,
palmer,1984,Pacific Coast League,finch,FINS0184,Finch,Steve,,Edmonton,,,,,
palmer,1984,Pacific Coast League,fireovid,FIRS0184,Fireovid,Steve,,Portland,,,,,
minoraverages/emilbb,1984,Pacific Coast League,floyd,M90459,Floyd,Bobby,,Salt Lake City,,,,,
palmer,1984,Pacific Coast League,foley,FOLR0184,Foley,Rick,,Tucson,,,,,
palmer,1984,Pacific Coast League,followell,FOLV0184,Followell,Vern,,Tucson,,,,,
palmer,1984,Pacific Coast League,ford,FORD0284,Ford,Dave,,Tacoma,,,,,
palmer,1984,Pacific Coast League,fowlkes,FOWA0184,Fowlkes,Alan,,Phoenix,,,,,
minoraverages/emilbb,1984,Pacific Coast League,galante,M90522,Galante,Matt,,Tucson,,,,,
palmer,1984,Pacific Coast League,gallego,GALM0184,Gallego,Mike,,Tacoma,,,,,
palmer,1984,Pacific Coast League,garcia,GARS0284,Garcia,Steve,,Las Vegas,,,,,
palmer,1984,Pacific Coast League,garrelts,GARS0384,Garrelts,Scott,,Phoenix,,,,,
palmer,1984,Pacific Coast League,gaynor,GAYR0184,Gaynor,Richie,,Portland,,,,,
palmer,1984,Pacific Coast League,geisel,GEIJ0184,Geisel,Dave,,Salt Lake City,,,,,
palmer,1984,Pacific Coast League,gerber,GERC0184,Gerber,Craig,,Edmonton,,,,,
palmer,1984,Pacific Coast League,ghelfi,GHEA0184,Ghelfi,Tony,,Portland,,,,,
palmer,1984,Pacific Coast League,gibson,GIBR0284,Gibson,Bob,,Vancouver,,,,,
palmer,1984,Pacific Coast League,gladden,GLAC0284,Gladden,Dan,,Phoenix,,,,,
palmer,1984,Pacific Coast League,gleaton,GLEJ0284,Gleaton,Jerry Don,,Salt Lake City,,,,,
palmer,1984,Pacific Coast League,gomez,GOMR0184,Gomez,Randy,,Phoenix,,,,,
palmer,1984,Pacific Coast League,gonzalez,GOND0284,Gonzalez,Denny,,Hawaii,,,,,
palmer,1984,Pacific Coast League,goodwin,GOOD0184,Goodwin,Danny,,Tacoma,,,,,
palmer,1984,Pacific Coast League,grant,GRAM0184,Grant,Mark,,Phoenix,,,,,
palmer,1984,Pacific Coast League,gray,GRAG0184,Gray,Gary,,Vancouver,,,,,
palmer,1984,Pacific Coast League,green,GREC0184,Green,Chris,,Hawaii,,,,,
palmer,1984,Pacific Coast League,guillen,GUIO0184,Guillen,Ozzie,,Las Vegas,,,,,
palmer,1984,Pacific Coast League,gwosdz,GWOD0184,Gwosdz,Doug,,Las Vegas,,,,,
palmer,1984,Pacific Coast League,hamm,HAMT0184,Hamm,Tim,,Las Vegas,,,,,
palmer,1984,Pacific Coast League,hammaker,HAMC0284,Hammaker,Atlee,,Phoenix,,,,,
palmer,1984,Pacific Coast League,hamric,HAMR0584,Hamric,Russ,,Portland,,,,,
palmer,1984,Pacific Coast League,hancock,HANR0484,Hancock,Garry,,Tacoma,,,,,
palmer,1984,Pacific Coast League,harrison,HARR0284,Harrison,Ron,,Tacoma,,,,,
palmer,1984,Pacific Coast League,hartzell,HARP0184,Hartzell,Paul,,Vancouver,,,,,
palmer,1984,Pacific Coast League,hayward,HAYR0384,Hayward,Ray,,Las Vegas,,,,,
palmer,1984,Pacific Coast League,heathcock,HEAR0184,Heathcock,Jeff,,Tucson,,,,,
palmer,1984,Pacific Coast League,heimueller,HEIG0184,Heimueller,Gorman,,Tacoma,,,,,
palmer,1984,Pacific Coast League,hensley,HENC0284,Hensley,Chuck,,Tacoma,,,,,
palmer,1984,Pacific Coast League,hensley,HENC0284,Hensley,Chuck,,Vancouver,,,,,
palmer,1984,Pacific Coast League,hernandez,HERM0184,Hernandez,Manny,,Tucson,,,,,
palmer,1984,Pacific Coast League,herz,HERS0184,Herz,Steve,,Hawaii,,,,,
palmer,1984,Pacific Coast League,higuera,HIGT0184,Higuera,Teddy,,Vancouver,,,,,
palmer,1984,Pacific Coast League,hill,HILD0184,Hill,Donnie,,Tacoma,,,,,
palmer,1984,Pacific Coast League,hinshaw,HING0184,Hinshaw,George,,Las Vegas,,,,,
palmer,1984,Pacific Coast League,holton,HOLB0184,Holton,Brian,,Albuquerque,,,,,
palmer,1984,Pacific Coast League,hotchkiss,HOTJ0184,Hotchkiss,John,,Tacoma,,,,,
palmer,1984,Pacific Coast League,howard,HOWM0284,Howard,Mike,,Hawaii,,,,,
palmer,1984,Pacific Coast League,howell,HOWK0184,Howell,Ken,,Albuquerque,,,,,
palmer,1984,Pacific Coast League,hudgens,HUDD0184,Hudgens,Dave,,Tacoma,,,,,
palmer,1984,Pacific Coast League,hudson,HUDR0184,Hudson,Bob,,Tacoma,,,,,
palmer,1984,Pacific Coast League,huppert,HUPD0184,Huppert,Dave,,Vancouver,,,,,
palmer,1984,Pacific Coast League,jeltz,JELL0184,Jeltz,Steve,,Portland,,,,,
palmer,1984,Pacific Coast League,jones-tuc,JONC0584,Jones,Chris,,Tucson,,,,,
palmer,1984,Pacific Coast League,jones-van,JOND0384,Jones,Doug,,Vancouver,,,,,
palmer,1984,Pacific Coast League,jones-pho,JONG0284,Jones,Glenn,,Phoenix,,,,,
palmer,1984,Pacific Coast League,jones-tac,JONJ0684,Jones,Jeff,,Tacoma,,,,,
palmer,1984,Pacific Coast League,kain,KAIM0184,Kain,Marty,,Edmonton,,,,,
palmer,1984,Pacific Coast League,kaiser,KAIJ0184,Kaiser,Jeff,,Tacoma,,,,,
palmer,1984,Pacific Coast League,keedy,KEEC0184,Keedy,Pat,,Edmonton,,,,,
palmer,1984,Pacific Coast League,kerfeld,KERC0184,Kerfeld,Charlie,,Tucson,,,,,
palmer,1984,Pacific Coast League,kibbe,KIBJ0184,Kibbe,Jay,,Edmonton,,,,,
palmer,1984,Pacific Coast League,kiefer,KIES0184,Kiefer,Steve,,Tacoma,,,,,
palmer,1984,Pacific Coast League,kingman,KINB0284,Kingman,Brian,,Phoenix,,,,,
palmer,1984,Pacific Coast League,knudson,KNUM0184,Knudson,Mark,,Tucson,,,,,
palmer,1984,Pacific Coast League,koenigsfeld,KOER0184,Koenigsfeld,Ron,,Vancouver,,,,,
palmer,1984,Pacific Coast League,koontz,KOOJ0184,Koontz,Jim,,Vancouver,,,,,
palmer,1984,Pacific Coast League,krauss,KRAT0284,Krauss,Tim,,Edmonton,,,,,
palmer,1984,Pacific Coast League,krawczyk,KRAR0384,Krawczyk,Ray,,Hawaii,,,,,
palmer,1984,Pacific Coast League,kromy,KROT0184,Kromy,Ted,,Portland,,,,,
palmer,1984,Pacific Coast League,krueger,KRUW0184,Krueger,Bill,,Tacoma,,,,,
palmer,1984,Pacific Coast League,kruk,KRUJ0184,Kruk,John,,Las Vegas,,,,,
palmer,1984,Pacific Coast League,kutcher,KUTR0184,Kutcher,Randy,,Phoenix,,,,,
palmer,1984,Pacific Coast League,lacorte,LACF0184,LaCorte,Frank,,Edmonton,,,,,
palmer,1984,Pacific Coast League,lavalliere,LAVM0184,LaValliere,Mike,,Portland,,,,,
palmer,1984,Pacific Coast League,lacey,LACR0184,Lacey,Bob,,Phoenix,,,,,
palmer,1984,Pacific Coast League,lamonde,LAML0184,Lamonde,Larry,,Hawaii,,,,,
palmer,1984,Pacific Coast League,lancellotti,LANR0184,Lancellotti,Rick,,Las Vegas,,,,,
palmer,1984,Pacific Coast League,landestoy,LANR0284,Landestoy,Rafael,,Albuquerque,,,,,
palmer,1984,Pacific Coast League,langford,LANJ0384,Langford,Rick,,Tacoma,,,,,
palmer,1984,Pacific Coast League,lansford,LANJ0284,Lansford,Joe,,Las Vegas,,,,,
palmer,1984,Pacific Coast League,lazorko,LAZJ0184,Lazorko,Jack,,Vancouver,,,,,
palmer,1984,Pacific Coast League,legg,LEGG0184,Legg,Greg,,Portland,,,,,
palmer,1984,Pacific Coast League,leiper,LEID0184,Leiper,Dave,,Tacoma,,,,,
palmer,1984,Pacific Coast League,leopold,LEOJ0184,Leopold,Jim,,Las Vegas,,,,,
palmer,1984,Pacific Coast League,lesley,LESB0184,Lesley,Brad,,Vancouver,,,,,
palmer,1984,Pacific Coast League,lewis,LEWJ0384,Lewis,Jim,,Salt Lake City,,,,,
palmer,1984,Pacific Coast League,lezcano,LEZC0184,Lezcano,Carlos,,Tacoma,,,,,
palmer,1984,Pacific Coast League,liddle,LIDS0184,Liddle,Steve,,Edmonton,,,,,
palmer,1984,Pacific Coast League,loman,LOMD0184,Loman,Doug,,Vancouver,,,,,
palmer,1984,Pacific Coast League,long,LONR0184,Long,Bob,,Salt Lake City,,,,,
palmer,1984,Pacific Coast League,loucks,LOUS0284,Loucks,Scott,,Tucson,,,,,
palmer,1984,Pacific Coast League,lubratich,LUBS0184,Lubratich,Steve,,Edmonton,,,,,
palmer,1984,Pacific Coast League,madden,MADM0384,Madden,Mike,,Tucson,,,,,
palmer,1984,Pacific Coast League,maddux,MADM0284,Maddux,Mike,,Portland,,,,,
palmer,1984,Pacific Coast League,maler,MALJ0384,Maler,Jim,,Portland,,,,,
palmer,1984,Pacific Coast League,malkin,MALJ0284,Malkin,John,,Hawaii,,,,,
palmer,1984,Pacific Coast League,martin-pho,MARD0384,Martin,Renie,,Phoenix,,,,,
palmer,1984,Pacific Coast League,martin-lv,MARJ0484,Martin,Mike,,Las Vegas,,,,,
palmer,1984,Pacific Coast League,martin-alb,MARS0284,Martin,Steve,,Albuquerque,,,,,
palmer,1984,Pacific Coast League,mathis,MATR0384,Mathis,Ron,,Tucson,,,,,
palmer,1984,Pacific Coast League,mccaskill,MCCK0184,McCAskill,Kirk,,Edmonton,,,,,
palmer,1984,Pacific Coast League,mcdonald,MCDR0284,McDonald,Rusty,,Tacoma,,,,,
palmer,1984,Pacific Coast League,mchenry,MCHV0184,McHenry,Vance,,Hawaii,,,,,
palmer,1984,Pacific Coast League,mchenry,MCHV0184,McHenry,Vance,,Salt Lake City,,,,,
palmer,1984,Pacific Coast League,mclaughlin,MCLM0284,McLaughlin,Bo,,Phoenix,,,,,
palmer,1984,Pacific Coast League,melendez,MELF0184,Melendez,Francisco,,Portland,,,,,
palmer,1984,Pacific Coast League,mercado,MERO0184,Mercado,Orlando,,Salt Lake City,,,,,
palmer,1984,Pacific Coast League,meyer,MEYD0184,Meyer,Dan,,Tacoma,,,,,
palmer,1984,Pacific Coast League,miller-edm,MILD0384,Miller,Darrell,,Edmonton,,,,,
palmer,1984,Pacific Coast League,miller-alb,MILL0184,Miller,Lemmie,,Albuquerque,,,,,
palmer,1984,Pacific Coast League,mills,MILJ0384,Mills,Brad,,Tucson,,,,,
palmer,1984,Pacific Coast League,minetto,MINC0184,Minetto,Craig,,Tucson,,,,,
palmer,1984,Pacific Coast League,miscik,MISR0184,Miscik,Bobby,,Hawaii,,,,,
palmer,1984,Pacific Coast League,mitchell,MITR0284,Mitchell,Bobby,,Portland,,,,,
palmer,1984,Pacific Coast League,moffitt,MOFR0184,Moffitt,Randy,,Vancouver,,,,,
palmer,1984,Pacific Coast League,mohorcic,MOHD0184,Mohorcic,Dale,,Hawaii,,,,,
palmer,1984,Pacific Coast League,money,MONJ0384,Money,Kyle,,Portland,,,,,
palmer,1984,Pacific Coast League,montalvo,MONR0284,Montalvo,Rafael,,Albuquerque,,,,,
palmer,1984,Pacific Coast League,mooneyham,MOOW0184,Mooneyham,Bill,,Edmonton,,,,,
palmer,1984,Pacific Coast League,moore-van,MOOK0284,Moore,Kelvin,,Vancouver,,,,,
palmer,1984,Pacific Coast League,moore-pho,MOOR0284,Moore,Bobby,,Phoenix,,,,,
palmer,1984,Pacific Coast League,moreno,MORA0484,Moreno,Angel,,Edmonton,,,,,
palmer,1984,Pacific Coast League,moses,MOSJ0284,Moses,John,,Salt Lake City,,,,,
minoraverages/emilbb,1984,Pacific Coast League,mull,M90533,Mull,Jack,,Phoenix,,,,,
palmer,1984,Pacific Coast League,mura,MURS0384,Mura,Steve,,Portland,,,,,
palmer,1984,Pacific Coast League,murray-sl,MURJ0284,Murray,Jed,,Salt Lake City,,,,,
palmer,1984,Pacific Coast League,murray-pho,MURR0284,Murray,Rich,,Phoenix,,,,,
minoraverages/emilbb,1984,Pacific Coast League,muser,M90468,Muser,Tony,,Vancouver,,,,,
palmer,1984,Pacific Coast League,myers,MYEE0184,Myers,Ed,,Tacoma,,,,,
palmer,1984,Pacific Coast League,nahorodny,NAHW0184,Nahorodny,Bill,,Salt Lake City,,,,,
palmer,1984,Pacific Coast League,nandin,NANR0184,Nandin,Bob,,Tucson,,,,,
palmer,1984,Pacific Coast League,nanni,NANT0184,Nanni,Tito,,Salt Lake City,,,,,
palmer,1984,Pacific Coast League,nelson-van,NELJ0284,Nelson,Jamie,,Vancouver,,,,,
palmer,1984,Pacific Coast League,nelson.r-sl,NELR0184,Nelson,Ricky,,Salt Lake City,,,,,
palmer,1984,Pacific Coast League,nelson.g-sl,NELW0184,Nelson,Gene,,Salt Lake City,,,,,
palmer,1984,Pacific Coast League,newman,NEWR0284,Newman,Randy,,Salt Lake City,,,,,
palmer,1984,Pacific Coast League,norman,NORN0184,Norman,Nelson,,Hawaii,,,,,
minoraverages/emilbb,1984,Pacific Coast League,nottle,M90476,Nottle,Ed,,Tacoma,,,,,
palmer,1984,Pacific Coast League,nunez,NUNE0184,Nunez,Edwin,,Salt Lake City,,,,,
palmer,1984,Pacific Coast League,obrien,OBRC0184,O'Brien,Charlie,,Tacoma,,,,,
palmer,1984,Pacific Coast League,omalley,OMAT0184,O'Malley,Tom,,Phoenix,,,,,
palmer,1984,Pacific Coast League,ontiveros,ONTS0184,Ontiveros,Steve,,Tacoma,,,,,
palmer,1984,Pacific Coast League,oroz,OROF0184,Oroz,Felix,,Las Vegas,,,,,
palmer,1984,Pacific Coast League,orsulak,ORSJ0184,Orsulak,Joe,,Hawaii,,,,,
palmer,1984,Pacific Coast League,ott,OTTN0184,Ott,Ed,,Edmonton,,,,,
palmer,1984,Pacific Coast League,ouellette,OUEP0184,Ouellette,Phil,,Phoenix,,,,,
palmer,1984,Pacific Coast League,paciorek,PACJ0284,Paciorek,Jim,,Vancouver,,,,,
palmer,1984,Pacific Coast League,page,PAGM0284,Page,Mitchell,,Hawaii,,,,,
palmer,1984,Pacific Coast League,pankovits,PANJ0184,Pankovits,Jim,,Tucson,,,,,
palmer,1984,Pacific Coast League,paris,PARK0184,Paris,Kelly,,Hawaii,,,,,
palmer,1984,Pacific Coast League,patterson,PATR0184,Patterson,Bob,,Las Vegas,,,,,
palmer,1984,Pacific Coast League,pena,PENA0184,Pena,Bert,,Tucson,,,,,
palmer,1984,Pacific Coast League,perry,PERS0384,Perry,Steve,,Albuquerque,,,,,
palmer,1984,Pacific Coast League,peters,PETR0284,Peters,Rick,,Tacoma,,,,,
palmer,1984,Pacific Coast League,pettini,PETJ0384,Pettini,Joe,,Phoenix,,,,,
palmer,1984,Pacific Coast League,peyton,PEYE0184,Peyton,Eric,,Vancouver,,,,,
palmer,1984,Pacific Coast League,phelps,PHEK0184,Phelps,Ken,,Salt Lake City,,,,,
palmer,1984,Pacific Coast League,pippin,PIPC0184,Pippin,Craig,,Hawaii,,,,,
palmer,1984,Pacific Coast League,pittman,PITJ0184,Pittman,Joe,,Phoenix,,,,,
palmer,1984,Pacific Coast League,ponce,PONC0184,Ponce,Carlos,,Vancouver,,,,,
palmer,1984,Pacific Coast League,powell,POWH0184,Powell,Hosken,,Vancouver,,,,,
palmer,1984,Pacific Coast League,presley,PREJ0184,Presley,Jim,,Salt Lake City,,,,,
palmer,1984,Pacific Coast League,pujols,PUJL0184,Pujols,Luis,,Tucson,,,,,
palmer,1984,Pacific Coast League,pulido,PULA0184,Pulido,Alfonso,,Hawaii,,,,,
palmer,1984,Pacific Coast League,pyznarski,PYZT0184,Pyznarski,Tim,,Tacoma,,,,,
palmer,1984,Pacific Coast League,randall,RANJ0184,Randall,Sap,,Edmonton,,,,,
palmer,1984,Pacific Coast League,rasmussen,RASE0184,Rasmussen,Eric,,Tucson,,,,,
palmer,1984,Pacific Coast League,ray,RAYL0184,Ray,Larry,,Tucson,,,,,
palmer,1984,Pacific Coast League,ray,RAYL0184,Ray,Larry,,Portland,,,,,
palmer,1984,Pacific Coast League,ready,REAR0184,Ready,Randy,,Vancouver,,,,,
palmer,1984,Pacific Coast League,reid,REIJ0384,Reid,Jessie,,Phoenix,,,,,
palmer,1984,Pacific Coast League,rennicke,REND0184,Rennicke,Dean,,Albuquerque,,,,,
palmer,1984,Pacific Coast League,renteria,RENR0184,Renteria,Rich,,Hawaii,,,,,
palmer,1984,Pacific Coast League,reynolds-sl,REYH0184,Reynolds,Harold,,Salt Lake City,,,,,
palmer,1984,Pacific Coast League,reynolds-alb,REYR0284,Reynolds,R. J.,,Albuquerque,,,,,
palmer,1984,Pacific Coast League,richardt,RICM0184,Richardt,Mike,,Tucson,,,,,
palmer,1984,Pacific Coast League,riles,RILE0184,Riles,Ernest,,Vancouver,,,,,
palmer,1984,Pacific Coast League,riley,RILG0184,Riley,George,,Portland,,,,,
palmer,1984,Pacific Coast League,rincon,RINA0184,Rincon,Andy,,Hawaii,,,,,
palmer,1984,Pacific Coast League,rivera,RIVG0184,Rivera,German,,Albuquerque,,,,,
palmer,1984,Pacific Coast League,roberts,ROBS0184,Roberts,Scott,,Vancouver,,,,,
palmer,1984,Pacific Coast League,robinson,ROBB0484,Robinson,Bruce,,Tacoma,,,,,
palmer,1984,Pacific Coast League,robles,ROBR0484,Robles,Ruben,,Tucson,,,,,
palmer,1984,Pacific Coast League,rodas,RODR0484,Rodas,Rich,,Albuquerque,,,,,
palmer,1984,Pacific Coast League,rodriguez-lv,RODE0384,Rodriguez,Edwin,,Las Vegas,,,,,
palmer,1984,Pacific Coast League,rodriguez-tac,RODR0684,Rodriguez,Rick,,Tacoma,,,,,
palmer,1984,Pacific Coast League,roenicke,ROER0184,Roenicke,Ron,,Las Vegas,,,,,
palmer,1984,Pacific Coast League,rollin,ROLR0284,Rollin,Rondal,,Tucson,,,,,
palmer,1984,Pacific Coast League,romano,ROMT0184,Romano,Tom,,Tacoma,,,,,
palmer,1984,Pacific Coast League,romero,ROME0184,Romero,Al,,Edmonton,,,,,
palmer,1984,Pacific Coast League,ross,ROSM0384,Ross,Mark,,Tucson,,,,,
palmer,1984,Pacific Coast League,russell,RUSJ0184,Russell,John,,Portland,,,,,
palmer,1984,Pacific Coast League,salava,SALR0284,Salava,Randy,,Portland,,,,,
palmer,1984,Pacific Coast League,sambito,SAMJ0184,Sambito,Joe,,Tucson,,,,,
palmer,1984,Pacific Coast League,sanchez,SANA0184,Sanchez,Alejandro,,Phoenix,,,,,
minoraverages/emilbb,1984,Pacific Coast League,sandt,M90506,Sandt,Tommy,,Hawaii,,,,,
palmer,1984,Pacific Coast League,sandt,SANT0184,Sandt,Tom,,Hawaii,,,,,
palmer,1984,Pacific Coast League,sax,SAXD0184,Sax,Dave,,Albuquerque,,,,,
palmer,1984,Pacific Coast League,schu,SCHR0484,Schu,Rick,,Portland,,,,,
palmer,1984,Pacific Coast League,schultz,SCHG0284,Schultz,Greg,,Albuquerque,,,,,
palmer,1984,Pacific Coast League,schuster,SCHR0284,Schuster,Mark,,Phoenix,,,,,
palmer,1984,Pacific Coast League,searage,SEAR0184,Searage,Ray,,Vancouver,,,,,
palmer,1984,Pacific Coast League,see,SEER0184,See,Larry,,Albuquerque,,,,,
palmer,1984,Pacific Coast League,segelke,SEGH0184,Segelke,Rocket,,Phoenix,,,,,
palmer,1984,Pacific Coast League,semall,SEMP0184,Semall,Paul,,Hawaii,,,,,
palmer,1984,Pacific Coast League,semprini,SEMJ0184,Semprini,John,,Salt Lake City,,,,,
palmer,1984,Pacific Coast League,senteney,SENS0184,Senteney,Steve,,Hawaii,,,,,
palmer,1984,Pacific Coast League,sheehy,SHEM0284,Sheehy,Mark,,Albuquerque,,,,,
palmer,1984,Pacific Coast League,simpson,SIMJ0184,Simpson,Joe,,Edmonton,,,,,
palmer,1984,Pacific Coast League,skube,SKUR0184,Skube,Bob,,Vancouver,,,,,
palmer,1984,Pacific Coast League,smith-alb,SMID0384,Smith,Don,,Albuquerque,,,,,
palmer,1984,Pacific Coast League,smith-edm,SMID0884,Smith,David,,Edmonton,,,,,
palmer,1984,Pacific Coast League,snyder,SNYB0384,Snyder,Brian,,Salt Lake City,,,,,
palmer,1984,Pacific Coast League,solano,SOLJ0184,Solano,Julio,,Tucson,,,,,
palmer,1984,Pacific Coast League,sonberg,SONE0184,Sonberg,Erik,,Albuquerque,,,,,
palmer,1984,Pacific Coast League,steirer,STER0184,Steirer,Rick,,Edmonton,,,,,
palmer,1984,Pacific Coast League,stephenson,STEP0284,Stephenson,Phil,,Tacoma,,,,,
palmer,1984,Pacific Coast League,stoddard,STOR0184,Stoddard,Bob,,Salt Lake City,,,,,
palmer,1984,Pacific Coast League,stone,STOJ0284,Stone,Jeff,,Portland,,,,,
palmer,1984,Pacific Coast League,stubbs,STUF0184,Stubbs,Franklin,,Albuquerque,,,,,
minoraverages/emilbb,1984,Pacific Coast League,stubing,M90484,Stubing,"Larry ""Moose""",,Edmonton,,,,,
palmer,1984,Pacific Coast League,stuper,STUJ0284,Stuper,John,,Vancouver,,,,,
palmer,1984,Pacific Coast League,sularz,SULG0184,Sularz,Guy,,Phoenix,,,,,
palmer,1984,Pacific Coast League,tartabull,TARD0184,Tartabull,Danny,,Salt Lake City,,,,,
palmer,1984,Pacific Coast League,taveras,TAVA0284,Taveras,Alex,,Albuquerque,,,,,
palmer,1984,Pacific Coast League,thomas-van,THOF0184,Thomas,Frank,,Vancouver,,,,,
palmer,1984,Pacific Coast League,thomas-tuc,THOJ0184,Thomas,Jim,,Tucson,,,,,
palmer,1984,Pacific Coast League,thomas-sl,THOR0584,Thomas,Roy,,Salt Lake City,,,,,
palmer,1984,Pacific Coast League,tingley,TINR0184,Tingley,Ron,,Salt Lake City,,,,,
palmer,1984,Pacific Coast League,tolman,TOLT0184,Tolman,Tim,,Tucson,,,,,
palmer,1984,Pacific Coast League,tomlin,TOMD0184,Tomlin,Dave,,Hawaii,,,,,
palmer,1984,Pacific Coast League,torrez,TORM0384,Torrez,Mike,,Tacoma,,,,,
palmer,1984,Pacific Coast League,tracy,TRAJ0384,Tracy,Jim,,Tucson,,,,,
palmer,1984,Pacific Coast League,vail,VAIM0184,Vail,Mike,,Albuquerque,,,,,
palmer,1984,Pacific Coast League,valentine,VALE0284,Valentine,Ellis,,Edmonton,,,,,
palmer,1984,Pacific Coast League,valle,VALD0184,Valle,Dave,,Salt Lake City,,,,,
palmer,1984,Pacific Coast League,vanderbush,VANW0184,Vanderbush,Walt,,Las Vegas,,,,,
palmer,1984,Pacific Coast League,vargas,VARM0184,Vargas,Miguel,,Hawaii,,,,,
palmer,1984,Pacific Coast League,vavra,VAVJ0184,Vavra,Joe,,Albuquerque,,,,,
palmer,1984,Pacific Coast League,vega,VEGJ0184,Vega,Jesus,,Salt Lake City,,,,,
palmer,1984,Pacific Coast League,vega,VEGJ0184,Vega,Jesus,,Albuquerque,,,,,
palmer,1984,Pacific Coast League,violette,VIOJ0184,Violette,John,,Phoenix,,,,,
palmer,1984,Pacific Coast League,voigt,VOIP0184,Voigt,Paul,,Albuquerque,,,,,
palmer,1984,Pacific Coast League,wagner,WAGM0184,Wagner,Mark,,Tacoma,,,,,
palmer,1984,Pacific Coast League,walk,WALR0184,Walk,Bob,,Hawaii,,,,,
palmer,1984,Pacific Coast League,walker,WALM0484,Walker,Glen,,Salt Lake City,,,,,
palmer,1984,Pacific Coast League,wallace,WALD0484,Wallace,Dave,,Albuquerque,,,,,
palmer,1984,Pacific Coast League,waller,WALE0184,Waller,Tye,,Tucson,,,,,
palmer,1984,Pacific Coast League,ward,WARC0184,Ward,Colin,,Phoenix,,,,,
palmer,1984,Pacific Coast League,warren,WARM0284,Warren,Mike,,Tacoma,,,,,
palmer,1984,Pacific Coast League,wegman,WEGW0184,Wegman,Bill,,Vancouver,,,,,
palmer,1984,Pacific Coast League,wehrmeister,WEHD0184,Wehrmeister,Dave,,Portland,,,,,
palmer,1984,Pacific Coast League,wellman,WELB0184,Wellman,Brad,,Phoenix,,,,,
palmer,1984,Pacific Coast League,west,WESR0184,West,Reggie,,Edmonton,,,,,
palmer,1984,Pacific Coast League,wheeler,WHET0184,Wheeler,Tim,,Hawaii,,,,,
palmer,1984,Pacific Coast League,white,WHIL0484,White,Larry,,Albuquerque,,,,,
palmer,1984,Pacific Coast League,whitmer,WHIJ0184,Whitmer,Joe,,Salt Lake City,,,,,
palmer,1984,Pacific Coast League,wieghaus,WIET0184,Wieghaus,Tom,,Tucson,,,,,
palmer,1984,Pacific Coast League,williams,WILJ0684,Williams,Jaime,,Tucson,,,,,
palmer,1984,Pacific Coast League,winn,WINJ0284,Winn,Jim,,Hawaii,,,,,
palmer,1984,Pacific Coast League,wojna,WOJE0184,Wojna,Ed,,Las Vegas,,,,,
palmer,1984,Pacific Coast League,woodard,WOOM0284,Woodard,Mike,,Tacoma,,,,,
palmer,1984,Pacific Coast League,wotus,WOTR0184,Wotus,Ron,,Hawaii,,,,,
palmer,1984,Pacific Coast League,young-tac,YOUC0184,Young,Curt,,Tacoma,,,,,
palmer,1984,Pacific Coast League,young-sl,YOUM0284,Young,Matt,,Salt Lake City,,,,,
palmer,1984,Pacific Coast League,zaske,ZASL0184,Zaske,Jeff,,Hawaii,,,,,
