source,league.year,league.name,ident,person.ref,person.name.last,person.name.given,S_STINT,entry.name,S_FIRST,S_LAST,B_G,P_G,pos
palmer,1984,South Atlantic League,adkins,ADKT0184,Adkins,Terry,,Macon,,,,,
palmer,1984,South Atlantic League,afenir,AFEM0184,Afenir,Troy,,Asheville,,,,,
palmer,1984,South Atlantic League,agostinelli,AGOS0184,Agostinelli,Sal,,Savannah,,,,,
palmer,1984,South Atlantic League,akers,AKEH0184,Akers,Howard,,Florence,,,,,
minoraverages/emilbb,1984,South Atlantic League,albert,M91524,Albert,Rick,,Anderson,,,,,
palmer,1984,South Atlantic League,allaire,ALLK0184,Allaire,Karl,,Asheville,,,,,
palmer,1984,South Atlantic League,angelo,ANGM0184,Angelo,Mark,,Savannah,,,,,
palmer,1984,South Atlantic League,anglin,ANGR0184,Anglin,Russ,,Anderson,,,,,
palmer,1984,South Atlantic League,anthony,ANTD0184,Anthony,Dane,,Florence,,,,,
palmer,1984,South Atlantic League,antone,ANTR0184,Antone,Ralph,,Gastonia,,,,,
palmer,1984,South Atlantic League,armstrong,ARMD0184,Armstrong,Doug,,Greensboro,,,,,
palmer,1984,South Atlantic League,arnsberg,ARNB0184,Arnsberg,Brad,,Greensboro,,,,,
palmer,1984,South Atlantic League,bachman,BACK0184,Bachman,Kent,,Gastonia,,,,,
palmer,1984,South Atlantic League,baird,BAIC0184,Baird,Chris,,Anderson,,,,,
palmer,1984,South Atlantic League,baker,BAKD0284,Baker,Derrell,,Gastonia,,,,,
palmer,1984,South Atlantic League,ballou,BALG0184,Ballou,Mickey,,Anderson,,,,,
palmer,1984,South Atlantic League,barger,BARV0184,Barger,Vince,,Anderson,,,,,
palmer,1984,South Atlantic League,barrett,BART0184,Barrett,Tim,,Gastonia,,,,,
palmer,1984,South Atlantic League,bautista,BAUJ0184,Bautista,Jose,,Columbia,,,,,
palmer,1984,South Atlantic League,behrend,BEHM0184,Behrend,Mike,,Savannah,,,,,
palmer,1984,South Atlantic League,belcik,BELK0284,Belcik,Keith,,Columbia,,,,,
palmer,1984,South Atlantic League,belen,BELL0184,Belen,Lance,,Macon,,,,,
palmer,1984,South Atlantic League,blasucci,BLAA0184,Blasucci,Tony,,Macon,,,,,
palmer,1984,South Atlantic League,bolivar,BOLE0284,Bolivar,Esteban,,Florence,,,,,
palmer,1984,South Atlantic League,bombard,BOMR0184,Bombard,Rich,,Asheville,,,,,
palmer,1984,South Atlantic League,borders,BORP0184,Borders,Pat,,Florence,,,,,
palmer,1984,South Atlantic League,brahs,BRAG0284,Brahs,Gary,,Gastonia,,,,,
palmer,1984,South Atlantic League,brauckmiller,BRAK0184,Brauckmiller,Kurt,,Gastonia,,,,,
palmer,1984,South Atlantic League,brisco,BRIJ0384,Brisco,Jamie,,Savannah,,,,,
palmer,1984,South Atlantic League,browne,BROR0384,Browne,Rick,,Greensboro,,,,,
palmer,1984,South Atlantic League,burgess,BURC0184,Burgess,Chris,,Florence,,,,,
palmer,1984,South Atlantic League,burgos,BURE0284,Burgos,Enrique,,Florence,,,,,
palmer,1984,South Atlantic League,burke,BURR0284,Burke,Richie,,Charleston SC,,,,,
palmer,1984,South Atlantic League,butters,BUTD0184,Butters,Dave,,Macon,,,,,
palmer,1984,South Atlantic League,callahan,CALM0184,Callahan,Mike,,Asheville,,,,,
palmer,1984,South Atlantic League,canseco,CANO0184,Canseco,Ozzie,,Greensboro,,,,,
palmer,1984,South Atlantic League,caraballo-spa,CARR0184,Caraballo,Ramon,,Spartanburg,,,,,
palmer,1984,South Atlantic League,caraballo-col,CARW0184,Caraballo,Wilmer,,Columbia,,,,,
palmer,1984,South Atlantic League,carmichael,CARA0384,Carmichael,Al,,Columbia,,,,,
palmer,1984,South Atlantic League,carpenter,CARD0684,Carpenter,Doug,,Greensboro,,,,,
palmer,1984,South Atlantic League,carrasco,CARE0184,Carrasco,Ernie,,Savannah,,,,,
palmer,1984,South Atlantic League,carson,CARH0184,Carson,Henry,,Savannah,,,,,
palmer,1984,South Atlantic League,castillo,CASA0284,Castillo,Tony,,Florence,,,,,
palmer,1984,South Atlantic League,chadwick,CHAG0184,Chadwick,George,,Gastonia,,,,,
palmer,1984,South Atlantic League,chestna,CHEM0284,Chestna,Mark,,Greensboro,,,,,
palmer,1984,South Atlantic League,ching,CHIM0184,Ching,Maurice,,Greensboro,,,,,
palmer,1984,South Atlantic League,clark,CLAT0184,Clark,Kenny,,Anderson,,,,,
palmer,1984,South Atlantic League,clawson,CLAC0184,Clawson,Chris,,Anderson,,,,,
palmer,1984,South Atlantic League,clemons,CLEM0184,Clemons,Mark,,Florence,,,,,
palmer,1984,South Atlantic League,cobb,COBR0184,Cobb,Robbie,,Gastonia,,,,,
palmer,1984,South Atlantic League,coffman,COFK0184,Coffman,Kevin,,Anderson,,,,,
palmer,1984,South Atlantic League,coleman,COLJ0184,Coleman,Jerome,,Gastonia,,,,,
palmer,1984,South Atlantic League,collins,COLA0184,Collins,Al,,Gastonia,,,,,
palmer,1984,South Atlantic League,cooke,COOJ0184,Cooke,John,,Macon,,,,,
palmer,1984,South Atlantic League,cooper,COOM0284,Cooper,Mark,,Florence,,,,,
palmer,1984,South Atlantic League,coss,COSD0184,Coss,Dave,,Macon,,,,,
palmer,1984,South Atlantic League,costello,COSJ0184,Costello,John,,Savannah,,,,,
palmer,1984,South Atlantic League,creekmore,CREG0184,Creekmore,Ed,,Spartanburg,,,,,
palmer,1984,South Atlantic League,cuevas,CUEA0184,Cuevas,Angelo,,Columbia,,,,,
palmer,1984,South Atlantic League,cunningham,CUNC0184,Cunningham,Chip,,Macon,,,,,
palmer,1984,South Atlantic League,cutshall,CUTW0184,Cutshall,William,,Gastonia,,,,,
palmer,1984,South Atlantic League,dalessandro,DALA0184,D'Alessandro,Sal,,Anderson,,,,,
palmer,1984,South Atlantic League,dannenberg,DANW0284,Dannenberg,Wayne,,Spartanburg,,,,,
palmer,1984,South Atlantic League,davis-csc,DAVB0284,Davis,Brad,,Charleston SC,,,,,
palmer,1984,South Atlantic League,davis-gbo,DAVF0184,Davis,Fernando,,Greensboro,,,,,
palmer,1984,South Atlantic League,davis-csc,DAVR0484,Davis,Rob,,Charleston SC,,,,,
palmer,1984,South Atlantic League,dearth,DEAR0184,Dearth,Ron,,Gastonia,,,,,
palmer,1984,South Atlantic League,delarosa,DELM0584,Delarosa,Marino,,Spartanburg,,,,,
palmer,1984,South Atlantic League,delrosario,DELM0384,Delrosario,Maximo,,Anderson,,,,,
palmer,1984,South Atlantic League,delucchi,DELR0384,Delucchi,Ron,,Macon,,,,,
palmer,1984,South Atlantic League,dennis,DENE0284,Dennis,Ed,,Florence,,,,,
palmer,1984,South Atlantic League,devlin,DEVR0184,Devlin,Bob,,Greensboro,,,,,
palmer,1984,South Atlantic League,digioia,DIGJ0184,Di Gioia,John,,Savannah,,,,,
palmer,1984,South Atlantic League,diaz,DIAJ0284,Diaz,Jose,,Florence,,,,,
palmer,1984,South Atlantic League,dickman,DICM0184,Dickman,Mark,,Florence,,,,,
palmer,1984,South Atlantic League,dinkel,DINJ0184,Dinkel,Jeff,,Columbia,,,,,
palmer,1984,South Atlantic League,dobie,DOBR0184,Dobie,Reggie,,Columbia,,,,,
palmer,1984,South Atlantic League,dombek,DOMD0184,Dombek,Damon,,Spartanburg,,,,,
palmer,1984,South Atlantic League,dophied,DOPW0184,Dophied,Tracy,,Asheville,,,,,
palmer,1984,South Atlantic League,drummond,DRUT0184,Drummond,Tim,,Macon,,,,,
palmer,1984,South Atlantic League,dube,DUBG0184,Dube,Greg,,Asheville,,,,,
palmer,1984,South Atlantic League,durocher,DURF0184,Durocher,Frenchy,,Macon,,,,,
palmer,1984,South Atlantic League,dyrek,DYRD0184,Dyrek,Dave,,Asheville,,,,,
palmer,1984,South Atlantic League,edens,EDET0184,Edens,Tom,,Columbia,,,,,
palmer,1984,South Atlantic League,edwards,EDWD0284,Edwards,Dave,,Asheville,,,,,
palmer,1984,South Atlantic League,emerson,EMER0184,Emerson,Robin,,Florence,,,,,
palmer,1984,South Atlantic League,englehart,ENGW0184,Englehart,Bill,,Greensboro,,,,,
palmer,1984,South Atlantic League,engram,ENGG0184,Engram,Graylyn,,Spartanburg,,,,,
palmer,1984,South Atlantic League,escobar,ESCS0184,Escobar,Oscar,,Florence,,,,,
palmer,1984,South Atlantic League,fedor,FEDC0184,Fedor,Fritz,,Greensboro,,,,,
palmer,1984,South Atlantic League,fedor,FEDC0184,Fedor,Fritz,,Gastonia,,,,,
palmer,1984,South Atlantic League,ferguson,FERM0284,Ferguson,Mark,,Greensboro,,,,,
palmer,1984,South Atlantic League,ferlenda,FERG0184,Ferlenda,Greg,,Florence,,,,,
palmer,1984,South Atlantic League,foley,FOLK0184,Foley,Keith,,Greensboro,,,,,
palmer,1984,South Atlantic League,fortaleza,FORR0184,Fortaleza,Ray,,Greensboro,,,,,
palmer,1984,South Atlantic League,fredymond,FREJ0284,Fredymond,Juan,,Anderson,,,,,
palmer,1984,South Atlantic League,friedel,FRIC0184,Friedel,Chuck,,Columbia,,,,,
minoraverages/emilbb,1984,South Atlantic League,frisina,M91570,Frisina,Joe,,Macon,,,,,
palmer,1984,South Atlantic League,fulgencio,FULJ0184,Fulgencio,Jose,,Florence,,,,,
palmer,1984,South Atlantic League,fulton,FULW0184,Fulton,Bill,,Greensboro,,,,,
palmer,1984,South Atlantic League,funk,FUNT0184,Funk,Tom,,Asheville,,,,,
palmer,1984,South Atlantic League,gallagher,GALG0184,Gallagher,Glenn,,Florence,,,,,
palmer,1984,South Atlantic League,gant,GANR0184,Gant,Ron,,Anderson,,,,,
palmer,1984,South Atlantic League,garrison,GARW0184,Garrison,Webster,,Florence,,,,,
palmer,1984,South Atlantic League,gass,GASJ0184,Gass,Jeff,,Savannah,,,,,
palmer,1984,South Atlantic League,gay,GAYS0184,Gay,Steve,,Columbia,,,,,
palmer,1984,South Atlantic League,george.n-gbo,GEON0184,George,Nat,,Greensboro,,,,,
palmer,1984,South Atlantic League,george-csc,GEOP0184,George,Phil,,Charleston SC,,,,,
palmer,1984,South Atlantic League,george.s-gbo,GEOS0184,George,Steve,,Greensboro,,,,,
palmer,1984,South Atlantic League,ghelfi,GHEA0184,Ghelfi,Tony,,Spartanburg,,,,,
palmer,1984,South Atlantic League,gil,GILJ0184,Gil,Jose,,Spartanburg,,,,,
palmer,1984,South Atlantic League,gillermo,GILC0284,Gillermo,Carlos,,Florence,,,,,
palmer,1984,South Atlantic League,glynn,GLYD0184,Glynn,Dennis,,Columbia,,,,,
palmer,1984,South Atlantic League,gonzalez-gbo,GONF0284,Gonzalez,Fred,,Greensboro,,,,,
palmer,1984,South Atlantic League,gonzalez-gas,GONR0384,Gonzalez,Robinson,,Gastonia,,,,,
palmer,1984,South Atlantic League,gordon,GORK0184,Gordon,Kevin,,Macon,,,,,
palmer,1984,South Atlantic League,green,GREO0184,Green,Otis,,Florence,,,,,
palmer,1984,South Atlantic League,grosdidier,GROW0184,Grosdidier,Bill,,Anderson,,,,,
palmer,1984,South Atlantic League,groves,GROJ0284,Groves,Jeff,,Anderson,,,,,
palmer,1984,South Atlantic League,grudzinski,GRUG0184,Grudzinski,Gary,,Macon,,,,,
minoraverages/emilbb,1984,South Atlantic League,gustavson,M91556,Gustavson,Duane,,Charleston,,,,,
palmer,1984,South Atlantic League,gutierrez,GUTD0184,Gutierrez,Dimas,,Macon,,,,,
palmer,1984,South Atlantic League,hall-mac,HALD0184,Hall,Andy,,Macon,,,,,
palmer,1984,South Atlantic League,hall-and,HALG0184,Hall,Gary,,Anderson,,,,,
palmer,1984,South Atlantic League,hammond,HAMR0484,Hammond,Randy,,Asheville,,,,,
palmer,1984,South Atlantic League,hardee,HARA0184,Hardee,Pete,,Gastonia,,,,,
palmer,1984,South Atlantic League,harris,HARG0284,Harris,Glenn,,Savannah,,,,,
palmer,1984,South Atlantic League,harrison,HARW0184,Harrison,Boomer,,Anderson,,,,,
palmer,1984,South Atlantic League,hartshorn,HARR0184,Hartshorn,Kyle,,Columbia,,,,,
palmer,1984,South Atlantic League,hazlett,HAZJ0184,Hazlett,Jim,,Anderson,,,,,
palmer,1984,South Atlantic League,helton,HELK0184,Helton,Kevin,,Macon,,,,,
palmer,1984,South Atlantic League,hernandez,HERJ0384,Hernandez,Juan,,Greensboro,,,,,
palmer,1984,South Atlantic League,herzog,HERH0184,Herzog,Hans,,Savannah,,,,,
palmer,1984,South Atlantic League,hicks,HICR0184,Hicks,Rob,,Spartanburg,,,,,
palmer,1984,South Atlantic League,hill,HILG0284,Hill,Glenallen,,Florence,,,,,
palmer,1984,South Atlantic League,hinson,HINB0184,Hinson,B.J.,,Asheville,,,,,
palmer,1984,South Atlantic League,holman-gas,HOLB0284,Holman,Brian,,Gastonia,,,,,
palmer,1984,South Atlantic League,holman-mac,HOLS0184,Holman,Shawn,,Macon,,,,,
minoraverages/emilbb,1984,South Atlantic League,holmberg,M91562,Holmberg,Dennis,,Florence,,,,,
palmer,1984,South Atlantic League,horne,HORJ0284,Horne,Jeff,,Greensboro,,,,,
palmer,1984,South Atlantic League,houp,HOUS0184,Houp,Scott,,Asheville,,,,,
palmer,1984,South Atlantic League,householder,HOUB0284,Householder,Brian,,Spartanburg,,,,,
palmer,1984,South Atlantic League,hull,HULJ0184,Hull,Jeffrey,,Charleston SC,,,,,
palmer,1984,South Atlantic League,huth,HUTK0184,Huth,Ken,,Savannah,,,,,
palmer,1984,South Atlantic League,impagliazzo,IMPJ0184,Impagliazzo,Joe,,Gastonia,,,,,
palmer,1984,South Atlantic League,isaac,ISAJ0184,Isaac,Johnny,,Asheville,,,,,
palmer,1984,South Atlantic League,isner,ISND0184,Isner,Don,,Savannah,,,,,
palmer,1984,South Atlantic League,jackson-ash,JACC0184,Jackson,Chuck,,Asheville,,,,,
palmer,1984,South Atlantic League,jackson-spa,JACM0184,Jackson,Mike,,Spartanburg,,,,,
palmer,1984,South Atlantic League,james,JAMR0284,James,Sonny,,Savannah,,,,,
palmer,1984,South Atlantic League,jimenez,JIMF0184,Jimenez,Francisco,,Macon,,,,,
palmer,1984,South Atlantic League,job,JOBR0184,Job,Ryan,,Asheville,,,,,
palmer,1984,South Atlantic League,johnson-gas,JOHM0184,Johnson,Greg,,Gastonia,,,,,
palmer,1984,South Atlantic League,johnson-flo,JOHR0384,Johnson,Ron,,Florence,,,,,
palmer,1984,South Atlantic League,johnson-spa,JOHT0484,Johnson,Todd,,Spartanburg,,,,,
palmer,1984,South Atlantic League,johnston,JOHJ0984,Johnston,Mark,,Greensboro,,,,,
palmer,1984,South Atlantic League,jones,JOND0484,Jones,D.J.,,Anderson,,,,,
palmer,1984,South Atlantic League,jordan,JORP0184,Jordan,Ricky,,Spartanburg,,,,,
palmer,1984,South Atlantic League,karr,KARJ0184,Karr,Jeff,,Columbia,,,,,
palmer,1984,South Atlantic League,kaull,KAUK0184,Kaull,Kurt,,Savannah,,,,,
palmer,1984,South Atlantic League,kelley,KELA0184,Kelley,Anthony,,Asheville,,,,,
palmer,1984,South Atlantic League,kelly,KELR0184,Kelly,Roberto,,Greensboro,,,,,
palmer,1984,South Atlantic League,kiernan,KIET0184,Kiernan,Mike,,Macon,,,,,
palmer,1984,South Atlantic League,kingsley,KINR0284,Kingsley,Ross,,Anderson,,,,,
palmer,1984,South Atlantic League,kish,KISR0184,Kish,Bob,,Savannah,,,,,
palmer,1984,South Atlantic League,klein,KLEG0184,Klein,Gary,,Charleston SC,,,,,
palmer,1984,South Atlantic League,klink,KLIJ0184,Klink,Joe,,Columbia,,,,,
palmer,1984,South Atlantic League,knox,KNOD0184,Knox,Dave,,Columbia,,,,,
palmer,1984,South Atlantic League,kolb,KOLJ0184,Kolb,Jonathan,,Macon,,,,,
palmer,1984,South Atlantic League,kraft,KRAK0184,Kraft,Ken,,Spartanburg,,,,,
palmer,1984,South Atlantic League,krupa,KRUT0184,Krupa,Tom,,Gastonia,,,,,
palmer,1984,South Atlantic League,kunz,KUNK0184,Kunz,Kurt,,Charleston SC,,,,,
palmer,1984,South Atlantic League,lacava,LACT0184,Lacava,Tony,,Macon,,,,,
palmer,1984,South Atlantic League,lajszky,LAJW0184,Lajszky,Werner,,Columbia,,,,,
palmer,1984,South Atlantic League,landrith,LAND0484,Landrith,Dave,,Charleston SC,,,,,
palmer,1984,South Atlantic League,lange,LANC0184,Lange,Clarke,,Asheville,,,,,
palmer,1984,South Atlantic League,lauck,LAUJ0184,Lauck,Jeff,,Savannah,,,,,
palmer,1984,South Atlantic League,lawrence,LAWA0184,Lawrence,Andy,,Columbia,,,,,
palmer,1984,South Atlantic League,ledezma,LEDC0184,Ledezma,Julio,,Anderson,,,,,
palmer,1984,South Atlantic League,lee,LEEM0184,Lee,Manuel,,Columbia,,,,,
palmer,1984,South Atlantic League,lemke,LEMM0184,Lemke,Mark,,Anderson,,,,,
palmer,1984,South Atlantic League,lemon,LEMR0184,Lemon,Ricky,,Gastonia,,,,,
palmer,1984,South Atlantic League,lind,LINJ0184,Lind,Jose,,Macon,,,,,
palmer,1984,South Atlantic League,llewellyn,LLEP0184,Llewellyn,Paul,,Anderson,,,,,
palmer,1984,South Atlantic League,lloyd,LLOR0184,Lloyd,Ray,,Spartanburg,,,,,
palmer,1984,South Atlantic League,long,LONB0184,Long,Bruce,,Spartanburg,,,,,
palmer,1984,South Atlantic League,longenecker,LONJ0284,Longenecker,Jere,,Charleston SC,,,,,
palmer,1984,South Atlantic League,lopes,LOPH0184,Lopes,H.J.,,Gastonia,,,,,
palmer,1984,South Atlantic League,lopez,LOPS0184,Lopez,Saul,,Macon,,,,,
palmer,1984,South Atlantic League,lora,LORJ0284,Lora,Jesus,,Asheville,,,,,
palmer,1984,South Atlantic League,lounello,LOUS0184,Lounello,Steve,,Florence,,,,,
palmer,1984,South Atlantic League,lowe,LOWD0284,Lowe,Dion,,Spartanburg,,,,,
palmer,1984,South Atlantic League,lucas-ash,LUCA0184,Lucas,Arbrey,,Asheville,,,,,
palmer,1984,South Atlantic League,lucas-gas,LUCD0184,Lucas,Dave,,Gastonia,,,,,
palmer,1984,South Atlantic League,lyden,LYDM0184,Lyden,Mitch,,Greensboro,,,,,
palmer,1984,South Atlantic League,mabe,MABT0184,Mabe,Todd,,Charleston SC,,,,,
palmer,1984,South Atlantic League,mackay,MACJ0484,Mackay,Joe,,Greensboro,,,,,
palmer,1984,South Atlantic League,magrann,MAGT0184,Magrann,Tom,,Spartanburg,,,,,
palmer,1984,South Atlantic League,mallicoat,MALR0184,Mallicoat,Rob,,Asheville,,,,,
palmer,1984,South Atlantic League,maloney,MALJ0484,Maloney,Chris,,Columbia,,,,,
palmer,1984,South Atlantic League,martin,MARC0184,Martin,Chuck,,Anderson,,,,,
palmer,1984,South Atlantic League,massiah,MASO0184,Massiah,Omar,,Macon,,,,,
palmer,1984,South Atlantic League,mathews,MATG0184,Mathews,Greg,,Savannah,,,,,
palmer,1984,South Atlantic League,mathison,MATC0284,Mathison,Chuck,,Greensboro,,,,,
palmer,1984,South Atlantic League,mattocks,MATR0184,Mattocks,Rich,,Greensboro,,,,,
palmer,1984,South Atlantic League,mcallister,MCAS0184,McAllister,Steve,,Macon,,,,,
palmer,1984,South Atlantic League,mcclain,MCCG0184,McClain,Greg,,Macon,,,,,
palmer,1984,South Atlantic League,mccormack,MCCR0384,McCormack,Ron,,Charleston SC,,,,,
palmer,1984,South Atlantic League,mcculla,MCCH0184,McCulla,Harry,,Savannah,,,,,
palmer,1984,South Atlantic League,mcgrath,MCGC0184,McGrath,Chuck,,Savannah,,,,,
palmer,1984,South Atlantic League,mcknight,MCKJ0384,McKNight,Jeff,,Columbia,,,,,
palmer,1984,South Atlantic League,mckay,MCKA0184,McKay,Alan,,Florence,,,,,
palmer,1984,South Atlantic League,mclarnan,MCLJ0184,McLarnan,John,,Spartanburg,,,,,
palmer,1984,South Atlantic League,mcpherson,MCPB0184,McPherson,Barry,,Savannah,,,,,
palmer,1984,South Atlantic League,meacham,MEAT0184,Meacham,Tim,,Anderson,,,,,
palmer,1984,South Atlantic League,medina,MEDP0184,Medina,Pedro,,Greensboro,,,,,
palmer,1984,South Atlantic League,mehalko,MEHA0184,Mehalko,Andy,,Anderson,,,,,
minoraverages/emilbb,1984,South Atlantic League,merritt,M91543,Merritt,Lloyd,,Savannah,,,,,
palmer,1984,South Atlantic League,mesa,MESJ0184,Mesa,Jose,,Florence,,,,,
minoraverages/emilbb,1984,South Atlantic League,miller,M91535,Miller,Rich,,Columbia,,,,,
palmer,1984,South Atlantic League,milner,MILT0184,Milner,Ted,,Savannah,,,,,
minoraverages/emilbb,1984,South Atlantic League,miner,M91519,Miner,Junior,,Gastonia,,,,,
palmer,1984,South Atlantic League,mitchell,MITT0184,Mitchell,Tommy,,Asheville,,,,,
palmer,1984,South Atlantic League,mohr,MOHT0184,Mohr,Tom,,Charleston SC,,,,,
palmer,1984,South Atlantic League,moore-mac,MOOB0184,Moore,J.B.,,Macon,,,,,
palmer,1984,South Atlantic League,moore-ash,MOOS0184,Moore,Sam,,Asheville,,,,,
palmer,1984,South Atlantic League,morales,MORE0184,Morales,Ed,,Charleston SC,,,,,
palmer,1984,South Atlantic League,morelock,MORJ0484,Morelock,Charlie,,Anderson,,,,,
palmer,1984,South Atlantic League,morris-mac,MORA0684,Morris,Angel,,Macon,,,,,
palmer,1984,South Atlantic League,morris-and,MORD0284,Morris,Dave,,Anderson,,,,,
palmer,1984,South Atlantic League,morton,MORW0284,Morton,William,,Spartanburg,,,,,
palmer,1984,South Atlantic League,neidlinger,NEIJ0184,Neidlinger,Jim,,Macon,,,,,
palmer,1984,South Atlantic League,nichols,NICH0184,Nichols,Howard,,Spartanburg,,,,,
palmer,1984,South Atlantic League,niemann,NIET0184,Niemann,Tom,,Charleston SC,,,,,
palmer,1984,South Atlantic League,nipper,NIPR0184,Nipper,Mike,,Anderson,,,,,
palmer,1984,South Atlantic League,norton,NORR0184,Norton,Randy,,Gastonia,,,,,
palmer,1984,South Atlantic League,norwood,NORJ0284,Norwood,Jeff,,Spartanburg,,,,,
palmer,1984,South Atlantic League,nunez,NUNJ0184,Nunez,Jose,,Charleston SC,,,,,
palmer,1984,South Atlantic League,odell,ODEJ0284,O'Dell,Jim,,Asheville,,,,,
palmer,1984,South Atlantic League,odonnell,ODOS0184,O'Donnell,Steven,,Greensboro,,,,,
palmer,1984,South Atlantic League,oates,OATP0184,Oates,Paul,,Savannah,,,,,
palmer,1984,South Atlantic League,odgers,ODGD0184,Odgers,Dan,,Spartanburg,,,,,
palmer,1984,South Atlantic League,ortega,ORTJ0184,Ortega,Jose,,Savannah,,,,,
palmer,1984,South Atlantic League,pacheco,PACJ0184,Pacheco,Jose,,Macon,,,,,
palmer,1984,South Atlantic League,packer,PACW0184,Packer,Bill,,Savannah,,,,,
palmer,1984,South Atlantic League,palmer,PALD0184,Palmer,Dave,,Asheville,,,,,
palmer,1984,South Atlantic League,parent,PARE0184,Parent,Eric,,Greensboro,,,,,
palmer,1984,South Atlantic League,parker-and,PARD0184,Parker,Darren,,Anderson,,,,,
palmer,1984,South Atlantic League,parker-col,PARM0184,Parker,Marvin,,Columbia,,,,,
palmer,1984,South Atlantic League,parker-ash,PARR0184,Parker,Rob,,Asheville,,,,,
palmer,1984,South Atlantic League,pascho,PASD0284,Pascho,Dave,,Gastonia,,,,,
palmer,1984,South Atlantic League,paulino,PAUV0184,Paulino,Victor,,Savannah,,,,,
palmer,1984,South Atlantic League,peraza,PERO0184,Peraza,Oswaldo,,Florence,,,,,
palmer,1984,South Atlantic League,perdomo-csc,PERC0184,Perdomo,Chris,,Charleston SC,,,,,
palmer,1984,South Atlantic League,perdomo-gbo,PERF0284,Perdomo,Felix,,Greensboro,,,,,
palmer,1984,South Atlantic League,perez.m,PERM0184,Perez,Melido,,Charleston SC,,,,,
palmer,1984,South Atlantic League,perez.v,PERV0184,Perez,Valerio,,Charleston SC,,,,,
palmer,1984,South Atlantic League,perry,PERJ0584,Perry,Jeff,,Savannah,,,,,
palmer,1984,South Atlantic League,peruso,PERS0184,Peruso,Steven,,Greensboro,,,,,
palmer,1984,South Atlantic League,petersen,PETG0184,Petersen,Geoff,,Charleston SC,,,,,
palmer,1984,South Atlantic League,phillips,PHIS0184,Phillips,Steve,,Columbia,,,,,
palmer,1984,South Atlantic League,posey,POSR0184,Posey,Bob,,Anderson,,,,,
palmer,1984,South Atlantic League,powell,POWJ0184,Powell,John,,Spartanburg,,,,,
palmer,1984,South Atlantic League,rasnick,RASJ0184,Rasnick,Jim,,Spartanburg,,,,,
palmer,1984,South Atlantic League,ratliff,RATD0284,Ratliff,Dan,,Gastonia,,,,,
palmer,1984,South Atlantic League,ray,RAYS0184,Ray,Steve,,Greensboro,,,,,
palmer,1984,South Atlantic League,raziano,RAZM0184,Raziano,Scott,,Gastonia,,,,,
palmer,1984,South Atlantic League,rebiejo,REBK0184,Rebiejo,Ken,,Greensboro,,,,,
palmer,1984,South Atlantic League,reboulet,REBJ0184,Reboulet,Jim,,Savannah,,,,,
palmer,1984,South Atlantic League,reed,REEK0184,Reed,Ken,,Columbia,,,,,
palmer,1984,South Atlantic League,reilly,REIE0184,Reilly,Ed,,Asheville,,,,,
palmer,1984,South Atlantic League,reyes,REYP0184,Reyes,Pablo,,Florence,,,,,
palmer,1984,South Atlantic League,reynolds,REYM0184,Reynolds,Mark,,Asheville,,,,,
palmer,1984,South Atlantic League,richmond,RICS0184,Richmond,Seth,,Asheville,,,,,
palmer,1984,South Atlantic League,robair,ROBM0284,Robair,Mike,,Columbia,,,,,
palmer,1984,South Atlantic League,robbins,ROBR0584,Robbins,Ronnie,,Florence,,,,,
palmer,1984,South Atlantic League,roberts-flo,ROBJ0184,Roberts,Drex,,Florence,,,,,
palmer,1984,South Atlantic League,roberts-and,ROBR0284,Roberts,Jay,,Anderson,,,,,
palmer,1984,South Atlantic League,rodriguez,RODY0184,Rodriguez,Johnny,,Greensboro,,,,,
palmer,1984,South Atlantic League,rogers,ROGM0284,Rogers,Mac,,Anderson,,,,,
palmer,1984,South Atlantic League,romagna,ROMR0284,Romagna,Randy,,Florence,,,,,
palmer,1984,South Atlantic League,rooker,ROOD0184,Rooker,Dave,,Charleston SC,,,,,
palmer,1984,South Atlantic League,roque,ROQG0184,Roque,Gustavo,,Macon,,,,,
palmer,1984,South Atlantic League,rosario,ROSM0284,Rosario,Maximo,,Anderson,,,,,
palmer,1984,South Atlantic League,ross,ROSK0184,Ross,Keith,,Spartanburg,,,,,
palmer,1984,South Atlantic League,rowe,ROWM0184,Rowe,Matt,,Anderson,,,,,
palmer,1984,South Atlantic League,rupp,RUPM0184,Rupp,Mike,,Gastonia,,,,,
palmer,1984,South Atlantic League,russo,RUSA0184,Russo,Tony,,Asheville,,,,,
palmer,1984,South Atlantic League,rypien,RYPT0184,Rypien,Tim,,Florence,,,,,
palmer,1984,South Atlantic League,saccocia,SACM0184,Saccocia,Mike,,Gastonia,,,,,
palmer,1984,South Atlantic League,salisbury,SALJ0184,Salisbury,Jim,,Anderson,,,,,
palmer,1984,South Atlantic League,sambo,SAMR0284,Sambo,Ramon,,Spartanburg,,,,,
palmer,1984,South Atlantic League,samuels,SAMR0184,Samuels,Roger,,Asheville,,,,,
palmer,1984,South Atlantic League,sanchez-sav,SANJ0484,Sanchez,Jose,,Savannah,,,,,
palmer,1984,South Atlantic League,sanchez-cba,SANZ0184,Sanchez,Zoilo,,Columbia,,,,,
palmer,1984,South Atlantic League,santiago,SANM0184,Santiago,Mike,,Anderson,,,,,
palmer,1984,South Atlantic League,sarmiento,SARR0184,Sarmiento,Ramon,,Florence,,,,,
palmer,1984,South Atlantic League,schuler,SCHM0484,Schuler,Mark,,Gastonia,,,,,
palmer,1984,South Atlantic League,schulz,SCHJ0784,Schulz,Jeff,,Charleston SC,,,,,
palmer,1984,South Atlantic League,seitzer,SEIK0184,Seitzer,Kevin,,Charleston SC,,,,,
palmer,1984,South Atlantic League,seoane,SEOM0184,Seoane,Mitch,,Greensboro,,,,,
palmer,1984,South Atlantic League,sepanek,SEPR0184,Sepanek,Rob,,Anderson,,,,,
palmer,1984,South Atlantic League,shaheed,SHAD0184,Shaheed,Daraka,,Asheville,,,,,
palmer,1984,South Atlantic League,sherlock,SHEG0184,Sherlock,Glenn,,Asheville,,,,,
palmer,1984,South Atlantic League,shields,SHIJ0184,Shields,Doug,,Gastonia,,,,,
palmer,1984,South Atlantic League,shirley,SHIW0184,Shirley,Eric,,Anderson,,,,,
palmer,1984,South Atlantic League,shook,SHOT0184,Shook,Tom,,Charleston SC,,,,,
palmer,1984,South Atlantic League,simon,SIMK0184,Simon,Kelly,,Macon,,,,,
palmer,1984,South Atlantic League,sinclair,SINK0184,Sinclair,Kenneth,,Savannah,,,,,
palmer,1984,South Atlantic League,sliwinski,SLIK0184,Sliwinski,Kevin,,Florence,,,,,
palmer,1984,South Atlantic League,smalley,SMAD0184,Smalley,Dave,,Greensboro,,,,,
palmer,1984,South Atlantic League,smiley,SMIJ0684,Smiley,John,,Macon,,,,,
palmer,1984,South Atlantic League,smith-gas,SMIR0384,Smith,Rick,,Gastonia,,,,,
palmer,1984,South Atlantic League,smith-gbo,SMIW0184,Smith,Bill,,Greensboro,,,,,
palmer,1984,South Atlantic League,snell,SNED0184,Snell,Dave,,Charleston SC,,,,,
palmer,1984,South Atlantic League,snyder,SNYD0184,Snyder,Doug,,Asheville,,,,,
palmer,1984,South Atlantic League,soma,SOMC0184,Soma,Cass,,Gastonia,,,,,
palmer,1984,South Atlantic League,soto,SOTM0284,Soto,Miguel,,Savannah,,,,,
minoraverages/emilbb,1984,South Atlantic League,spencer,M91495,Spencer,Tom,,Asheville,,,,,
palmer,1984,South Atlantic League,sprowl,SPRR0184,Sprowl,Bobby,,Florence,,,,,
palmer,1984,South Atlantic League,spurlin,SPUR0184,Spurlin,Bob,,Macon,,,,,
palmer,1984,South Atlantic League,stampfl,STAE0184,Stampfl,Eric,,Columbia,,,,,
palmer,1984,South Atlantic League,stark,STAM0284,Stark,Matt,,Florence,,,,,
palmer,1984,South Atlantic League,stevens,STEJ0384,Stevens,Mike,,Macon,,,,,
palmer,1984,South Atlantic League,stewart,STEH0184,Stewart,Wayne,,Spartanburg,,,,,
palmer,1984,South Atlantic League,stiles,STIW0184,Stiles,Bill,,Columbia,,,,,
palmer,1984,South Atlantic League,strickland,STRT0184,Strickland,Terry,,Gastonia,,,,,
palmer,1984,South Atlantic League,swain,SWAS0184,Swain,Steve,,Asheville,,,,,
palmer,1984,South Atlantic League,sweeney,SWEM0184,Sweeney,Mike,,Greensboro,,,,,
palmer,1984,South Atlantic League,swindell,SWID0184,Swindell,Corky,,Columbia,,,,,
palmer,1984,South Atlantic League,takach,TAKD0184,Takach,Dave,,Columbia,,,,,
palmer,1984,South Atlantic League,tejada,TEJH0184,Tejada,Henry,,Florence,,,,,
palmer,1984,South Atlantic League,tenacen,TENF0184,Tenacen,Francisco,,Spartanburg,,,,,
palmer,1984,South Atlantic League,teno,TENT0184,Teno,Todd,,Columbia,,,,,
palmer,1984,South Atlantic League,thomas,THOK0184,Thomas,Kevin,,Anderson,,,,,
palmer,1984,South Atlantic League,thurman,THUG0184,Thurman,Gary,,Charleston SC,,,,,
palmer,1984,South Atlantic League,tomsick,TOMT0184,Tomsick,Troy,,Anderson,,,,,
palmer,1984,South Atlantic League,torres-gbo,TORH0184,Torres,Ricky,,Greensboro,,,,,
palmer,1984,South Atlantic League,torres-and,TORR0184,Torres,Rudy,,Anderson,,,,,
minoraverages/emilbb,1984,South Atlantic League,tosca,M91480,Tosca,Carlos,,Greensboro,,,,,
palmer,1984,South Atlantic League,tostenson,TOSR0184,Tostenson,Ron,,Gastonia,,,,,
palmer,1984,South Atlantic League,traen,TRAT0184,Traen,Tommy,,Gastonia,,,,,
palmer,1984,South Atlantic League,tubbs,TUBG0184,Tubbs,Greg,,Anderson,,,,,
palmer,1984,South Atlantic League,tunison,TUNM0184,Tunison,Mark,,Spartanburg,,,,,
palmer,1984,South Atlantic League,turano,TURG0184,Turano,Rob,,Florence,,,,,
palmer,1984,South Atlantic League,valliant,VALR0184,Valliant,Bob,,Gastonia,,,,,
palmer,1984,South Atlantic League,vanblaricom,VANM0284,Van Blaricom,Mark,,Charleston SC,,,,,
palmer,1984,South Atlantic League,vanhorn,VAND0284,Van Horn,Dave,,Anderson,,,,,
palmer,1984,South Atlantic League,vanacore,VAND0184,Vanacore,Derek,,Charleston SC,,,,,
palmer,1984,South Atlantic League,vargas,VARM0184,Vargas,Miguel,,Spartanburg,,,,,
palmer,1984,South Atlantic League,velazquez,VELJ0184,Velazquez,Jose,,Charleston SC,,,,,
palmer,1984,South Atlantic League,verrone,VERS0184,Verrone,Steve,,Asheville,,,,,
palmer,1984,South Atlantic League,vizcaino,VIZJ0184,Vizcaino,Jorge,,Asheville,,,,,
palmer,1984,South Atlantic League,vogel,VOGG0184,Vogel,George,,Savannah,,,,,
palmer,1984,South Atlantic League,walker-gas,WALD0384,Walker,Darcy,,Gastonia,,,,,
palmer,1984,South Atlantic League,walker-mac,WALS0384,Walker,Scott,,Macon,,,,,
palmer,1984,South Atlantic League,wallace,WALT0184,Wallace,Tom,,Charleston SC,,,,,
palmer,1984,South Atlantic League,walter,WALC0184,Walter,Craig,,Charleston SC,,,,,
minoraverages/emilbb,1984,South Atlantic League,ward,M91508,Ward,Jay,,Spartanburg,,,,,
palmer,1984,South Atlantic League,wayland,WAYJ0184,Wayland,Jeff,,Macon,,,,,
palmer,1984,South Atlantic League,weatherford,WEAB0184,Weatherford,Brant,,Spartanburg,,,,,
palmer,1984,South Atlantic League,welch,WELB0284,Welch,Billy,,Columbia,,,,,
palmer,1984,South Atlantic League,wellman,WELP0184,Wellman,Phil,,Anderson,,,,,
palmer,1984,South Atlantic League,west,WESD0184,West,David,,Columbia,,,,,
palmer,1984,South Atlantic League,weston,WESM0284,Weston,Mickey,,Columbia,,,,,
palmer,1984,South Atlantic League,whitehurst,WHIW0184,Whitehurst,Willis,,Charleston SC,,,,,
palmer,1984,South Atlantic League,whitfield,WHIK0284,Whitfield,Ken,,Florence,,,,,
palmer,1984,South Atlantic League,williams-cba,WILE0284,Williams,Eddie,,Columbia,,,,,
palmer,1984,South Atlantic League,williams-gbo,WILT0284,Williams,Tim,,Greensboro,,,,,
palmer,1984,South Atlantic League,wilmore,WILH0184,Wilmore,Horlando,,Asheville,,,,,
palmer,1984,South Atlantic League,wilson,WILJ0484,Wilson,Johnny,,Columbia,,,,,
palmer,1984,South Atlantic League,winkler,WINB0184,Winkler,Brad,,Greensboro,,,,,
palmer,1984,South Atlantic League,worden,WORW0184,Worden,Bill,,Greensboro,,,,,
palmer,1984,South Atlantic League,wyatt,WYAD0184,Wyatt,Dave,,Columbia,,,,,
palmer,1984,South Atlantic League,yearout,YEAM0184,Yearout,Mike,,Florence,,,,,
palmer,1984,South Atlantic League,young-gas,YOUC0284,Young,Cliff,,Gastonia,,,,,
palmer,1984,South Atlantic League,young-cba,YOUG0184,Young,Gerald,,Columbia,,,,,
palmer,1984,South Atlantic League,yowler,YOWJ0184,Yowler,John,,Charleston SC,,,,,
