source,league.year,league.name,ident,person.ref,person.name.last,person.name.given,S_STINT,entry.name,S_FIRST,S_LAST,B_G,P_G,pos
palmer,1984,Florida State League,abner,ABNB0184,Abner,Ben,,West Palm Beach,,,,,
palmer,1984,Florida State League,allaire,ALLK0184,Allaire,Karl,,Daytona Beach,,,,,
palmer,1984,Florida State League,allen,ALLE0184,Allen,Ed,,Fort Myers,,,,,
palmer,1984,Florida State League,amante,AMAT0184,Amante,Tom,,St. Petersburg,,,,,
palmer,1984,Florida State League,arce,ARCL0184,Arce,Lorenzo,,Lakeland,,,,,
palmer,1984,Florida State League,armstrong,ARMM0184,Armstrong,Mike,,Fort Lauderdale,,,,,
palmer,1984,Florida State League,ashkinazy,ASHA0184,Ashkinazy,Alan,,Winter Haven,,,,,
palmer,1984,Florida State League,austin,AUST0184,Austin,Terry,,Miami,,,,,
palmer,1984,Florida State League,azcona,AZCM0184,Azcona,Carty,,West Palm Beach,,,,,
palmer,1984,Florida State League,bachman,BACK0184,Bachman,Kent,,West Palm Beach,,,,,
palmer,1984,Florida State League,baker-wpb,BAKD0284,Baker,Derrell,,West Palm Beach,,,,,
palmer,1984,Florida State League,baker-db,BAKM0284,Baker,Mark,,Daytona Beach,,,,,
palmer,1984,Florida State League,baker-lak,BAKR0284,Baker,Rob,,Lakeland,,,,,
palmer,1984,Florida State League,balcomb,BALA0184,Balcomb,Alan,,Vero Beach,,,,,
palmer,1984,Florida State League,barlow,BARR0284,Barlow,Ricky,,Lakeland,,,,,
palmer,1984,Florida State League,barrett,BART0184,Barrett,Tim,,West Palm Beach,,,,,
palmer,1984,Florida State League,bartlett,BARC0184,Bartlett,Chuck,,Vero Beach,,,,,
palmer,1984,Florida State League,bass,BASE0284,Bass,Ed,,Fort Myers,,,,,
palmer,1984,Florida State League,beahan,BEAS0184,Beahan,Scot,,Fort Lauderdale,,,,,
palmer,1984,Florida State League,belanger,BELL0284,Belanger,Barry,,West Palm Beach,,,,,
palmer,1984,Florida State League,bencomo,BENR0184,Bencomo,Ramon,,Winter Haven,,,,,
palmer,1984,Florida State League,benedict,BENJ0184,Benedict,Jim,,Fort Myers,,,,,
palmer,1984,Florida State League,beringhele,BERV0184,Beringhele,Vince,,Vero Beach,,,,,
palmer,1984,Florida State League,berti,BERD0284,Berti,Don,,Daytona Beach,,,,,
palmer,1984,Florida State League,birriel,BIRJ0184,Birriel,Jose,,Winter Haven,,,,,
palmer,1984,Florida State League,birtsas,BIRT0184,Birtsas,Tim,,Fort Lauderdale,,,,,
palmer,1984,Florida State League,blair-wpb,BLAF0184,Blair,Fred,,West Palm Beach,,,,,
palmer,1984,Florida State League,blair-vb,BLAM0384,Blair,Mike,,Vero Beach,,,,,
palmer,1984,Florida State League,blaser,BLAM0184,Blaser,Mark,,Fort Lauderdale,,,,,
palmer,1984,Florida State League,boever-tam,BOED0184,Boever,Dan,,Tampa,,,,,
palmer,1984,Florida State League,boever-stp,BOEJ0184,Boever,Joe,,St. Petersburg,,,,,
minoraverages/emilbb,1984,Florida State League,bombard-tam,M91079,Bombard,Marc,,Tampa,,,,,
palmer,1984,Florida State League,bombard-db,BOMR0184,Bombard,Rich,,Daytona Beach,,,,,
palmer,1984,Florida State League,bonk,BONT0184,Bonk,Tom,,Winter Haven,,,,,
palmer,1984,Florida State League,botkin,BOTM0184,Botkin,Mike,,Daytona Beach,,,,,
palmer,1984,Florida State League,boyles,BOYJ0184,Boyles,John,,Tampa,,,,,
palmer,1984,Florida State League,brahs,BRAG0284,Brahs,Gary,,West Palm Beach,,,,,
palmer,1984,Florida State League,brassil,BRAT0284,Brassil,Tom,,Miami,,,,,
palmer,1984,Florida State League,braun,BRAR0184,Braun,Randy,,Daytona Beach,,,,,
palmer,1984,Florida State League,brock,BROE0284,Brock,Eric,,Vero Beach,,,,,
palmer,1984,Florida State League,burke-db,BURC0284,Burke,Curtis,,Daytona Beach,,,,,
palmer,1984,Florida State League,burke-fm,BURR0284,Burke,Richie,,Fort Myers,,,,,
palmer,1984,Florida State League,burks,BURE0184,Burks,Ellis,,Winter Haven,,,,,
palmer,1984,Florida State League,burrell,BURK0384,Burrell,Kevin,,Winter Haven,,,,,
palmer,1984,Florida State League,burwell,BURP0184,Burwell,Phil,,St. Petersburg,,,,,
palmer,1984,Florida State League,byron,BYRT0184,Byron,Tim,,Fort Lauderdale,,,,,
palmer,1984,Florida State League,cadahia,CADC0184,Cadahia,Benny,,Fort Myers,,,,,
palmer,1984,Florida State League,caffrey,CAFR0184,Caffrey,Bob,,West Palm Beach,,,,,
palmer,1984,Florida State League,cahill,CAHM0184,Cahill,Mark,,St. Petersburg,,,,,
palmer,1984,Florida State League,calvert,CALM0384,Calvert,Mark,,Tampa,,,,,
palmer,1984,Florida State League,camelo,CAMP0184,Camelo,Pete,,West Palm Beach,,,,,
palmer,1984,Florida State League,cannizzaro,CANC0284,Cannizzaro,Chris,,Winter Haven,,,,,
palmer,1984,Florida State League,carpenter,CARG0284,Carpenter,Glenn,,Daytona Beach,,,,,
palmer,1984,Florida State League,carrasco,CARE0184,Carrasco,Ernie,,St. Petersburg,,,,,
palmer,1984,Florida State League,castro,CASF0284,Castro,Frank,,Miami,,,,,
palmer,1984,Florida State League,caulfield,CAUT0184,Caulfield,Tom,,St. Petersburg,,,,,
palmer,1984,Florida State League,cecchini,CECJ0184,Cecchini,Jim,,West Palm Beach,,,,,
palmer,1984,Florida State League,cerefin,CERM0184,Cerefin,Mike,,Daytona Beach,,,,,
palmer,1984,Florida State League,champion,CHAK0184,Champion,Keith,,St. Petersburg,,,,,
palmer,1984,Florida State League,chapman,CHAR0184,Chapman,Ronnie,,Fort Lauderdale,,,,,
palmer,1984,Florida State League,charlton,CHAN0184,Charlton,Norm,,West Palm Beach,,,,,
palmer,1984,Florida State League,cherry-vb,CHEM0184,Cherry,Mike,,Vero Beach,,,,,
palmer,1984,Florida State League,cherry-sp,CHEP0184,Cherry,Paul,,St. Petersburg,,,,,
palmer,1984,Florida State League,childers,CHIJ0184,Childers,Jeff,,Miami,,,,,
palmer,1984,Florida State League,citari,CITJ0184,Citari,Joe,,Fort Myers,,,,,
palmer,1984,Florida State League,clark,CLAH0184,Clark,Hank,,Daytona Beach,,,,,
palmer,1984,Florida State League,cloninger,CLOD0184,Cloninger,Darin,,Fort Lauderdale,,,,,
palmer,1984,Florida State League,cloninger,CLOD0184,Cloninger,Darin,,Miami,,,,,
palmer,1984,Florida State League,cobb,COBR0184,Cobb,Robbie,,West Palm Beach,,,,,
palmer,1984,Florida State League,cooper,COOW0184,Cooper,Bill,,Lakeland,,,,,
palmer,1984,Florida State League,corman,CORD0184,Corman,Dave,,Miami,,,,,
minoraverages/emilbb,1984,Florida State League,cripe,M91065,Cripe,Dave,,Daytona Beach,,,,,
palmer,1984,Florida State League,cunningham,CUNM0184,Cunningham,Mike,,Vero Beach,,,,,
palmer,1984,Florida State League,cutshall,CUTW0184,Cutshall,William,,West Palm Beach,,,,,
palmer,1984,Florida State League,daggy,DAGR0184,Daggy,Bob,,Lakeland,,,,,
palmer,1984,Florida State League,dalton,DALM0184,Dalton,Mike,,Winter Haven,,,,,
palmer,1984,Florida State League,daniel-fm,DANJ0184,Daniel,Jim,,Fort Myers,,,,,
palmer,1984,Florida State League,daniel-tam,DANP0184,Daniel,Clay,,Tampa,,,,,
palmer,1984,Florida State League,datz,DATJ0184,Datz,Jeff,,Daytona Beach,,,,,
palmer,1984,Florida State League,davis-fm,DAVJ0384,Davis,John,,Fort Myers,,,,,
palmer,1984,Florida State League,davis-lak,DAVR0384,Davis,Ron,,Lakeland,,,,,
palmer,1984,Florida State League,delgado,DELJ0184,Delgado,Juan,,Daytona Beach,,,,,
palmer,1984,Florida State League,delrosario,DELM0484,Delrosario,Manny,,Miami,,,,,
palmer,1984,Florida State League,destrade,DESO0184,Destrade,Orestes,,Fort Lauderdale,,,,,
palmer,1984,Florida State League,dibble,DIBR0184,Dibble,Rob,,Tampa,,,,,
palmer,1984,Florida State League,dillard,DILD0384,Dillard,Dave,,Miami,,,,,
palmer,1984,Florida State League,dophied,DOPW0184,Dophied,Tracy,,Daytona Beach,,,,,
palmer,1984,Florida State League,dotson,DOTA0184,Dotson,Wayne,,Lakeland,,,,,
palmer,1984,Florida State League,drizmala,DRIT0184,Drizmala,Tom,,Fort Myers,,,,,
palmer,1984,Florida State League,duffy,DUFJ0184,Duffy,John,,Lakeland,,,,,
palmer,1984,Florida State League,dunlop,DUND0284,Dunlop,Dave,,Miami,,,,,
palmer,1984,Florida State League,dunn-lak,DUNA0184,Dunn,Alan,,Lakeland,,,,,
palmer,1984,Florida State League,dunn-sp,DUNG0184,Dunn,Greg,,St. Petersburg,,,,,
palmer,1984,Florida State League,eagar,EAGS0184,Eagar,Steve,,Lakeland,,,,,
palmer,1984,Florida State League,easley,EASK0184,Easley,Logan,,Fort Lauderdale,,,,,
palmer,1984,Florida State League,edmiston,EDMC0184,Edmiston,Craig,,Lakeland,,,,,
palmer,1984,Florida State League,epple,EPPT0184,Epple,Tom,,St. Petersburg,,,,,
palmer,1984,Florida State League,erdmann,ERDF0184,Erdmann,Fred,,Lakeland,,,,,
palmer,1984,Florida State League,ergle,ERGR0184,Ergle,Robbie,,Tampa,,,,,
minoraverages/emilbb,1984,Florida State League,fahey,M91104,Fahey,Bill,,Lakeland,,,,,
palmer,1984,Florida State League,falls,FALR0184,Falls,Bobby,,Daytona Beach,,,,,
palmer,1984,Florida State League,fennell,FENM0284,Fennell,Mike,,Fort Lauderdale,,,,,
palmer,1984,Florida State League,ficklin,FICW0184,Ficklin,Winston,,Fort Lauderdale,,,,,
palmer,1984,Florida State League,flores,FLOD0184,Flores,Dave,,West Palm Beach,,,,,
minoraverages/emilbb,1984,Florida State League,foote,M91136,Foote,Barry,,Fort Lauderdale,,,,,
palmer,1984,Florida State League,fortaleza,FORR0184,Fortaleza,Ray,,Fort Lauderdale,,,,,
palmer,1984,Florida State League,freeman.c,FREC0184,Freeman,Clem,,Lakeland,,,,,
palmer,1984,Florida State League,freeman.m,FREM0384,Freeman,Marty,,Lakeland,,,,,
palmer,1984,Florida State League,frey,FRES0284,Frey,Steve,,Fort Lauderdale,,,,,
palmer,1984,Florida State League,friedrich,FRIM0284,Friedrich,Mike,,Daytona Beach,,,,,
palmer,1984,Florida State League,frierson,FRIJ0284,Frierson,John,,Miami,,,,,
palmer,1984,Florida State League,fulgencio,FULE0184,Fulgencio,Elvin,,Tampa,,,,,
palmer,1984,Florida State League,galvez,GALB0184,Galvez,Balvino,,Vero Beach,,,,,
palmer,1984,Florida State League,garcia,GARA0284,Garcia,Alex,,Lakeland,,,,,
palmer,1984,Florida State League,geels,GEER0184,Geels,Robbie,,Winter Haven,,,,,
palmer,1984,Florida State League,gentle,GENM0184,Gentle,Mike,,Vero Beach,,,,,
palmer,1984,Florida State League,gilcrease,GILD0284,Gilcrease,Doug,,Fort Myers,,,,,
palmer,1984,Florida State League,gjesdal,GJEB0184,Gjesdal,Brent,,Fort Lauderdale,,,,,
palmer,1984,Florida State League,gleissner,GLEJ0184,Gleissner,Jim,,Fort Myers,,,,,
palmer,1984,Florida State League,gomez,GOMJ0284,Gomez,Jose,,Miami,,,,,
palmer,1984,Florida State League,gonzalez,GONO0184,Gonzalez,Orlando,,Tampa,,,,,
palmer,1984,Florida State League,goodin,GOOR0184,Goodin,Rick,,Fort Myers,,,,,
palmer,1984,Florida State League,graham-wh,GRAM0284,Graham,Mike,,Winter Haven,,,,,
palmer,1984,Florida State League,graham-fl,GRAR0284,Graham,Randy,,Fort Lauderdale,,,,,
palmer,1984,Florida State League,graybill,GRAD0184,Graybill,Dave,,West Palm Beach,,,,,
palmer,1984,Florida State League,greenlee,GRER0184,Greenlee,Bob,,Miami,,,,,
palmer,1984,Florida State League,gregory,GREJ0184,Gregory,John,,Vero Beach,,,,,
palmer,1984,Florida State League,gumbert,GUMR0184,Gumbert,Rich,,Fort Lauderdale,,,,,
palmer,1984,Florida State League,gundelfinger,GUNM0184,Gundelfinger,Matt,,St. Petersburg,,,,,
palmer,1984,Florida State League,haberle,HABD0184,Haberle,Dave,,Tampa,,,,,
palmer,1984,Florida State League,hall-fm,HALM0184,Hall,Matt,,Fort Myers,,,,,
palmer,1984,Florida State League,hall-wh,HALR0284,Hall,Dave,,Winter Haven,,,,,
palmer,1984,Florida State League,halley,HALM0284,Halley,Mike,,Lakeland,,,,,
palmer,1984,Florida State League,hamilton-wh,HAMA0384,Hamilton,Al,,Winter Haven,,,,,
palmer,1984,Florida State League,hamilton.j-vb,HAMJ0184,Hamilton,Jeff,,Vero Beach,,,,,
palmer,1984,Florida State League,hamilton.b-vb,HAMR0384,Hamilton,Bob,,Vero Beach,,,,,
palmer,1984,Florida State League,hamrick,HAMR0284,Hamrick,Randy,,Vero Beach,,,,,
palmer,1984,Florida State League,hansen,HANR0184,Hansen,Ray,,Winter Haven,,,,,
palmer,1984,Florida State League,harkins,HARJ0184,Harkins,Jim,,Miami,,,,,
palmer,1984,Florida State League,harrison,HARB0184,Harrison,Brett,,St. Petersburg,,,,,
palmer,1984,Florida State League,hartley,HARM0384,Hartley,Mike,,St. Petersburg,,,,,
palmer,1984,Florida State League,harvey-vb,HARK0284,Harvey,Ken,,Vero Beach,,,,,
palmer,1984,Florida State League,harvey-lak,HARR0384,Harvey,Randy,,Lakeland,,,,,
palmer,1984,Florida State League,hatcher,HATH0184,Hatcher,Hal,,Fort Myers,,,,,
palmer,1984,Florida State League,hawkins,HAWJ0184,Hawkins,Johnny,,Fort Lauderdale,,,,,
palmer,1984,Florida State League,hawley,HAWG0184,Hawley,Billy,,Tampa,,,,,
palmer,1984,Florida State League,herrera,HERR0184,Herrera,Rene,,Tampa,,,,,
palmer,1984,Florida State League,hess,HESJ0184,Hess,Jim,,West Palm Beach,,,,,
palmer,1984,Florida State League,heuer,HEUM0184,Heuer,Mark,,Vero Beach,,,,,
palmer,1984,Florida State League,hilgenkamp,HILR0184,Hilgenkamp,Rusty,,Lakeland,,,,,
palmer,1984,Florida State League,hill,HILO0184,Hill,Orsino,,Tampa,,,,,
palmer,1984,Florida State League,hillegas,HILS0384,Hillegas,Shawn,,Vero Beach,,,,,
palmer,1984,Florida State League,hinz,HINW0184,Hinz,Billy,,Lakeland,,,,,
palmer,1984,Florida State League,hocutt,HOCM0184,Hocutt,Mike,,West Palm Beach,,,,,
palmer,1984,Florida State League,holman,HOLB0284,Holman,Brian,,West Palm Beach,,,,,
minoraverages/emilbb,1984,Florida State League,holt,M91098,Holt,Dave,,Winter Haven,,,,,
palmer,1984,Florida State League,horne,HORJ0284,Horne,Jeff,,Fort Lauderdale,,,,,
palmer,1984,Florida State League,hoskins,HOSO0184,Hoskins,Osbe,,Miami,,,,,
palmer,1984,Florida State League,hough,HOUS0284,Hough,Stan,,Daytona Beach,,,,,
palmer,1984,Florida State League,houp,HOUK0184,Houp,Kenny,,Tampa,,,,,
palmer,1984,Florida State League,hoyt,HOYD0184,Hoyt,Dave,,St. Petersburg,,,,,
palmer,1984,Florida State League,huber,HUBR0184,Huber,Randy,,West Palm Beach,,,,,
palmer,1984,Florida State League,hunt,HUNJ0184,Hunt,Randy,,St. Petersburg,,,,,
palmer,1984,Florida State League,impagliazzo,IMPJ0184,Impagliazzo,Joe,,West Palm Beach,,,,,
palmer,1984,Florida State League,isaac,ISAJ0184,Isaac,Johnny,,Daytona Beach,,,,,
palmer,1984,Florida State League,james,JAMD0384,James,Duane,,Lakeland,,,,,
palmer,1984,Florida State League,jarrell,JARJ0184,Jarrell,Joe,,Fort Myers,,,,,
palmer,1984,Florida State League,jefferson,JEFJ0284,Jefferson,Jim,,West Palm Beach,,,,,
palmer,1984,Florida State League,johnson,JOHM0184,Johnson,Greg,,West Palm Beach,,,,,
palmer,1984,Florida State League,johnston-vb,JOHJ0784,Johnston,Jody,,Vero Beach,,,,,
palmer,1984,Florida State League,johnston-fl,JOHJ0984,Johnston,Mark,,Fort Lauderdale,,,,,
minoraverages/emilbb,1984,Florida State League,jones-fm,M91112,Jones,Tommy,,Fort Myers,,,,,
palmer,1984,Florida State League,jones.k-tam,JONK0284,Jones,Ken,,Tampa,,,,,
palmer,1984,Florida State League,jones.s-tam,JONS0184,Jones,Scott,,Tampa,,,,,
palmer,1984,Florida State League,jones.t-tam,JONT0284,Jones,Tracy,,Tampa,,,,,
palmer,1984,Florida State League,kane,KANM0184,Kane,Mike,,Winter Haven,,,,,
palmer,1984,Florida State League,kasprzak,KASM0184,Kasprzak,Mike,,Daytona Beach,,,,,
palmer,1984,Florida State League,keller,KELD0184,Keller,Dave,,Tampa,,,,,
palmer,1984,Florida State League,kinns,KING0184,Kinns,Glenn,,West Palm Beach,,,,,
palmer,1984,Florida State League,kirby,KIRW0184,Kirby,Wayne,,Vero Beach,,,,,
palmer,1984,Florida State League,klein,KLEG0184,Klein,Gary,,Fort Myers,,,,,
palmer,1984,Florida State League,kolotka,KOLC0184,Kolotka,Chuck,,Miami,,,,,
palmer,1984,Florida State League,konderla,KONM0184,Konderla,Mike,,Tampa,,,,,
palmer,1984,Florida State League,krynitsky,KRYM0184,Krynitsky,Mark,,Fort Myers,,,,,
palmer,1984,Florida State League,kuilan,KUIJ0184,Kuilan,Jorge,,Winter Haven,,,,,
palmer,1984,Florida State League,labozzetta,LABA0184,Labozzetta,Al,,Lakeland,,,,,
palmer,1984,Florida State League,lara,LARL0184,Lara,Luis,,Lakeland,,,,,
palmer,1984,Florida State League,leister,LEIJ0184,Leister,John,,Winter Haven,,,,,
palmer,1984,Florida State League,lemon,LEMR0184,Lemon,Ricky,,West Palm Beach,,,,,
palmer,1984,Florida State League,lindsey,LINW0184,Lindsey,Bill,,Fort Lauderdale,,,,,
palmer,1984,Florida State League,livingston,LIVD0184,Livingston,Dennis,,Vero Beach,,,,,
palmer,1984,Florida State League,lombardi,LOMP0184,Lombardi,Phil,,Fort Lauderdale,,,,,
palmer,1984,Florida State League,long,LONA0184,Long,Anthony,,Lakeland,,,,,
palmer,1984,Florida State League,lottsfeldt,LOTD0184,Lottsfeldt,Dave,,Lakeland,,,,,
palmer,1984,Florida State League,lowery,LOWE0184,Lowery,Ed,,Fort Myers,,,,,
palmer,1984,Florida State League,luther,LUTB0184,Luther,Brad,,St. Petersburg,,,,,
palmer,1984,Florida State League,machado,MACR0184,Machado,Ruben,,Tampa,,,,,
palmer,1984,Florida State League,mackay,MACJ0484,Mackay,Joe,,Fort Lauderdale,,,,,
palmer,1984,Florida State League,madden,MADM0484,Madden,Morris,,Tampa,,,,,
palmer,1984,Florida State League,mahnken,MAHK0184,Mahnken,Ken,,Lakeland,,,,,
palmer,1984,Florida State League,martin,MARS0484,Martin,Sammy,,St. Petersburg,,,,,
palmer,1984,Florida State League,martinez-fm,MARA0284,Martinez,Art,,Fort Myers,,,,,
palmer,1984,Florida State League,martinez-sp,MARC0384,Martinez,Christian,,St. Petersburg,,,,,
palmer,1984,Florida State League,martinez-lak,MARP0184,Martinez,Porfi,,Lakeland,,,,,
palmer,1984,Florida State League,mathews,MATC0184,Mathews,Chuck,,Daytona Beach,,,,,
palmer,1984,Florida State League,mathison,MATC0284,Mathison,Chuck,,Fort Lauderdale,,,,,
palmer,1984,Florida State League,mauch,MAUT0184,Mauch,Tom,,St. Petersburg,,,,,
palmer,1984,Florida State League,mccullers,MCCL0184,McCUllers,Lance,,Miami,,,,,
palmer,1984,Florida State League,mcclain,MCCM0284,McClain,Mike,,Miami,,,,,
palmer,1984,Florida State League,mcclure,MCCD0284,McClure,Dave,,Lakeland,,,,,
palmer,1984,Florida State League,mcgriff,MCGT0184,McGRiff,Terry,,Tampa,,,,,
palmer,1984,Florida State League,mcloughlin,MCLT0184,McLoughlin,Tim,,Miami,,,,,
palmer,1984,Florida State League,mcmanus,MCMR0184,McManus,Bob,,Lakeland,,,,,
palmer,1984,Florida State League,meadows,MEAM0184,Meadows,Louie,,Daytona Beach,,,,,
palmer,1984,Florida State League,meagher,MEAA0184,Meagher,Adrian,,Vero Beach,,,,,
palmer,1984,Florida State League,medina,MEDP0184,Medina,Pedro,,Fort Lauderdale,,,,,
palmer,1984,Florida State League,melchert,MELG0184,Melchert,Greg,,Lakeland,,,,,
palmer,1984,Florida State League,meleski,MELM0184,Meleski,Mark,,Winter Haven,,,,,
palmer,1984,Florida State League,merulla,MERT0184,Merulla,Tony,,Fort Lauderdale,,,,,
palmer,1984,Florida State League,mettler,METB0184,Mettler,Brad,,Winter Haven,,,,,
palmer,1984,Florida State League,mielke,MIEM0184,Mielke,Shawn,,West Palm Beach,,,,,
palmer,1984,Florida State League,miller,MILM0284,Miller,Mike,,Fort Myers,,,,,
palmer,1984,Florida State League,millis,MILJ0284,Millis,Joe,,Lakeland,,,,,
palmer,1984,Florida State League,mills,MILR0284,Mills,Craig,,Lakeland,,,,,
palmer,1984,Florida State League,minnema,MIND0184,Minnema,Dave,,Lakeland,,,,,
palmer,1984,Florida State League,minor,MINB0184,Minor,Bruster,,Winter Haven,,,,,
palmer,1984,Florida State League,mitchell-wh,MITJ0284,Mitchell,John,,Winter Haven,,,,,
palmer,1984,Florida State League,mitchell-db,MITT0184,Mitchell,Tommy,,Daytona Beach,,,,,
palmer,1984,Florida State League,mitchell-sp,MITW0284,Mitchell,Billy,,St. Petersburg,,,,,
palmer,1984,Florida State League,mize,MIZG0184,Mize,Greg,,Daytona Beach,,,,,
palmer,1984,Florida State League,mohr,MOHT0184,Mohr,Tom,,Fort Myers,,,,,
palmer,1984,Florida State League,monda,MONG0184,Monda,Greg,,Tampa,,,,,
palmer,1984,Florida State League,montgomery,MONJ0184,Montgomery,Jeff,,Tampa,,,,,
palmer,1984,Florida State League,moore,MOOW0284,Moore,Bill,,West Palm Beach,,,,,
palmer,1984,Florida State League,moran,MORS0284,Moran,Steve,,West Palm Beach,,,,,
palmer,1984,Florida State League,moreno,MORJ0884,Moreno,Jaime,,Miami,,,,,
palmer,1984,Florida State League,morgan-fl,MORS0184,Morgan,Stacy,,Fort Lauderdale,,,,,
palmer,1984,Florida State League,morgan-lak,MORW0184,Morgan,Chris,,Lakeland,,,,,
palmer,1984,Florida State League,mosher,MOSP0184,Mosher,Peyton,,Vero Beach,,,,,
palmer,1984,Florida State League,moss,MOSB0184,Moss,Barry,,Tampa,,,,,
palmer,1984,Florida State League,moya,MOYE0184,Moya,Ernie,,Lakeland,,,,,
palmer,1984,Florida State League,mueller,MUEP0184,Mueller,Pete,,Daytona Beach,,,,,
palmer,1984,Florida State League,newsom,NEWG0184,Newsom,Gary,,Vero Beach,,,,,
palmer,1984,Florida State League,newsome,NEWT0184,Newsome,Tim,,Lakeland,,,,,
palmer,1984,Florida State League,nicometi,NICA0184,Nicometi,Tony,,West Palm Beach,,,,,
palmer,1984,Florida State League,nielsen,NIEJ0284,Nielsen,Scott,,Fort Lauderdale,,,,,
palmer,1984,Florida State League,nilsson,NILG0184,Nilsson,Gary,,Lakeland,,,,,
palmer,1984,Florida State League,noble,NOBJ0184,Noble,Rayner,,Daytona Beach,,,,,
palmer,1984,Florida State League,nunez,NUNM0184,Nunez,Mauricio,,St. Petersburg,,,,,
palmer,1984,Florida State League,oliver,OLIB0184,Oliver,Bruce,,Miami,,,,,
palmer,1984,Florida State League,oruna,ORUR0184,Oruna,Roland,,Fort Myers,,,,,
palmer,1984,Florida State League,owchinko,OWCR0184,Owchinko,Bob,,Tampa,,,,,
palmer,1984,Florida State League,padia,PADS0184,Padia,Steve,,Tampa,,,,,
palmer,1984,Florida State League,palacios,PALR0184,Palacios,Rey,,Lakeland,,,,,
palmer,1984,Florida State League,paredes,PARJ0284,Paredes,Johnny,,West Palm Beach,,,,,
palmer,1984,Florida State League,paris,PARZ0184,Paris,Zac,,Daytona Beach,,,,,
palmer,1984,Florida State League,parsons,PARS0284,Parsons,Scott,,Miami,,,,,
palmer,1984,Florida State League,pate,PATB0184,Pate,Brian,,Winter Haven,,,,,
palmer,1984,Florida State League,pena,PENR0184,Pena,Ramon,,Lakeland,,,,,
palmer,1984,Florida State League,perdomo,PERF0284,Perdomo,Felix,,Fort Lauderdale,,,,,
palmer,1984,Florida State League,perkins,PERW0184,Perkins,Ray,,Daytona Beach,,,,,
palmer,1984,Florida State League,perrotte,PERJ0384,Perrotte,Joe,,Lakeland,,,,,
palmer,1984,Florida State League,perry,PERE0184,Perry,Paul,,Winter Haven,,,,,
palmer,1984,Florida State League,peruso,PERS0184,Peruso,Steven,,Fort Lauderdale,,,,,
palmer,1984,Florida State League,pesavento,PESM0184,Pesavento,Mike,,Vero Beach,,,,,
palmer,1984,Florida State League,peterson,PETJ0184,Peterson,Jeff,,Lakeland,,,,,
palmer,1984,Florida State League,pevey,PEVM0184,Pevey,Marty,,St. Petersburg,,,,,
palmer,1984,Florida State League,phillion,PHIG0184,Phillion,Jay,,Lakeland,,,,,
palmer,1984,Florida State League,phillips,PHIW0284,Phillips,Jay,,Fort Myers,,,,,
palmer,1984,Florida State League,pirruccello,PIRM0184,Pirruccello,Mark,,Fort Myers,,,,,
palmer,1984,Florida State League,plesac,PLEJ0184,Plesac,Joe,,Miami,,,,,
palmer,1984,Florida State League,plunk,PLUE0184,Plunk,Eric,,Fort Lauderdale,,,,,
palmer,1984,Florida State League,poindexter,POIM0184,Poindexter,Mike,,Winter Haven,,,,,
palmer,1984,Florida State League,porter,PORJ0184,Porter,Jay,,Miami,,,,,
palmer,1984,Florida State League,poston,POSM0184,Poston,Mark,,Miami,,,,,
palmer,1984,Florida State League,powell,POWD0184,Powell,Dennis,,Vero Beach,,,,,
palmer,1984,Florida State League,pratt,PRAC0184,Pratt,Crestwell,,Tampa,,,,,
palmer,1984,Florida State League,price,PRID0184,Price,David,,Vero Beach,,,,,
palmer,1984,Florida State League,raftice,RAFR0184,Raftice,Bob,,Fort Lauderdale,,,,,
palmer,1984,Florida State League,ramler,RAMS0184,Ramler,Steve,,West Palm Beach,,,,,
palmer,1984,Florida State League,ramsey,RAMM0184,Ramsey,Mike,,Vero Beach,,,,,
palmer,1984,Florida State League,raubolt,RAUA0184,Raubolt,Art,,Lakeland,,,,,
palmer,1984,Florida State League,ray,RAYS0184,Ray,Steve,,Fort Lauderdale,,,,,
palmer,1984,Florida State League,raziano,RAZM0184,Raziano,Scott,,West Palm Beach,,,,,
palmer,1984,Florida State League,reed,REEJ0184,Reed,Jody,,Winter Haven,,,,,
palmer,1984,Florida State League,regalado,REGJ0184,Regalado,Uvaldo,,Daytona Beach,,,,,
palmer,1984,Florida State League,reilly,REIE0184,Reilly,Ed,,Daytona Beach,,,,,
palmer,1984,Florida State League,retz,RETR0184,Retz,Robert,,Daytona Beach,,,,,
palmer,1984,Florida State League,rexrode,REXJ0184,Rexrode,John,,Vero Beach,,,,,
palmer,1984,Florida State League,reynolds,REYC0184,Reynolds,Tim,,Tampa,,,,,
palmer,1984,Florida State League,richardson,RICT0284,Richardson,Tim,,Fort Myers,,,,,
palmer,1984,Florida State League,richmond,RICS0184,Richmond,Seth,,Daytona Beach,,,,,
minoraverages/emilbb,1984,Florida State League,riggleman,M91087,Riggleman,Jim,,St. Petersburg,,,,,
palmer,1984,Florida State League,riggs,RIGJ0184,Riggs,Jim,,Fort Lauderdale,,,,,
palmer,1984,Florida State League,rivera-wpb,RIVL0284,Rivera,Luis,,West Palm Beach,,,,,
palmer,1984,Florida State League,rivera-mia,RIVP0184,Rivera,Pablo,,Miami,,,,,
palmer,1984,Florida State League,roberts,ROBJ0284,Roberts,Jim,,Vero Beach,,,,,
palmer,1984,Florida State League,robinson-tam,ROBB0284,Robinson,Brian,,Tampa,,,,,
palmer,1984,Florida State League,robinson-lak,ROBJ0384,Robinson,Jeff,,Lakeland,,,,,
palmer,1984,Florida State League,robinson-sp,ROBS0284,Robinson,Mike,,St. Petersburg,,,,,
palmer,1984,Florida State League,rodriguez.a,RODA0284,Rodriguez,Aristides,,Daytona Beach,,,,,
palmer,1984,Florida State League,rodriguez.r,RODR0384,Rodriguez,Ramon,,Daytona Beach,,,,,
palmer,1984,Florida State League,rood,ROON0184,Rood,Nelson,,Daytona Beach,,,,,
palmer,1984,Florida State League,ross,ROSC0284,Ross,Carey,,Fort Myers,,,,,
palmer,1984,Florida State League,rosthenhausler,ROSR0184,Rosthenhausler,Ray,,Lakeland,,,,,
palmer,1984,Florida State League,roth,ROTJ0184,Roth,John,,Winter Haven,,,,,
palmer,1984,Florida State League,ruiz,RUIB0184,Ruiz,Benny,,Lakeland,,,,,
palmer,1984,Florida State League,russell,RUSA0284,Russell,Tony,,Fort Lauderdale,,,,,
palmer,1984,Florida State League,samuels,SAMR0184,Samuels,Roger,,Daytona Beach,,,,,
palmer,1984,Florida State League,sanchez,SANI0184,Sanchez,Israel,,Fort Myers,,,,,
palmer,1984,Florida State League,schulz,SCHJ0784,Schulz,Jeff,,Fort Myers,,,,,
palmer,1984,Florida State League,scime,SCIJ0184,Scime,Joe,,Lakeland,,,,,
palmer,1984,Florida State League,scott,SCOR0184,Scott,Dickie,,Fort Lauderdale,,,,,
palmer,1984,Florida State League,scudero,SCUJ0184,Scudero,Jim,,Lakeland,,,,,
palmer,1984,Florida State League,seitz,SEIJ0184,Seitz,John,,Fort Lauderdale,,,,,
palmer,1984,Florida State League,sellers,SELJ0184,Sellers,Jeff,,Winter Haven,,,,,
palmer,1984,Florida State League,seoane,SEOM0184,Seoane,Mitch,,Fort Lauderdale,,,,,
palmer,1984,Florida State League,shaab,SHAD0284,Shaab,Doug,,Daytona Beach,,,,,
palmer,1984,Florida State League,shade,SHAM0184,Shade,Mike,,St. Petersburg,,,,,
palmer,1984,Florida State League,sherman,SHEJ0184,Sherman,Jim,,Daytona Beach,,,,,
palmer,1984,Florida State League,shipley,SHIC0184,Shipley,Craig,,Vero Beach,,,,,
palmer,1984,Florida State League,shuffield,SHUJ0184,Shuffield,Dwayne,,Fort Myers,,,,,
palmer,1984,Florida State League,silkwood,SILJ0284,Silkwood,Joe,,St. Petersburg,,,,,
palmer,1984,Florida State League,simmons,SIMG0284,Simmons,Glenn,,Lakeland,,,,,
palmer,1984,Florida State League,skripko,SKRJ0184,Skripko,Scott,,Winter Haven,,,,,
palmer,1984,Florida State League,slezak,SLER0184,Slezak,Rob,,Vero Beach,,,,,
palmer,1984,Florida State League,smalley,SMAD0184,Smalley,Dave,,Fort Lauderdale,,,,,
minoraverages/emilbb,1984,Florida State League,smith.s-mia,M91157,Smith,Steve,,Miami,,,,,
palmer,1984,Florida State League,smith-tam,SMID0784,Smith,Danny,,Tampa,,,,,
palmer,1984,Florida State League,smith.g-mia,SMIG0184,Smith,Greg,,Miami,,,,,
palmer,1984,Florida State League,snediker,SNEJ0184,Snediker,Jim,,Winter Haven,,,,,
palmer,1984,Florida State League,snell,SNED0184,Snell,Dave,,Fort Myers,,,,,
palmer,1984,Florida State League,soto-lak,SOTM0184,Soto,Max,,Lakeland,,,,,
palmer,1984,Florida State League,soto-tam,SOTO0184,Soto,Ozzie,,Tampa,,,,,
palmer,1984,Florida State League,souza,SOUR0184,Souza,Robert,,Lakeland,,,,,
palmer,1984,Florida State League,spagnola,SPAG0184,Spagnola,Glenn,,Tampa,,,,,
palmer,1984,Florida State League,spisok,SPIJ0184,Spisok,Jeff,,Tampa,,,,,
palmer,1984,Florida State League,starnes,STAR0284,Starnes,Van,,Fort Lauderdale,,,,,
palmer,1984,Florida State League,stellern,STEM0184,Stellern,Mike,,Daytona Beach,,,,,
palmer,1984,Florida State League,stewart,STEJ0884,Stewart,Jeff,,Miami,,,,,
palmer,1984,Florida State League,strasser,STRR0184,Strasser,Rich,,Daytona Beach,,,,,
palmer,1984,Florida State League,strickland,STRT0184,Strickland,Terry,,West Palm Beach,,,,,
palmer,1984,Florida State League,szajko,SZAD0184,Szajko,Dan,,West Palm Beach,,,,,
palmer,1984,Florida State League,tejeda,TEJF0184,Tejeda,Felix,,Vero Beach,,,,,
palmer,1984,Florida State League,thiessen,THIT0184,Thiessen,Tim,,West Palm Beach,,,,,
palmer,1984,Florida State League,thomas,THOR0284,Thomas,Reggie,,Lakeland,,,,,
minoraverages/emilbb,1984,Florida State League,thompson-wpb,M91148,Thompson,Tommy,,West Palm Beach,,,,,
palmer,1984,Florida State League,thompson-mia,THOS0284,Thompson,Scott,,Miami,,,,,
palmer,1984,Florida State League,toale,TOAJ0184,Toale,John,,Winter Haven,,,,,
palmer,1984,Florida State League,toler,TOLG0184,Toler,Greg,,Tampa,,,,,
palmer,1984,Florida State League,torres,TORN0184,Torres,Nelson,,Winter Haven,,,,,
palmer,1984,Florida State League,traen,TRAT0184,Traen,Tommy,,West Palm Beach,,,,,
palmer,1984,Florida State League,treadway,TREH0184,Treadway,Jeff,,Tampa,,,,,
palmer,1984,Florida State League,tuck,TUCK0184,Tuck,Kevin,,Fort Myers,,,,,
palmer,1984,Florida State League,turco,TURS0284,Turco,Steve,,St. Petersburg,,,,,
palmer,1984,Florida State League,turgeon,TURS0184,Turgeon,Steve,,St. Petersburg,,,,,
palmer,1984,Florida State League,valdez,VALS0184,Valdez,Sergio,,West Palm Beach,,,,,
palmer,1984,Florida State League,vanderpohl,VANA0184,Vanderpohl,Arthur,,Fort Myers,,,,,
palmer,1984,Florida State League,vaughn,VAUM0184,Vaughn,Mike,,St. Petersburg,,,,,
palmer,1984,Florida State League,velasquez,VELI0184,Velasquez,Javier,,Vero Beach,,,,,
palmer,1984,Florida State League,wade,WADS0184,Wade,Scott,,Winter Haven,,,,,
palmer,1984,Florida State League,walberg,WALM0284,Walberg,Mark,,Fort Myers,,,,,
palmer,1984,Florida State League,walewander,WALJ0284,Walewander,Jim,,Lakeland,,,,,
palmer,1984,Florida State League,walker,WALS0184,Walker,Steve,,Winter Haven,,,,,
palmer,1984,Florida State League,wallace,WALT0284,Wallace,Tim,,St. Petersburg,,,,,
palmer,1984,Florida State League,walter,WALG0184,Walter,Gene,,Miami,,,,,
palmer,1984,Florida State League,ware,WARD0184,Ware,Duane,,Fort Myers,,,,,
palmer,1984,Florida State League,washington,WASM0284,Washington,Marc,,Lakeland,,,,,
minoraverages/emilbb,1984,Florida State League,wasiak,M91120,Wasiak,Stan,,Vero Beach,,,,,
palmer,1984,Florida State League,watson,WATK0184,Watson,Steve,,Tampa,,,,,
palmer,1984,Florida State League,wayne,WAYG0184,Wayne,Gary,,West Palm Beach,,,,,
palmer,1984,Florida State League,weinberger,WEIG0184,Weinberger,Gary,,West Palm Beach,,,,,
palmer,1984,Florida State League,weinbrecht,WEIM0184,Weinbrecht,Mark,,Winter Haven,,,,,
palmer,1984,Florida State League,wever,WEVS0184,Wever,Dream,,Fort Lauderdale,,,,,
palmer,1984,Florida State League,wex,WEXG0184,Wex,Gary,,Fort Lauderdale,,,,,
palmer,1984,Florida State League,wheeler,WHEB0184,Wheeler,Brad,,Lakeland,,,,,
palmer,1984,Florida State League,wheeler,WHEB0184,Wheeler,Brad,,Winter Haven,,,,,
palmer,1984,Florida State League,williams-wh,WILD0784,Williams,Dana,,Winter Haven,,,,,
palmer,1984,Florida State League,williams-tam,WILE0284,Williams,Eddie,,Tampa,,,,,
palmer,1984,Florida State League,williams-lak,WILM0484,Williams,Mike,,Lakeland,,,,,
palmer,1984,Florida State League,williams-wpb,WILM0784,Williams,Mark,,West Palm Beach,,,,,
palmer,1984,Florida State League,williams-vb,WILR0284,Williams,Reggie,,Vero Beach,,,,,
palmer,1984,Florida State League,wine,WINR0184,Wine,Robbie,,Daytona Beach,,,,,
palmer,1984,Florida State League,winkler,WINB0184,Winkler,Brad,,Fort Lauderdale,,,,,
palmer,1984,Florida State League,wohler,WOHB0184,Wohler,Barry,,Vero Beach,,,,,
palmer,1984,Florida State League,wolff,WOLS0184,Wolff,Steve,,Miami,,,,,
palmer,1984,Florida State League,wong,WOND0184,Wong,Dave,,Fort Myers,,,,,
palmer,1984,Florida State League,woodson,WOOT0184,Woodson,Tracy,,Vero Beach,,,,,
palmer,1984,Florida State League,woodworth,WOOD0184,Woodworth,Dave,,Fort Lauderdale,,,,,
palmer,1984,Florida State League,worrell,WORT0184,Worrell,Todd,,St. Petersburg,,,,,
palmer,1984,Florida State League,young-tam,YOUD0184,Young,Delwyn,,Tampa,,,,,
palmer,1984,Florida State League,young-stp,YOUS0184,Young,Scott,,St. Petersburg,,,,,
