source,league.year,league.name,ident,person.ref,person.name.last,person.name.given,S_STINT,entry.name,S_FIRST,S_LAST,B_G,P_G,pos
palmer,1984,Midwest League,abbott,ABBR0184,Abbott,Rick,,Beloit,,,,,
palmer,1984,Midwest League,adams,ADAB0184,Adams,Bert,,Peoria,,,,,
palmer,1984,Midwest League,akerfelds,AKED0184,Akerfelds,Darrel,,Madison,,,,,
palmer,1984,Midwest League,alfredson,ALFT0184,Alfredson,Tom,,Peoria,,,,,
palmer,1984,Midwest League,allanson,ALLA0184,Allanson,Andy,,Waterloo,,,,,
palmer,1984,Midwest League,allen,ALLW0184,Allen,Dave,,Clinton,,,,,
palmer,1984,Midwest League,allison,ALLJ0184,Allison,Jim,,Burlington,,,,,
palmer,1984,Midwest League,amaral,AMAR0184,Amaral,Rich,,Quad Cities,,,,,
palmer,1984,Midwest League,anderson-peo,ANDK0284,Anderson,Kent,,Peoria,,,,,
palmer,1984,Midwest League,anderson-bur,ANDS0284,Anderson,Scott,,Burlington,,,,,
palmer,1984,Midwest League,anderson-bel,ANDS0384,Anderson,Steve,,Beloit,,,,,
palmer,1984,Midwest League,andrade,ANDJ0484,Andrade,Hector,,Burlington,,,,,
palmer,1984,Midwest League,antle,ANTM0184,Antle,Mike,,Clinton,,,,,
palmer,1984,Midwest League,aponte,APOE0184,Aponte,Ed,,Waterloo,,,,,
palmer,1984,Midwest League,appino,APPG0184,Appino,Kevin,,Beloit,,,,,
palmer,1984,Midwest League,aquino,AQUF0184,Aquino,Augusto,,Burlington,,,,,
palmer,1984,Midwest League,arney,ARNJ0284,Arney,Jeff,,Waterloo,,,,,
palmer,1984,Midwest League,arnold,ARNS0184,Arnold,Scott,,Springfield,,,,,
palmer,1984,Midwest League,artiles,ARTO0184,Artiles,Orlando,,Kenosha,,,,,
palmer,1984,Midwest League,austin,AUST0184,Austin,Terry,,Quad Cities,,,,,
palmer,1984,Midwest League,babcock,BABW0184,Babcock,Bill,,Appleton,,,,,
palmer,1984,Midwest League,bailey,BAIG0184,Bailey,Greg,,Burlington,,,,,
palmer,1984,Midwest League,baker-qc,BAKJ0184,Baker,Jon,,Quad Cities,,,,,
palmer,1984,Midwest League,baker-mad,BAKM0384,Baker,Mark,,Madison,,,,,
palmer,1984,Midwest League,balmer,BALJ0284,Balmer,Steve,,Quad Cities,,,,,
palmer,1984,Midwest League,banning,BANJ0184,Banning,Doug,,Peoria,,,,,
palmer,1984,Midwest League,barba,BARD0184,Barba,Doug,,Cedar Rapids,,,,,
palmer,1984,Midwest League,barineau,BARM0184,Barineau,Mark,,Waterloo,,,,,
palmer,1984,Midwest League,barnes,BART0384,Barnes,Tyrone,,Wausau,,,,,
palmer,1984,Midwest League,barton,BARJ0384,Barton,Jeff,,Springfield,,,,,
palmer,1984,Midwest League,bates,BATK0184,Bates,Kirk,,Burlington,,,,,
palmer,1984,Midwest League,batista,BATF0184,Batista,Francisco,,Springfield,,,,,
palmer,1984,Midwest League,bayron,BAYA0184,Bayron,Angel,,Kenosha,,,,,
palmer,1984,Midwest League,beall,BEAP0184,Beall,Pete,,Peoria,,,,,
palmer,1984,Midwest League,beardman,BEAL0184,Beardman,Larry,,Madison,,,,,
palmer,1984,Midwest League,belcher,BELT0184,Belcher,Tim,,Madison,,,,,
palmer,1984,Midwest League,bell-qc,BELG0184,Bell,Greg,,Quad Cities,,,,,
palmer,1984,Midwest League,bell-wau,BELT0284,Bell,Terry,,Wausau,,,,,
palmer,1984,Midwest League,berge,BERJ0284,Berge,Jordan,,Cedar Rapids,,,,,
palmer,1984,Midwest League,bergendahl,BERW0184,Bergendahl,Wray,,Wausau,,,,,
palmer,1984,Midwest League,berryhill,BERD0184,Berryhill,Damon,,Quad Cities,,,,,
palmer,1984,Midwest League,bethel,BETD0184,Bethel,Don,,Quad Cities,,,,,
palmer,1984,Midwest League,birkbeck,BIRM0184,Birkbeck,Mike,,Beloit,,,,,
palmer,1984,Midwest League,blair,BLAM0284,Blair,Marty,,Burlington,,,,,
palmer,1984,Midwest League,blunt,BLUB0184,Blunt,Brad,,Springfield,,,,,
palmer,1984,Midwest League,bocock,BOCT0184,Bocock,Tom,,Springfield,,,,,
palmer,1984,Midwest League,boderick,BODW0184,Boderick,Stan,,Madison,,,,,
palmer,1984,Midwest League,boever,BOED0184,Boever,Dan,,Cedar Rapids,,,,,
palmer,1984,Midwest League,borowski,BORR0184,Borowski,Richard,,Madison,,,,,
palmer,1984,Midwest League,bosio,BOSC0184,Bosio,Chris,,Beloit,,,,,
palmer,1984,Midwest League,brahms,BRAR0284,Brahms,Russ,,Clinton,,,,,
palmer,1984,Midwest League,brown,BROB0184,Brown,Brian,,Springfield,,,,,
palmer,1984,Midwest League,browne,BROJ0584,Browne,Jerry,,Burlington,,,,,
palmer,1984,Midwest League,bruzik,BRUR0184,Bruzik,Bob,,Wausau,,,,,
palmer,1984,Midwest League,bryant,BRYJ0384,Bryant,Jim,,Wausau,,,,,
palmer,1984,Midwest League,buchanon,BUCB0184,Buchanon,Bobby,,Peoria,,,,,
palmer,1984,Midwest League,burgos,BURE0284,Burgos,Enrique,,Wausau,,,,,
palmer,1984,Midwest League,burkett,BURJ0284,Burkett,John,,Clinton,,,,,
palmer,1984,Midwest League,burns-app,BURR0384,Burns,Britt,,Appleton,,,,,
palmer,1984,Midwest League,burns-mad,BURT0184,Burns,Todd,,Madison,,,,,
palmer,1984,Midwest League,burton,BURS0184,Burton,Steve,,Quad Cities,,,,,
palmer,1984,Midwest League,caianiello,CAIJ0284,Caianiello,John,,Appleton,,,,,
palmer,1984,Midwest League,calvert,CALM0384,Calvert,Mark,,Cedar Rapids,,,,,
palmer,1984,Midwest League,candelaria,CANA0184,Candelaria,Al,,Clinton,,,,,
palmer,1984,Midwest League,candiotti,CANT0184,Candiotti,Tom,,Beloit,,,,,
palmer,1984,Midwest League,cannon,CANS0184,Cannon,Scott,,Peoria,,,,,
palmer,1984,Midwest League,carrasco,CARC0484,Carrasco,Claudio,,Waterloo,,,,,
palmer,1984,Midwest League,carter-bur,CARK0184,Carter,Kendall,,Burlington,,,,,
palmer,1984,Midwest League,carter-peo,CARR0384,Carter,Richie,,Peoria,,,,,
palmer,1984,Midwest League,castain,CASM0284,Castain,Maurice,,Madison,,,,,
palmer,1984,Midwest League,caulfield,CAUT0184,Caulfield,Tom,,Springfield,,,,,
palmer,1984,Midwest League,cesario,CESJ0184,Cesario,Jim,,Burlington,,,,,
palmer,1984,Midwest League,chadwick,CHAR0384,Chadwick,Ray,,Peoria,,,,,
palmer,1984,Midwest League,champion,CHAK0184,Champion,Keith,,Springfield,,,,,
palmer,1984,Midwest League,cherry,CHEP0184,Cherry,Paul,,Springfield,,,,,
palmer,1984,Midwest League,ciardi,CIAM0184,Ciardi,Mark,,Beloit,,,,,
palmer,1984,Midwest League,cipres,CIPM0184,Cipres,Mark,,Burlington,,,,,
palmer,1984,Midwest League,cisco,CISS0184,Cisco,Shawn,,Waterloo,,,,,
palmer,1984,Midwest League,clark,CLAD0584,Clark,Dave,,Waterloo,,,,,
palmer,1984,Midwest League,clay,CLAD0384,Clay,Danny,,Kenosha,,,,,
palmer,1984,Midwest League,cloninger,CLOM0184,Cloninger,Mike,,Kenosha,,,,,
palmer,1984,Midwest League,conley,CONK0184,Conley,Virgil,,Cedar Rapids,,,,,
palmer,1984,Midwest League,copeland,COPT0184,Copeland,Tom,,Kenosha,,,,,
palmer,1984,Midwest League,corbell,CORC0284,Corbell,Charlie,,Clinton,,,,,
palmer,1984,Midwest League,correa,CORE0184,Correa,Ed,,Appleton,,,,,
palmer,1984,Midwest League,coughlon,COUK0184,Coughlon,Kevin,,Madison,,,,,
minoraverages/emilbb,1984,Midwest League,cox.l,M91276,Cox,Larry,,Quad Cities,,,,,
palmer,1984,Midwest League,cox.j,COXJ0184,Cox,John,,Quad Cities,,,,,
palmer,1984,Midwest League,cozzolino,COZP0184,Cozzolino,Paul,,Peoria,,,,,
palmer,1984,Midwest League,crabtree,CRAG0184,Crabtree,Gary,,Wausau,,,,,
palmer,1984,Midwest League,cruz,CRUL0184,Cruz,Luis,,Quad Cities,,,,,
palmer,1984,Midwest League,culberson,CULC0184,Culberson,Charles,,Clinton,,,,,
palmer,1984,Midwest League,culver,CULL0184,Culver,Lanell,,Cedar Rapids,,,,,
palmer,1984,Midwest League,daniel,DANS0284,Daniel,Steve,,Burlington,,,,,
palmer,1984,Midwest League,davidson,DAVJ0584,Davidson,Jackie,,Quad Cities,,,,,
palmer,1984,Midwest League,davis-peo,DAVD0184,Davis,Doug,,Peoria,,,,,
palmer,1984,Midwest League,davis-bur,DAVG0184,Davis,Glenn,,Burlington,,,,,
palmer,1984,Midwest League,davis-app,DAVJ0484,Davis,Joel,,Appleton,,,,,
palmer,1984,Midwest League,day,DAYG0184,Day,Dexter,,Cedar Rapids,,,,,
palmer,1984,Midwest League,delzer,DELE0184,Delzer,Ed,,Peoria,,,,,
palmer,1984,Midwest League,demeter,DEMT0184,Demeter,Todd,,Springfield,,,,,
palmer,1984,Midwest League,denbo,DENG0184,Denbo,Gary,,Cedar Rapids,,,,,
palmer,1984,Midwest League,derby,DERT0184,Derby,Terry,,Beloit,,,,,
palmer,1984,Midwest League,derksen,DERR0184,Derksen,Rob,,Beloit,,,,,
palmer,1984,Midwest League,dersin,DERE0184,Dersin,Eric,,Burlington,,,,,
palmer,1984,Midwest League,devlin,DEVD0184,Devlin,Don,,Appleton,,,,,
palmer,1984,Midwest League,difrancisco,DIFM0184,Di Francisco,Mark,,Waterloo,,,,,
palmer,1984,Midwest League,digioia,DIGJ0184,Di Gioia,John,,Springfield,,,,,
palmer,1984,Midwest League,dial,DIAC0184,Dial,Bryan,,Burlington,,,,,
palmer,1984,Midwest League,diaz-peo,DIAA0184,Diaz,Alek,,Peoria,,,,,
palmer,1984,Midwest League,diaz-wat,DIAE0284,Diaz,Eddie,,Waterloo,,,,,
palmer,1984,Midwest League,diaz.j-ken,DIAJ0184,Diaz,Jorge,,Kenosha,,,,,
palmer,1984,Midwest League,diaz.l-ken,DIAL0184,Diaz,Lazaro,,Kenosha,,,,,
palmer,1984,Midwest League,diceglio,DICT0184,Diceglio,Tom,,Kenosha,,,,,
palmer,1984,Midwest League,dickerson,DICJ0184,Dickerson,Jim,,Quad Cities,,,,,
palmer,1984,Midwest League,ditto,DITB0184,Ditto,Brad,,Quad Cities,,,,,
palmer,1984,Midwest League,dixon,DIXR0184,Dixon,Ronn,,Waterloo,,,,,
palmer,1984,Midwest League,dodd,DODT0184,Dodd,Tim,,Cedar Rapids,,,,,
palmer,1984,Midwest League,doran,DORM0284,Doran,Mark,,Peoria,,,,,
palmer,1984,Midwest League,dougherty,DOUM0184,Dougherty,Mark,,Springfield,,,,,
palmer,1984,Midwest League,dowless,DOWM0184,Dowless,Mike,,Cedar Rapids,,,,,
palmer,1984,Midwest League,doyle,DOYJ0184,Doyle,Jim,,Quad Cities,,,,,
palmer,1984,Midwest League,drabek,DRAD0184,Drabek,Doug,,Appleton,,,,,
palmer,1984,Midwest League,dressler,DREK0184,Dressler,Ken,,Clinton,,,,,
palmer,1984,Midwest League,duggan,DUGT0184,Duggan,Tom,,Wausau,,,,,
minoraverages/emilbb,1984,Midwest League,dyer,M91199,Dyer,Duffy,,Kenosha,,,,,
palmer,1984,Midwest League,edwards,EDWG0184,Edwards,Glenn,,Waterloo,,,,,
palmer,1984,Midwest League,embser,EMBR0184,Embser,Rich,,Springfield,,,,,
palmer,1984,Midwest League,epps,EPPR0184,Epps,Riley,,Burlington,,,,,
palmer,1984,Midwest League,escobar,ESCA0184,Escobar,Angel,,Clinton,,,,,
palmer,1984,Midwest League,espinal,ESPF0184,Espinal,Feliz,,Clinton,,,,,
palmer,1984,Midwest League,everett,EVEK0184,Everett,Kerry,,Beloit,,,,,
palmer,1984,Midwest League,faber,FABW0184,Faber,Walt,,Clinton,,,,,
palmer,1984,Midwest League,farley,FARB0184,Farley,Brian,,Springfield,,,,,
palmer,1984,Midwest League,farrell,FARJ0184,Farrell,John,,Waterloo,,,,,
palmer,1984,Midwest League,felix,FELP0184,Felix,Paul,,Kenosha,,,,,
palmer,1984,Midwest League,ferran,FERG0284,Ferran,George,,Clinton,,,,,
palmer,1984,Midwest League,fingers,FINR0184,Fingers,Bob,,Beloit,,,,,
palmer,1984,Midwest League,finley,FINB0184,Finley,Brian,,Beloit,,,,,
minoraverages/emilbb,1984,Midwest League,fischer,M91173,Fischer,Brad,,Madison,,,,,
palmer,1984,Midwest League,fischer,FISB0284,Fischer,Brad,,Madison,,,,,
palmer,1984,Midwest League,forgione,FORC0284,Forgione,Chris,,Kenosha,,,,,
palmer,1984,Midwest League,franko,FRAP0184,Franko,Phil,,Kenosha,,,,,
palmer,1984,Midwest League,freeman,FREL0184,Freeman,La Vel,,Beloit,,,,,
palmer,1984,Midwest League,freytes,FREH0184,Freytes,Hector,,Quad Cities,,,,,
palmer,1984,Midwest League,fulmer,FULM0184,Fulmer,Mike,,Madison,,,,,
palmer,1984,Midwest League,funk,FUNB0184,Funk,Bryan,,Cedar Rapids,,,,,
palmer,1984,Midwest League,gallo,GALB0284,Gallo,Ben,,Peoria,,,,,
palmer,1984,Midwest League,galloway-wat,GALK0184,Galloway,Ken,,Waterloo,,,,,
palmer,1984,Midwest League,galloway-ken,GALT0184,Galloway,Troy,,Kenosha,,,,,
palmer,1984,Midwest League,gambeski,GAMM0184,Gambeski,Mike,,Springfield,,,,,
minoraverages/emilbb,1984,Midwest League,gamboa,M91200,Gamboa,Tom,,Beloit,,,,,
palmer,1984,Midwest League,garrett,GARE0184,Garrett,Eric,,Madison,,,,,
palmer,1984,Midwest League,gherna,GHEJ0184,Gherna,Joe,,Kenosha,,,,,
palmer,1984,Midwest League,giddens,GIDR0284,Giddens,Ronnie,,Cedar Rapids,,,,,
palmer,1984,Midwest League,giddings,GIDW0184,Giddings,Wayne,,Madison,,,,,
palmer,1984,Midwest League,gilbert,GILJ0284,Gilbert,Jeff,,Beloit,,,,,
palmer,1984,Midwest League,gill-spr,GILG0284,Gill,Gary,,Springfield,,,,,
palmer,1984,Midwest League,gill-mad,GILS0184,Gill,Shawn,,Madison,,,,,
palmer,1984,Midwest League,glendening,GLER0184,Glendening,Bob,,Quad Cities,,,,,
palmer,1984,Midwest League,gobbo,GOBM0184,Gobbo,Mike,,Beloit,,,,,
palmer,1984,Midwest League,godwin,GODG0184,Godwin,Glenn,,Madison,,,,,
palmer,1984,Midwest League,gomez-wau,GOME0184,Gomez,Ernesto,,Wausau,,,,,
palmer,1984,Midwest League,gomez-ken,GOMS0184,Gomez,Steve,,Kenosha,,,,,
palmer,1984,Midwest League,gonsalves,GOND0184,Gonsalves,Dennis,,Madison,,,,,
palmer,1984,Midwest League,gonzales,GONJ0584,Gonzales,Jim,,Peoria,,,,,
palmer,1984,Midwest League,gordon,GORC0184,Gordon,Carl,,Beloit,,,,,
palmer,1984,Midwest League,gould,GOUR0184,Gould,Bobby,,Madison,,,,,
palmer,1984,Midwest League,grant,GRAK0184,Grant,Kenny,,Peoria,,,,,
palmer,1984,Midwest League,griggs,GRID0384,Griggs,Dave,,Beloit,,,,,
palmer,1984,Midwest League,gunnarsson,GUNR0184,Gunnarsson,Bob,,Wausau,,,,,
palmer,1984,Midwest League,guzman,GUZJ0284,Guzman,Pedro,,Appleton,,,,,
palmer,1984,Midwest League,haberle,HABD0184,Haberle,Dave,,Cedar Rapids,,,,,
palmer,1984,Midwest League,halberg,HALE0184,Halberg,Eric,,Clinton,,,,,
palmer,1984,Midwest League,haley,HALS0184,Haley,Sam,,Wausau,,,,,
palmer,1984,Midwest League,hallas,HALR0184,Hallas,Bob,,Madison,,,,,
palmer,1984,Midwest League,hamilton,HAMC0184,Hamilton,Carl,,Quad Cities,,,,,
palmer,1984,Midwest League,hance,HANW0184,Hance,Bill,,Burlington,,,,,
palmer,1984,Midwest League,hansen,HAND0284,Hansen,Darel,,Madison,,,,,
palmer,1984,Midwest League,hardamon,HARD0384,Hardamon,Derrick,,Quad Cities,,,,,
palmer,1984,Midwest League,hardwick,HARW0284,Hardwick,Willie,,Springfield,,,,,
palmer,1984,Midwest League,harman,HARD0284,Harman,Dave,,Burlington,,,,,
palmer,1984,Midwest League,harper,HARM0284,Harper,Milt,,Waterloo,,,,,
palmer,1984,Midwest League,harrington,HARJ0384,Harrington,John,,Burlington,,,,,
palmer,1984,Midwest League,harris,HARL0184,Harris,Lenny,,Cedar Rapids,,,,,
palmer,1984,Midwest League,harrison,HARR0284,Harrison,Ron,,Madison,,,,,
palmer,1984,Midwest League,hayes,HAYC0284,Hayes,Charlie,,Clinton,,,,,
palmer,1984,Midwest League,hazard,HAZR0184,Hazard,Rick,,Beloit,,,,,
palmer,1984,Midwest League,heath,HEAA0184,Heath,Al,,Madison,,,,,
palmer,1984,Midwest League,held,HELT0184,Held,Tom,,Wausau,,,,,
palmer,1984,Midwest League,henderson,HENC0184,Henderson,Craig,,Kenosha,,,,,
palmer,1984,Midwest League,hengel,HEND0284,Hengel,Dave,,Wausau,,,,,
palmer,1984,Midwest League,henika,HENR0384,Henika,Ron,,Cedar Rapids,,,,,
palmer,1984,Midwest League,hester,HESR0184,Hester,Ricky,,Burlington,,,,,
palmer,1984,Midwest League,hickey.j,HICJ0284,Hickey,Jim,,Appleton,,,,,
palmer,1984,Midwest League,hickey.k,HICK0184,Hickey,Kevin,,Appleton,,,,,
palmer,1984,Midwest League,hicks,HICR0284,Hicks,Bob,,Burlington,,,,,
palmer,1984,Midwest League,hill,HILG0184,Hill,Greg,,Kenosha,,,,,
palmer,1984,Midwest League,hinson,HINR0184,Hinson,Bob,,Wausau,,,,,
minoraverages/emilbb,1984,Midwest League,hodge,M91221,Hodge,Gomer,,Waterloo,,,,,
palmer,1984,Midwest League,houston,HOUB0384,Houston,Barry,,Clinton,,,,,
palmer,1984,Midwest League,howard-wat,HOWR0184,Howard,Ray,,Waterloo,,,,,
palmer,1984,Midwest League,howard-mad,HOWS0184,Howard,Steve,,Madison,,,,,
palmer,1984,Midwest League,hrynko,HRYL0184,Hrynko,Larry,,Quad Cities,,,,,
palmer,1984,Midwest League,hunsinger,HUNA0184,Hunsinger,Alan,,Springfield,,,,,
palmer,1984,Midwest League,iasparro,IASD0184,Iasparro,Donnie,,Kenosha,,,,,
palmer,1984,Midwest League,imig,IMIP0184,Imig,Paul,,Appleton,,,,,
palmer,1984,Midwest League,irvine,IRVE0184,Irvine,Ed,,Beloit,,,,,
palmer,1984,Midwest League,jackson-bel,JACL0284,Jackson,Larry,,Beloit,,,,,
palmer,1984,Midwest League,jackson-bur,JACT0184,Jackson,Todd,,Burlington,,,,,
minoraverages/emilbb,1984,Midwest League,jaramillo,M91268,Jaramillo,Rudy,,Burlington,,,,,
palmer,1984,Midwest League,jensen,JENR0184,Jensen,Roger,,Appleton,,,,,
palmer,1984,Midwest League,johnson.j-qc,JOHJ0384,Johnson,John,,Quad Cities,,,,,
palmer,1984,Midwest League,johnson.j-app,JOHJ0484,Johnson,John,,Appleton,,,,,
palmer,1984,Midwest League,johnson.r-app,JOHR0684,Johnson,Rick,,Appleton,,,,,
palmer,1984,Midwest League,johnson.t-qc,JOHT0584,Johnson,Tom,,Quad Cities,,,,,
palmer,1984,Midwest League,jones-cli,JONA0384,Jones,Tony,,Clinton,,,,,
palmer,1984,Midwest League,jones-mad,JONJ0184,Jones,Jim,,Madison,,,,,
palmer,1984,Midwest League,jones-bur,JONJ0284,Jones,Brad,,Burlington,,,,,
palmer,1984,Midwest League,jones-peo,JONT0184,Jones,Terry,,Peoria,,,,,
palmer,1984,Midwest League,kavanaugh,KAVT0184,Kavanaugh,Timothy,,Springfield,,,,,
palmer,1984,Midwest League,keathley,KEAR0184,Keathley,Robin,,Burlington,,,,,
palmer,1984,Midwest League,kemmerling,KEMB0184,Kemmerling,Byron,,Peoria,,,,,
palmer,1984,Midwest League,kemp-peo,KEMD0184,Kemp,Darrell,,Peoria,,,,,
palmer,1984,Midwest League,kemp-cr,KEMG0184,Kemp,Hugh,,Cedar Rapids,,,,,
palmer,1984,Midwest League,king,KINE0184,King,Eric,,Clinton,,,,,
palmer,1984,Midwest League,kipper,KIPB0184,Kipper,Bruce,,Burlington,,,,,
palmer,1984,Midwest League,kish,KISR0184,Kish,Bob,,Springfield,,,,,
palmer,1984,Midwest League,klein,KLEL0184,Klein,Larry,,Burlington,,,,,
palmer,1984,Midwest League,kline,KLIK0184,Kline,Kris,,Peoria,,,,,
palmer,1984,Midwest League,klingbeil,KLIS0184,Klingbeil,Scott,,Kenosha,,,,,
palmer,1984,Midwest League,knapp,KNAR0184,Knapp,Ricky,,Burlington,,,,,
palmer,1984,Midwest League,knowles,KNOE0184,Knowles,Kirk,,Peoria,,,,,
palmer,1984,Midwest League,komeiji,KOMK0184,Komeiji,Keith,,Wausau,,,,,
palmer,1984,Midwest League,konderla,KONM0184,Konderla,Mike,,Cedar Rapids,,,,,
palmer,1984,Midwest League,kopf,KOPD0184,Kopf,Dave,,Quad Cities,,,,,
palmer,1984,Midwest League,kramer,KRAJ0184,Kramer,Joe,,Waterloo,,,,,
palmer,1984,Midwest League,krause,KRAA0284,Krause,Andy,,Madison,,,,,
palmer,1984,Midwest League,kumiega,KUMP0184,Kumiega,Pete,,Quad Cities,,,,,
minoraverages/emilbb,1984,Midwest League,lachemann,M91237,Lachemann,Bill,,Clinton,,,,,
palmer,1984,Midwest League,lamar,LAMD0184,Lamar,Danny,,Cedar Rapids,,,,,
palmer,1984,Midwest League,langdon,LANL0184,Langdon,Ted,,Cedar Rapids,,,,,
palmer,1984,Midwest League,layton,LAYT0184,Layton,Tom,,Appleton,,,,,
palmer,1984,Midwest League,lee,LEER0284,Lee,Kurt,,Clinton,,,,,
palmer,1984,Midwest League,leighton,LEIB0184,Leighton,Brian,,Kenosha,,,,,
palmer,1984,Midwest League,lenderman,LEND0184,Lenderman,Dave,,Quad Cities,,,,,
palmer,1984,Midwest League,leonette,LEOM0184,Leonette,Mark,,Madison,,,,,
minoraverages/emilbb,1984,Midwest League,lett,M91213,Lett,Jim,,Cedar Rapids,,,,,
palmer,1984,Midwest League,lewis,LEWJ0284,Lewis,Jay,,Peoria,,,,,
palmer,1984,Midwest League,lindeman,LINJ0384,Lindeman,Jim,,Springfield,,,,,
palmer,1984,Midwest League,losauro,LOSC0284,Lo Sauro,Carmelo,,Burlington,,,,,
palmer,1984,Midwest League,lopez,LOPJ0184,Lopez,Juan,,Waterloo,,,,,
palmer,1984,Midwest League,loscalzo,LOSR0184,Loscalzo,Bob,,Madison,,,,,
palmer,1984,Midwest League,loseke,LOSS0184,Loseke,Scott,,Cedar Rapids,,,,,
palmer,1984,Midwest League,lusby,LUSS0184,Lusby,Steve,,Peoria,,,,,
palmer,1984,Midwest League,luther,LUTB0184,Luther,Brad,,Springfield,,,,,
minoraverages/emilbb,1984,Midwest League,madden-peo,M91259,Madden,Joe,,Peoria,,,,,
palmer,1984,Midwest League,madden-wat,MADV0184,Madden,Vic,,Waterloo,,,,,
palmer,1984,Midwest League,madrid,MADA0184,Madrid,Alex,,Beloit,,,,,
minoraverages/emilbb,1984,Midwest League,mahlberg,M91185,Mahlberg,Greg,,Wausau,,,,,
palmer,1984,Midwest League,malave,MALB0184,Malave,Benito,,Wausau,,,,,
palmer,1984,Midwest League,manfre,MANM0184,Manfre,Mike,,Cedar Rapids,,,,,
palmer,1984,Midwest League,manning,MANO0184,Manning,Otis,,Wausau,,,,,
palmer,1984,Midwest League,marquardt,MARJ0784,Marquardt,John,,Madison,,,,,
palmer,1984,Midwest League,mart,MARJ0584,Mart,Jim,,Burlington,,,,,
palmer,1984,Midwest League,martin,MARJ0884,Martin,John,,Springfield,,,,,
palmer,1984,Midwest League,martinez-qc,MARD0284,Martinez,Dave,,Quad Cities,,,,,
palmer,1984,Midwest League,martinez-wau,MARE0384,Martinez,Edgar,,Wausau,,,,,
palmer,1984,Midwest League,martinez-wat,MARR0384,Martinez,Rey,,Waterloo,,,,,
palmer,1984,Midwest League,martinez-bur,MARR0584,Martinez,Bert,,Burlington,,,,,
palmer,1984,Midwest League,martinez-spr,MARR0784,Martinez,Randy,,Springfield,,,,,
palmer,1984,Midwest League,mason,MASM0184,Mason,Marty,,Springfield,,,,,
palmer,1984,Midwest League,mccue,MCCD0184,McCue,Deron,,Clinton,,,,,
palmer,1984,Midwest League,mccullock,MCCA0184,McCullock,Alec,,Waterloo,,,,,
palmer,1984,Midwest League,mclaughlin,MCLD0184,McLaughlin,Dave,,Appleton,,,,,
palmer,1984,Midwest League,meadows,MEAG0184,Meadows,Geoff,,Springfield,,,,,
palmer,1984,Midwest League,medvin,MEDS0184,Medvin,Scott,,Wausau,,,,,
palmer,1984,Midwest League,meier,MEIS0184,Meier,Scott,,Appleton,,,,,
palmer,1984,Midwest League,mejia,MEJS0184,Mejia,Simon,,Quad Cities,,,,,
palmer,1984,Midwest League,menssen,MENG0184,Menssen,Gary,,Kenosha,,,,,
palmer,1984,Midwest League,merrifield,MERB0184,Merrifield,Bill,,Peoria,,,,,
palmer,1984,Midwest League,meyer,MEYT0184,Meyer,Joey,,Beloit,,,,,
palmer,1984,Midwest League,miglio,MIGJ0184,Miglio,John,,Waterloo,,,,,
palmer,1984,Midwest League,migliore,MIGB0184,Migliore,Brian,,Peoria,,,,,
palmer,1984,Midwest League,minyard,MINJ0184,Minyard,John,,Waterloo,,,,,
palmer,1984,Midwest League,mitchell,MITW0284,Mitchell,Billy,,Springfield,,,,,
palmer,1984,Midwest League,montanari,MOND0184,Montanari,Dave,,Quad Cities,,,,,
palmer,1984,Midwest League,moore-app,MOOC0184,Moore,Charlie,,Appleton,,,,,
palmer,1984,Midwest League,moore-wau,MOOR0184,Moore,Rick,,Wausau,,,,,
palmer,1984,Midwest League,mora,MORA0284,Mora,Abraham,,Waterloo,,,,,
palmer,1984,Midwest League,moritz,MORT0284,Moritz,Tom,,Appleton,,,,,
palmer,1984,Midwest League,morman,MORR0284,Morman,Russ,,Appleton,,,,,
palmer,1984,Midwest League,morris,MORJ0384,Morris,Jim,,Beloit,,,,,
palmer,1984,Midwest League,moses,MOSJ0384,Moses,Johnny,,Appleton,,,,,
palmer,1984,Midwest League,mosley,MOSR0184,Mosley,Reggie,,Burlington,,,,,
palmer,1984,Midwest League,munson,MUNJ0184,Munson,Jay,,Cedar Rapids,,,,,
palmer,1984,Midwest League,murphy-bel,MURD0284,Murphy,Dan,,Beloit,,,,,
palmer,1984,Midwest League,murphy-wat,MURM0284,Murphy,Mike,,Waterloo,,,,,
palmer,1984,Midwest League,myles,MYLR0184,Myles,Rick,,Waterloo,,,,,
palmer,1984,Midwest League,nelson,NELR0284,Nelson,Rob,,Madison,,,,,
palmer,1984,Midwest League,north,NORJ0184,North,Jay,,Springfield,,,,,
palmer,1984,Midwest League,odom,ODOJ0184,Odom,Joe,,Madison,,,,,
palmer,1984,Midwest League,ojeda,OJEJ0184,Ojeda,Jorge,,Peoria,,,,,
palmer,1984,Midwest League,oliver,OLIJ0184,Oliver,Joe,,Cedar Rapids,,,,,
palmer,1984,Midwest League,oliverio,OLIS0184,Oliverio,Steve,,Cedar Rapids,,,,,
palmer,1984,Midwest League,ontiveros,ONTS0184,Ontiveros,Steve,,Madison,,,,,
palmer,1984,Midwest League,ortega,ORTJ0184,Ortega,Jose,,Springfield,,,,,
palmer,1984,Midwest League,padia,PADS0184,Padia,Steve,,Cedar Rapids,,,,,
palmer,1984,Midwest League,pagnozzi,PAGT0184,Pagnozzi,Tom,,Springfield,,,,,
palmer,1984,Midwest League,palmer,PALD0284,Palmer,Doug,,Kenosha,,,,,
palmer,1984,Midwest League,parham,PART0184,Parham,Terrill,,Kenosha,,,,,
palmer,1984,Midwest League,parrett,PARJ0384,Parrett,Jeff,,Beloit,,,,,
palmer,1984,Midwest League,pedraza,PEDN0184,Pedraza,Nelson,,Waterloo,,,,,
palmer,1984,Midwest League,pena,PENJ0184,Pena,Jose,,Clinton,,,,,
palmer,1984,Midwest League,perez-app,PERE0284,Perez,Edgar,,Appleton,,,,,
palmer,1984,Midwest League,perez-wau,PERO0284,Perez,Oriol,,Wausau,,,,,
palmer,1984,Midwest League,pettibone,PETJ0284,Pettibone,Jim,,Cedar Rapids,,,,,
palmer,1984,Midwest League,phelps,PHEJ0184,Phelps,Jim,,Appleton,,,,,
palmer,1984,Midwest League,phillips-qc,PHIJ0184,Phillips,Jim,,Quad Cities,,,,,
palmer,1984,Midwest League,phillips-cr,PHIR0184,Phillips,Bob,,Cedar Rapids,,,,,
palmer,1984,Midwest League,pierorazio,PIEW0184,Pierorazio,Wes,,Waterloo,,,,,
palmer,1984,Midwest League,pimentel,PIMR0184,Pimentel,Rafael,,Springfield,,,,,
palmer,1984,Midwest League,pino,PINR0184,Pino,Rolando,,Appleton,,,,,
palmer,1984,Midwest League,piphus,PIPG0184,Piphus,Ben,,Waterloo,,,,,
palmer,1984,Midwest League,pleis,PLEW0184,Pleis,Scott,,Springfield,,,,,
palmer,1984,Midwest League,pobur,POBH0184,Pobur,Hugh,,Quad Cities,,,,,
palmer,1984,Midwest League,polonia,POLL0184,Polonia,Luis,,Madison,,,,,
palmer,1984,Midwest League,powell,POWA0184,Powell,Alonzo,,Clinton,,,,,
palmer,1984,Midwest League,prickett,PRIS0184,Prickett,Scott,,Kenosha,,,,,
palmer,1984,Midwest League,pruneda,PRUJ0184,Pruneda,Jose,,Peoria,,,,,
palmer,1984,Midwest League,psaltis,PSAS0184,Psaltis,Spiro,,Peoria,,,,,
palmer,1984,Midwest League,quinones,QUIH0184,Quinones,Hector,,Beloit,,,,,
palmer,1984,Midwest League,rainey,RAIS0184,Rainey,Scott,,Clinton,,,,,
palmer,1984,Midwest League,rech,RECE0184,Rech,Ed,,Burlington,,,,,
palmer,1984,Midwest League,reed,REEM0384,Reed,Marty,,Peoria,,,,,
palmer,1984,Midwest League,rembielak,REMR0184,Rembielak,Rich,,Quad Cities,,,,,
minoraverages/emilbb,1984,Midwest League,rende,M91161,Rende,Sal,,Appleton,,,,,
palmer,1984,Midwest League,reynolds,REYT0184,Reynolds,Tom,,Waterloo,,,,,
palmer,1984,Midwest League,rice,RICW0184,Rice,Woolsey,,Beloit,,,,,
palmer,1984,Midwest League,richardson,RICD0184,Richardson,Donnie,,Quad Cities,,,,,
minoraverages/emilbb,1984,Midwest League,rigoli,M91245,Rigoli,Joe,,Springfield,,,,,
palmer,1984,Midwest League,rigoli,RIGJ0284,Rigoli,Joe,,Springfield,,,,,
palmer,1984,Midwest League,rigos,RIGP0184,Rigos,John,,Springfield,,,,,
palmer,1984,Midwest League,riley,RILT0184,Riley,Tom,,Cedar Rapids,,,,,
palmer,1984,Midwest League,ritter,RITR0184,Ritter,Reggie,,Waterloo,,,,,
palmer,1984,Midwest League,roche,ROCS0184,Roche,Steve,,Waterloo,,,,,
palmer,1984,Midwest League,rodriguez-bel,RODA0384,Rodriguez,Angel,,Beloit,,,,,
palmer,1984,Midwest League,rodriguez-ken,RODE0184,Rodriguez,Henry,,Kenosha,,,,,
palmer,1984,Midwest League,rodriguez-spr,RODJ0384,Rodriguez,Jose,,Springfield,,,,,
palmer,1984,Midwest League,rogers,ROGK0184,Rogers,Kenny,,Burlington,,,,,
palmer,1984,Midwest League,roman-spr,ROML0184,Roman,Luis,,Springfield,,,,,
palmer,1984,Midwest League,roman-wat,ROMP0184,Roman,Miguel,,Waterloo,,,,,
palmer,1984,Midwest League,russell,RUSG0184,Russell,Gerald,,Kenosha,,,,,
palmer,1984,Midwest League,saatzer,SAAM0184,Saatzer,Mickey,,Peoria,,,,,
palmer,1984,Midwest League,sain,SAIR0184,Sain,Joey,,Quad Cities,,,,,
palmer,1984,Midwest League,salazar,SALE0184,Salazar,Ed,,Wausau,,,,,
palmer,1984,Midwest League,sandry,SANW0184,Sandry,Bill,,Quad Cities,,,,,
palmer,1984,Midwest League,santarelli,SANC0384,Santarelli,Cal,,Waterloo,,,,,
palmer,1984,Midwest League,sasser,SASM0184,Sasser,Mackey,,Clinton,,,,,
palmer,1984,Midwest League,sauer,SAUR0184,Sauer,Rich,,Beloit,,,,,
palmer,1984,Midwest League,schmidt-app,SCHE0184,Schmidt,Eric,,Appleton,,,,,
palmer,1984,Midwest League,schmidt-cli,SCHG0184,Schmidt,Greg,,Clinton,,,,,
palmer,1984,Midwest League,schneider,SCHP0184,Schneider,Paul,,Wausau,,,,,
palmer,1984,Midwest League,schulte,SCHM0184,Schulte,Mark,,Springfield,,,,,
palmer,1984,Midwest League,schwarz-qc,SCHJ0484,Schwarz,Jeff,,Quad Cities,,,,,
palmer,1984,Midwest League,schwarz-ken,SCHT0284,Schwarz,Tom,,Kenosha,,,,,
palmer,1984,Midwest League,segura,SEGA0184,Segura,Americo,,Peoria,,,,,
palmer,1984,Midwest League,shamblin,SHAA0184,Shamblin,Bill,,Beloit,,,,,
palmer,1984,Midwest League,sheck,SHET0184,Sheck,Tom,,Clinton,,,,,
palmer,1984,Midwest League,sierra,SIER0384,Sierra,Ruben,,Burlington,,,,,
palmer,1984,Midwest League,sillivent,SILG0184,Sillivent,Greg,,Peoria,,,,,
palmer,1984,Midwest League,simmons,SIMT0184,Simmons,Todd,,Appleton,,,,,
palmer,1984,Midwest League,slavin,SLAT0184,Slavin,Tim,,Wausau,,,,,
palmer,1984,Midwest League,slowik,SLOT0184,Slowik,Tad,,Quad Cities,,,,,
palmer,1984,Midwest League,smith-peo,SMIC0184,Smith,Charles,,Peoria,,,,,
palmer,1984,Midwest League,smith.d-wau,SMID0884,Smith,David,,Wausau,,,,,
palmer,1984,Midwest League,smith.j-ken,SMIJ0584,Smith,Jim,,Kenosha,,,,,
palmer,1984,Midwest League,smith-cli,SMIK0184,Smith,Kelvin,,Clinton,,,,,
palmer,1984,Midwest League,smith-mad,SMIL0284,Smith,Larry,,Madison,,,,,
palmer,1984,Midwest League,smith-bel,SMIM0484,Smith,Mike,,Beloit,,,,,
palmer,1984,Midwest League,smith.p-wau,SMIP0284,Smith,Paul,,Wausau,,,,,
palmer,1984,Midwest League,smith-wat,SMIS0184,Smith,Steve,,Waterloo,,,,,
palmer,1984,Midwest League,smith.s-ken,SMIS0384,Smith,Shawn,,Kenosha,,,,,
palmer,1984,Midwest League,sontag,SONA0184,Sontag,Alan,,Kenosha,,,,,
palmer,1984,Midwest League,soper-app,SOPM0184,Soper,Mike,,Appleton,,,,,
palmer,1984,Midwest League,soper-bur,SOPM0284,Soper,Mike,,Burlington,,,,,
palmer,1984,Midwest League,spalt,SPAS0184,Spalt,Steve,,Beloit,,,,,
palmer,1984,Midwest League,spratke,SPRK0184,Spratke,Ken,,Wausau,,,,,
palmer,1984,Midwest League,spring,SPRJ0184,Spring,Jim,,Clinton,,,,,
palmer,1984,Midwest League,stacey,STAS0284,Stacey,Shawn,,Appleton,,,,,
palmer,1984,Midwest League,stanfield,STAD0284,Stanfield,Don,,Peoria,,,,,
palmer,1984,Midwest League,stapleton,STAD0184,Stapleton,Dave,,Beloit,,,,,
palmer,1984,Midwest League,steen,STEG0184,Steen,Greg,,Peoria,,,,,
palmer,1984,Midwest League,steinbach-wat,STEE0184,Steinbach,Gene,,Waterloo,,,,,
palmer,1984,Midwest League,steinbach-mad,STET0284,Steinbach,Terry,,Madison,,,,,
palmer,1984,Midwest League,stephenson,STEJ0184,Stephenson,Joe,,Waterloo,,,,,
palmer,1984,Midwest League,stewart,STEC0284,Stewart,Chuck,,Quad Cities,,,,,
palmer,1984,Midwest League,stillwell,STIK0184,Stillwell,Kurt,,Cedar Rapids,,,,,
palmer,1984,Midwest League,stock,STOK0184,Stock,Kevin,,Burlington,,,,,
palmer,1984,Midwest League,street,STRM0384,Street,Mickey,,Waterloo,,,,,
palmer,1984,Midwest League,swearingen,SWED0184,Swearingen,Doug,,Wausau,,,,,
palmer,1984,Midwest League,szymczak,SZYD0184,Szymczak,Dave,,Waterloo,,,,,
palmer,1984,Midwest League,tamarez,TAMM0184,Tamarez,Manny,,Waterloo,,,,,
palmer,1984,Midwest League,tanner,TANB0184,Tanner,Bruce,,Appleton,,,,,
palmer,1984,Midwest League,tanzi,TANM0184,Tanzi,Mike,,Appleton,,,,,
palmer,1984,Midwest League,tapias,TAPL0184,Tapias,Luis,,Kenosha,,,,,
palmer,1984,Midwest League,tarnow,TARG0184,Tarnow,Greg,,Appleton,,,,,
palmer,1984,Midwest League,tate,TATS0184,Tate,Stu,,Clinton,,,,,
palmer,1984,Midwest League,tavarez,TAVD0184,Tavarez,Davie,,Clinton,,,,,
palmer,1984,Midwest League,taylor,TAYM0184,Taylor,Mike,,Appleton,,,,,
palmer,1984,Midwest League,teahan,TEAJ0184,Teahan,Jim,,Clinton,,,,,
palmer,1984,Midwest League,thornton,THOJ0484,Thornton,John,,Beloit,,,,,
palmer,1984,Midwest League,threadgill,THRG0184,Threadgill,George,,Burlington,,,,,
palmer,1984,Midwest League,tiefenthaler,TIED0184,Tiefenthaler,Dennis,,Peoria,,,,,
palmer,1984,Midwest League,tinkey,TIND0284,Tinkey,Jim,,Peoria,,,,,
palmer,1984,Midwest League,tinoco,TIND0184,Tinoco,Dave,,Wausau,,,,,
palmer,1984,Midwest League,tolleson,TOLM0184,Tolleson,Mike,,Waterloo,,,,,
palmer,1984,Midwest League,torve,TORK0184,Torve,Kent,,Appleton,,,,,
palmer,1984,Midwest League,trujillo,TRUL0184,Trujillo,Louie,,Cedar Rapids,,,,,
palmer,1984,Midwest League,tullier,TULM0184,Tullier,Mike,,Quad Cities,,,,,
palmer,1984,Midwest League,turner,TURJ0284,Turner,John,,Quad Cities,,,,,
palmer,1984,Midwest League,uribe,URIA0184,Uribe,Wilson,,Waterloo,,,,,
palmer,1984,Midwest League,vanburkleo,VANT0284,Vanburkleo,Ty,,Peoria,,,,,
palmer,1984,Midwest League,vantrease,VANT0184,Vantrease,Bob,,Madison,,,,,
palmer,1984,Midwest League,vargas,VARJ0284,Vargas,Jose,,Beloit,,,,,
palmer,1984,Midwest League,vasquez,VASR0184,Vasquez,Angelo,,Burlington,,,,,
palmer,1984,Midwest League,vaughn,VAUM0184,Vaughn,Mike,,Springfield,,,,,
palmer,1984,Midwest League,verkuilen,VERD0184,Verkuilen,Mike,,Kenosha,,,,,
palmer,1984,Midwest League,vetsch,VETD0184,Vetsch,Dave,,Kenosha,,,,,
palmer,1984,Midwest League,villa,VILM0284,Villa,Mike,,Clinton,,,,,
palmer,1984,Midwest League,volkman,VOLH0184,Volkman,Jay,,Quad Cities,,,,,
palmer,1984,Midwest League,walck,WALH0184,Walck,Hal,,Quad Cities,,,,,
palmer,1984,Midwest League,walker,WALK0284,Walker,Kurt,,Appleton,,,,,
palmer,1984,Midwest League,wasem,WASJ0184,Wasem,Jim,,Clinton,,,,,
palmer,1984,Midwest League,whaley,WHAS0184,Whaley,Scott,,Madison,,,,,
palmer,1984,Midwest League,whitmyer,WHIS0184,Whitmyer,Steve,,Waterloo,,,,,
palmer,1984,Midwest League,wilder.d,WILD0384,Wilder,Dave,,Madison,,,,,
palmer,1984,Midwest League,wilder.m,WILM0884,Wilder,Mike,,Madison,,,,,
palmer,1984,Midwest League,wilkinson,WILW0584,Wilkinson,Bill,,Wausau,,,,,
palmer,1984,Midwest League,williams-ken,WILD0184,Williams,Dave,,Kenosha,,,,,
palmer,1984,Midwest League,williams-bel,WILF0184,Williams,Fred,,Beloit,,,,,
palmer,1984,Midwest League,williams-app,WILK0184,Williams,Kenny,,Appleton,,,,,
palmer,1984,Midwest League,wilmet,WILP0384,Wilmet,Paul,,Springfield,,,,,
palmer,1984,Midwest League,wilson-ken,WILP0184,Wilson,Phil,,Kenosha,,,,,
palmer,1984,Midwest League,wilson-wat,WILP0284,Wilson,Phil,,Waterloo,,,,,
palmer,1984,Midwest League,winbush,WINM0184,Winbush,Mike,,Burlington,,,,,
palmer,1984,Midwest League,winfield,WINM0384,Winfield,Steve,,Springfield,,,,,
palmer,1984,Midwest League,wiseman,WIST0184,Wiseman,Tim,,Kenosha,,,,,
palmer,1984,Midwest League,wishnevski,WISM0184,Wishnevski,Mike,,Wausau,,,,,
palmer,1984,Midwest League,wooster,WOOR0184,Wooster,Robert,,Waterloo,,,,,
