source,league.year,league.name,ident,person.ref,person.name.last,person.name.given,S_STINT,entry.name,S_FIRST,S_LAST,B_G,P_G,pos
palmer,1987,Pacific Coast League,abner,ABNS0184,Abner,Shawn,,Las Vegas,,,,,
palmer,1987,Pacific Coast League,,ADAP0184,Adams,Pat,,Phoenix,,,,,
palmer,1987,Pacific Coast League,,ADAR0284,Adams,Ricky,,Edmonton,,,,,
palmer,1987,Pacific Coast League,agosto,AGOJ0185,Agosto,Juan,,Tucson,,,,,
palmer,1987,Pacific Coast League,akerfelds,AKED0184,Akerfelds,Darrel,,Tacoma,,,,,
palmer,1987,Pacific Coast League,allaire,ALLK0184,Allaire,Karl,,Tucson,,,,,
palmer,1987,Pacific Coast League,amelung,AMEE0184,Amelung,Ed,,Edmonton,,,,,
palmer,1987,Pacific Coast League,,ANDA0184,Anderson,Allan,,Portland,,,,,
palmer,1987,Pacific Coast League,,ANDK0284,Anderson,Kent,,Edmonton,,,,,
palmer,1987,Pacific Coast League,armas,ARMA0187,Armas,Tony,,Edmonton,,,,,
palmer,1987,Pacific Coast League,asadoor,ASAR0184,Asadoor,Randy,,Las Vegas,,,,,
minoraverages/emilbb,1987,Pacific Coast League,,M90511,Bailey,Bob,,Hawaii,,,,,
palmer,1987,Pacific Coast League,,BAIJ0184,Bailey,Mark,,Tucson,,,,,
palmer,1987,Pacific Coast League,baker,BAKK0184,Baker,Kerry,,Vancouver,,,,,
palmer,1987,Pacific Coast League,banning,BANJ0184,Banning,Doug,,Edmonton,,,,,
palmer,1987,Pacific Coast League,bauer,BAUE0185,Bauer,Eric,,Las Vegas,,,,,
palmer,1987,Pacific Coast League,beane,BEAW0184,Beane,Billy,,Portland,,,,,
palmer,1987,Pacific Coast League,belcher,BELT0184,Belcher,Tim,,Tacoma,,,,,
palmer,1987,Pacific Coast League,berra,BERD0186,Berra,Dale,,Tucson,,,,,
palmer,1987,Pacific Coast League,best,BESK0184,Best,Karl,,Calgary,,,,,
palmer,1987,Pacific Coast League,biancalana,BIAR0184,Biancalana,Buddy,,Tucson,,,,,
palmer,1987,Pacific Coast League,bianchi,BIAB0184,Bianchi,Ben,,Portland,,,,,
palmer,1987,Pacific Coast League,bichette,BICA0184,Bichette,Dante,,Edmonton,,,,,
palmer,1987,Pacific Coast League,bielecki,BIEM0184,Bielecki,Mike,,Vancouver,,,,,
palmer,1987,Pacific Coast League,bilardello,BILD0184,Bilardello,Dann,,Vancouver,,,,,
palmer,1987,Pacific Coast League,birtsas,BIRT0184,Birtsas,Tim,,Tacoma,,,,,
palmer,1987,Pacific Coast League,bitker,BITJ0184,Bitker,Joe,,Las Vegas,,,,,
palmer,1987,Pacific Coast League,bittiger,BITJ0284,Bittiger,Jeff,,Portland,,,,,
palmer,1987,Pacific Coast League,blount,BLOW0185,Blount,Bill,,Las Vegas,,,,,
palmer,1987,Pacific Coast League,bockus,BOCR0184,Bockus,Randy,,Phoenix,,,,,
palmer,1987,Pacific Coast League,boling,BOLJ0184,Boling,John,,Hawaii,,,,,
palmer,1987,Pacific Coast League,boston,BOSD0184,Boston,Daryl,,Hawaii,,,,,
palmer,1987,Pacific Coast League,,BRAJ0185,Brantley,Jeff,,Phoenix,,,,,
palmer,1987,Pacific Coast League,,BRAM0184,Brantley,Mickey,,Calgary,,,,,
palmer,1987,Pacific Coast League,braun,BRAR0184,Braun,Randy,,Calgary,,,,,
palmer,1987,Pacific Coast League,brennan,BREW0185,Brennan,William,,Albuquerque,,,,,
minoraverages/emilbb,1987,Pacific Coast League,bridges,M90445,Bridges,Rocky,,Vancouver,,,,,
palmer,1987,Pacific Coast League,broersma,BROE0184,Broersma,Eric,,Tacoma,,,,,
palmer,1987,Pacific Coast League,brouhard,BROM0285,Brouhard,Mark,,Edmonton,,,,,
palmer,1987,Pacific Coast League,,BROC0184,Brown,Curt,,Tacoma,,,,,
palmer,1987,Pacific Coast League,,BROM0284,Brown,Mike,,Calgary,,,,,
palmer,1987,Pacific Coast League,,BROM0384,Brown,Mike,,Hawaii,,,,,
palmer,1987,Pacific Coast League,bryant,BRYR0184,Bryant,Ralph,,Albuquerque,,,,,
palmer,1987,Pacific Coast League,bryden,BRYT0184,Bryden,T.R.,,Edmonton,,,,,
palmer,1987,Pacific Coast League,buckley,BUCK0184,Buckley,Kevin,,Las Vegas,,,,,
palmer,1987,Pacific Coast League,buice,BUID0186,Buice,De Wayne,,Edmonton,,,,,
palmer,1987,Pacific Coast League,bullock,BULE0184,Bullock,Eric,,Tucson,,,,,
palmer,1987,Pacific Coast League,bullock,BULE0184,Bullock,Eric,,Portland,,,,,
palmer,1987,Pacific Coast League,bundy,BUNL0184,Bundy,Bud,,Vancouver,,,,,
palmer,1987,Pacific Coast League,burns,BURT0184,Burns,Todd,,Tacoma,,,,,
palmer,1987,Pacific Coast League,burrell,BURK0384,Burrell,Kevin,,Phoenix,,,,,
palmer,1987,Pacific Coast League,burroughs,BURD0384,Burroughs,Darren,,Calgary,,,,,
palmer,1987,Pacific Coast League,burtt,BURD0284,Burtt,Dennis,,Albuquerque,,,,,
palmer,1987,Pacific Coast League,butera,BUTS0184,Butera,Sal,,Portland,,,,,
palmer,1987,Pacific Coast League,byers,BYER0184,Byers,Randy,,Las Vegas,,,,,
palmer,1987,Pacific Coast League,cadaret,CADG0184,Cadaret,Greg,,Tacoma,,,,,
palmer,1987,Pacific Coast League,campbell,CAMM0185,Campbell,Mike,,Calgary,,,,,
palmer,1987,Pacific Coast League,carpenter,CARG0284,Carpenter,Glenn,,Tucson,,,,,
palmer,1987,Pacific Coast League,carrasco,CARN0184,Carrasco,Norman,,Edmonton,,,,,
palmer,1987,Pacific Coast League,casey,CASP0184,Casey,Pat,,Portland,,,,,
palmer,1987,Pacific Coast League,caudill,CAUW0187,Caudill,Bill,,Tacoma,,,,,
palmer,1987,Pacific Coast League,chadwick,CHAR0384,Chadwick,Ray,,Edmonton,,,,,
palmer,1987,Pacific Coast League,childress,CHIR0184,Childress,Rocky,,Tucson,,,,,
palmer,1987,Pacific Coast League,christensen,CHRJ0284,Christensen,John,,Calgary,,,,,
palmer,1987,Pacific Coast League,christiansen,CHRC0184,Christiansen,Clay,,Tucson,,,,,
palmer,1987,Pacific Coast League,christiansen,CHRC0184,Christiansen,Clay,,Portland,,,,,
palmer,1987,Pacific Coast League,citarella,CITR0184,Citarella,Ralph,,Hawaii,,,,,
palmer,1987,Pacific Coast League,,CLAB0184,Clark,Bryan,,Hawaii,,,,,
palmer,1987,Pacific Coast League,,CLAR0385,Clark,Bobby,,Tacoma,,,,,
palmer,1987,Pacific Coast League,,CLAT0284,Clark,Terry,,Edmonton,,,,,
palmer,1987,Pacific Coast League,clarke,CLAS0184,Clarke,Stan,,Calgary,,,,,
palmer,1987,Pacific Coast League,clay,CLAD0384,Clay,Danny,,Portland,,,,,
palmer,1987,Pacific Coast League,clemons,CLEM0184,Clemons,Mark,,Portland,,,,,
palmer,1987,Pacific Coast League,,CLIS0184,Cliburn,Stan,,Edmonton,,,,,
palmer,1987,Pacific Coast League,,CLIS0284,Cliburn,Stew,,Edmonton,,,,,
palmer,1987,Pacific Coast League,coachman,COAB0184,Coachman,Pete,,Edmonton,,,,,
palmer,1987,Pacific Coast League,cocanower,COCJ0185,Cocanower,Jaime,,Albuquerque,,,,,
palmer,1987,Pacific Coast League,cochrane,COCD0184,Cochrane,Dave,,Hawaii,,,,,
palmer,1987,Pacific Coast League,cockrell,COCA0184,Cockrell,Alan,,Phoenix,,,,,
palmer,1987,Pacific Coast League,codiroli,CODC0184,Codiroli,Chris,,Tacoma,,,,,
minoraverages/emilbb,1987,Pacific Coast League,collins,M90476,Collins,Terry,,Albuquerque,,,,,
palmer,1987,Pacific Coast League,comstock,COMK0184,Comstock,Keith,,Phoenix,,,,,
palmer,1987,Pacific Coast League,conley,CONK0184,Conley,Virgil,,Hawaii,,,,,
palmer,1987,Pacific Coast League,,COOD0185,Cook,Dennis,,Phoenix,,,,,
palmer,1987,Pacific Coast League,,COOM0185,Cook,Mike,,Edmonton,,,,,
palmer,1987,Pacific Coast League,copp,COPW0186,Copp,Bill,,Vancouver,,,,,
palmer,1987,Pacific Coast League,cora,CORJ0185,Cora,Joey,,Las Vegas,,,,,
palmer,1987,Pacific Coast League,corbell,CORC0284,Corbell,Charlie,,Phoenix,,,,,
palmer,1987,Pacific Coast League,,CORD0284,Corbett,Doug,,Edmonton,,,,,
palmer,1987,Pacific Coast League,,CORS0184,Corbett,Sherman,,Edmonton,,,,,
palmer,1987,Pacific Coast League,corey,CORM0186,Corey,Mark,,Portland,,,,,
palmer,1987,Pacific Coast League,costello,COSM0184,Costello,Mike,,Las Vegas,,,,,
palmer,1987,Pacific Coast League,crews,CRES0184,Crews,Tim,,Albuquerque,,,,,
palmer,1987,Pacific Coast League,crone,CROW0184,Crone,Bill,,Tucson,,,,,
palmer,1987,Pacific Coast League,cruz,CRUJ0287,Cruz,Julio,,Albuquerque,,,,,
palmer,1987,Pacific Coast League,,DAVJ0484,Davis,Joel,,Hawaii,,,,,
palmer,1987,Pacific Coast League,,DAVR0187,Davis,Ron,,Albuquerque,,,,,
palmer,1987,Pacific Coast League,,DAVW0184,Davis,Butch,,Vancouver,,,,,
palmer,1987,Pacific Coast League,dejesus,DEJI0186,DeJesus,Ivan,,Phoenix,,,,,
palmer,1987,Pacific Coast League,debus,DEBJ0184,Debus,Jon,,Albuquerque,,,,,
palmer,1987,Pacific Coast League,dempsey,DEMP0184,Dempsey,Pat,,Portland,,,,,
palmer,1987,Pacific Coast League,devereaux,DEVM0185,Devereaux,Mike,,Albuquerque,,,,,
palmer,1987,Pacific Coast League,diaz,DIAM0284,Diaz,Mario,,Calgary,,,,,
minoraverages/emilbb,1987,Pacific Coast League,didier,M90492,Didier,Bob,,Tucson,,,,,
palmer,1987,Pacific Coast League,distefano,DISB0184,Distefano,Benny,,Vancouver,,,,,
palmer,1987,Pacific Coast League,dorsett,DORB0184,Dorsett,Brian,,Tacoma,,,,,
palmer,1987,Pacific Coast League,dozier,DOZT0184,Dozier,Tom,,Tacoma,,,,,
palmer,1987,Pacific Coast League,drummond,DRUT0184,Drummond,Tim,,Vancouver,,,,,
palmer,1987,Pacific Coast League,dugas,DUGS0184,Dugas,Shanie,,Albuquerque,,,,,
palmer,1987,Pacific Coast League,dunbar,DUNT0184,Dunbar,Tom,,Vancouver,,,,,
palmer,1987,Pacific Coast League,duncan,DUNM0184,Duncan,Mariano,,Albuquerque,,,,,
palmer,1987,Pacific Coast League,dunne,DUNM0285,Dunne,Mike,,Vancouver,,,,,
palmer,1987,Pacific Coast League,easley,EASK0184,Easley,Logan,,Vancouver,,,,,
palmer,1987,Pacific Coast League,edwards,EDWJ0184,Edwards,Jeff,,Albuquerque,,,,,
palmer,1987,Pacific Coast League,edwards,EDWJ0184,Edwards,Jeff,,Tucson,,,,,
palmer,1987,Pacific Coast League,engram,ENGG0184,Engram,Graylyn,,Hawaii,,,,,
palmer,1987,Pacific Coast League,eppard,EPPJ0184,Eppard,Jim,,Edmonton,,,,,
palmer,1987,Pacific Coast League,escobar,ESCA0184,Escobar,Angel,,Phoenix,,,,,
palmer,1987,Pacific Coast League,espinoza,ESPA0284,Espinoza,Alvaro,,Portland,,,,,
palmer,1987,Pacific Coast League,fansler,FANS0184,Fansler,Stan,,Vancouver,,,,,
palmer,1987,Pacific Coast League,ferran,FERG0284,Ferran,George,,Phoenix,,,,,
palmer,1987,Pacific Coast League,ferreira,FERA0184,Ferreira,Tony,,Calgary,,,,,
palmer,1987,Pacific Coast League,fimple,FIMJ0184,Fimple,Jack,,Edmonton,,,,,
palmer,1987,Pacific Coast League,firova,FIRD0185,Firova,Dan,,Calgary,,,,,
palmer,1987,Pacific Coast League,fischer,FIST0184,Fischer,Todd,,Edmonton,,,,,
palmer,1987,Pacific Coast League,fontenot,FONS0186,Fontenot,Ray,,Tucson,,,,,
palmer,1987,Pacific Coast League,ford,FORW0184,Ford,Rusty,,Las Vegas,,,,,
palmer,1987,Pacific Coast League,forrester,FORT0185,Forrester,Tom,,Hawaii,,,,,
palmer,1987,Pacific Coast League,forster,FORT0286,Forster,Terry,,Portland,,,,,
palmer,1987,Pacific Coast League,fossas,FOSE0184,Fossas,Tony,,Edmonton,,,,,
palmer,1987,Pacific Coast League,funk,FUNT0184,Funk,Tom,,Tucson,,,,,
palmer,1987,Pacific Coast League,gainey,GAIT0184,Gainey,Ty,,Tucson,,,,,
palmer,1987,Pacific Coast League,gallagher,GALD0184,Gallagher,Dave,,Calgary,,,,,
palmer,1987,Pacific Coast League,gallego,GALM0184,Gallego,Mike,,Tacoma,,,,,
palmer,1987,Pacific Coast League,garcia,GARS0284,Garcia,Steve,,Las Vegas,,,,,
palmer,1987,Pacific Coast League,gardenhire,GARR0385,Gardenhire,Ron,,Portland,,,,,
palmer,1987,Pacific Coast League,gasser,GASS0185,Gasser,Steve,,Portland,,,,,
palmer,1987,Pacific Coast League,giles,GILB0184,Giles,Brian,,Hawaii,,,,,
palmer,1987,Pacific Coast League,gillaspie,GILM0384,Gillaspie,Mark,,Las Vegas,,,,,
palmer,1987,Pacific Coast League,,GOMR0184,Gomez,Randy,,Hawaii,,,,,
palmer,1987,Pacific Coast League,,GOMS0184,Gomez,Steve,,Portland,,,,,
palmer,1987,Pacific Coast League,,GOND0284,Gonzalez,Denny,,Vancouver,,,,,
palmer,1987,Pacific Coast League,,GONF0184,Gonzalez,Felipe,,Phoenix,,,,,
palmer,1987,Pacific Coast League,,GONJ0384,Gonzalez,Jose,,Albuquerque,,,,,
palmer,1987,Pacific Coast League,gorman,GORT0284,Gorman,Tom,,Las Vegas,,,,,
palmer,1987,Pacific Coast League,gorman,GORT0284,Gorman,Tom,,Portland,,,,,
palmer,1987,Pacific Coast League,graham,GRAE0184,Graham,Everett,,Phoenix,,,,,
palmer,1987,Pacific Coast League,grant,GRAM0184,Grant,Mark,,Phoenix,,,,,
palmer,1987,Pacific Coast League,green,GREG0185,Green,Gary,,Las Vegas,,,,,
palmer,1987,Pacific Coast League,guetterman,GUEA0184,Guetterman,Lee,,Calgary,,,,,
palmer,1987,Pacific Coast League,gwosdz,GWOD0184,Gwosdz,Doug,,Calgary,,,,,
palmer,1987,Pacific Coast League,gwynn,GWYC0185,Gwynn,Chris,,Albuquerque,,,,,
palmer,1987,Pacific Coast League,hagen,HAGK0184,Hagen,Kevin,,Tucson,,,,,
palmer,1987,Pacific Coast League,hagen,HAGK0184,Hagen,Kevin,,Portland,,,,,
palmer,1987,Pacific Coast League,hamilton,HAMJ0184,Hamilton,Jeff,,Albuquerque,,,,,
palmer,1987,Pacific Coast League,hammaker,HAMC0284,Hammaker,Atlee,,Phoenix,,,,,
palmer,1987,Pacific Coast League,hanson,HANE0186,Hanson,Erik,,Calgary,,,,,
palmer,1987,Pacific Coast League,hardy,HARJ0484,Hardy,Jack,,Hawaii,,,,,
palmer,1987,Pacific Coast League,haro,HARS0284,Haro,Sam,,Vancouver,,,,,
palmer,1987,Pacific Coast League,harper,HARB0286,Harper,Brian,,Tacoma,,,,,
palmer,1987,Pacific Coast League,harrison,HARR0284,Harrison,Ron,,Vancouver,,,,,
palmer,1987,Pacific Coast League,hartley,HARM0384,Hartley,Mike,,Albuquerque,,,,,
palmer,1987,Pacific Coast League,hassey,HASR0187,Hassey,Ron,,Hawaii,,,,,
palmer,1987,Pacific Coast League,havens,HAVB0184,Havens,Brad,,Albuquerque,,,,,
palmer,1987,Pacific Coast League,hayward,HAYR0384,Hayward,Ray,,Las Vegas,,,,,
palmer,1987,Pacific Coast League,heath,HEAD0184,Heath,Dave,,Edmonton,,,,,
palmer,1987,Pacific Coast League,heathcock,HEAR0184,Heathcock,Jeff,,Tucson,,,,,
palmer,1987,Pacific Coast League,henderson,HENS0286,Henderson,Steve,,Tacoma,,,,,
palmer,1987,Pacific Coast League,hengel,HEND0284,Hengel,Dave,,Calgary,,,,,
palmer,1987,Pacific Coast League,heredia,HERH0185,Heredia,Hector,,Albuquerque,,,,,
palmer,1987,Pacific Coast League,hernandez,HERM0184,Hernandez,Manny,,Tucson,,,,,
palmer,1987,Pacific Coast League,heuer,HEUM0184,Heuer,Mark,,Albuquerque,,,,,
palmer,1987,Pacific Coast League,hickey,HICK0184,Hickey,Kevin,,Hawaii,,,,,
palmer,1987,Pacific Coast League,hickey,HICK0184,Hickey,Kevin,,Phoenix,,,,,
palmer,1987,Pacific Coast League,higgs,HIGD0284,Higgs,Darrell,,Portland,,,,,
palmer,1987,Pacific Coast League,hill,HILD0184,Hill,Donnie,,Hawaii,,,,,
palmer,1987,Pacific Coast League,hillegas,HILS0384,Hillegas,Shawn,,Albuquerque,,,,,
palmer,1987,Pacific Coast League,hinshaw,HING0184,Hinshaw,George,,Albuquerque,,,,,
palmer,1987,Pacific Coast League,householder,HOUP0184,Householder,Paul,,Tucson,,,,,
palmer,1987,Pacific Coast League,howell,HOWK0184,Howell,Ken,,Albuquerque,,,,,
palmer,1987,Pacific Coast League,howie,HOWM0184,Howie,Mark,,Tacoma,,,,,
palmer,1987,Pacific Coast League,huffman,HUFP0184,Huffman,Phil,,Portland,,,,,
palmer,1987,Pacific Coast League,hulett,HULT0184,Hulett,Tim,,Hawaii,,,,,
palmer,1987,Pacific Coast League,jackson,JACC0184,Jackson,Chuck,,Tucson,,,,,
palmer,1987,Pacific Coast League,james,JAMC0185,James,Calvin,,Tucson,,,,,
palmer,1987,Pacific Coast League,javier,JAVS0184,Javier,Stan,,Tacoma,,,,,
palmer,1987,Pacific Coast League,jimenez,JIMA0185,Jimenez,Houston,,Vancouver,,,,,
palmer,1987,Pacific Coast League,johns,JOHR0184,Johns,Ron,,Vancouver,,,,,
palmer,1987,Pacific Coast League,,JOHD0284,Johnson,Dave,,Vancouver,,,,,
palmer,1987,Pacific Coast League,,JOHR0784,Johnson,Roy,,Tacoma,,,,,
palmer,1987,Pacific Coast League,,JONB0184,Jones,Barry,,Vancouver,,,,,
palmer,1987,Pacific Coast League,,JONC0584,Jones,Chris,,Phoenix,,,,,
palmer,1987,Pacific Coast League,,JONG0184,Jones,Gary,,Tacoma,,,,,
palmer,1987,Pacific Coast League,,JONJ0384,Jones,Jimmy,,Las Vegas,,,,,
palmer,1987,Pacific Coast League,,JONR0184,Jones,Ross,,Calgary,,,,,
palmer,1987,Pacific Coast League,,JONR0284,Jones,Ricky,,Portland,,,,,
palmer,1987,Pacific Coast League,karkovice,KARR0184,Karkovice,Ron,,Hawaii,,,,,
palmer,1987,Pacific Coast League,kearney,KEAR0187,Kearney,Bob,,Tacoma,,,,,
palmer,1987,Pacific Coast League,keedy,KEEC0184,Keedy,Pat,,Hawaii,,,,,
palmer,1987,Pacific Coast League,kelley,KELA0184,Kelley,Anthony,,Tucson,,,,,
palmer,1987,Pacific Coast League,kelly,KELB0184,Kelly,Bryan,,Calgary,,,,,
palmer,1987,Pacific Coast League,kerfeld,KERC0184,Kerfeld,Charlie,,Tucson,,,,,
palmer,1987,Pacific Coast League,khalifa,KHAS0184,Khalifa,Sammy,,Vancouver,,,,,
palmer,1987,Pacific Coast League,kibler,KIBR0184,Kibler,Russ,,Tacoma,,,,,
minoraverages/emilbb,1987,Pacific Coast League,kim,M90484,Kim,Wendell,,Phoenix,,,,,
palmer,1987,Pacific Coast League,king,KINK0284,King,Kevin,,Edmonton,,,,,
palmer,1987,Pacific Coast League,kingman,KIND0187,Kingman,Dave,,Phoenix,,,,,
palmer,1987,Pacific Coast League,kipper,KIPR0184,Kipper,Bob,,Vancouver,,,,,
palmer,1987,Pacific Coast League,klink,KLIJ0184,Klink,Joe,,Portland,,,,,
minoraverages/emilbb,1987,Pacific Coast League,kotchman,M90459,Kotchman,Tom,,Edmonton,,,,,
palmer,1987,Pacific Coast League,kramer,KRAR0184,Kramer,Randy,,Vancouver,,,,,
palmer,1987,Pacific Coast League,krauss,KRAT0284,Krauss,Tim,,Hawaii,,,,,
palmer,1987,Pacific Coast League,krawczyk,KRAR0384,Krawczyk,Ray,,Hawaii,,,,,
palmer,1987,Pacific Coast League,krenchicki,KREW0184,Krenchicki,Wayne,,Tacoma,,,,,
minoraverages/emilbb,1987,Pacific Coast League,krol,M90506,Krol,Jack,,Las Vegas,,,,,
palmer,1987,Pacific Coast League,krueger,KRUW0184,Krueger,Bill,,Albuquerque,,,,,
palmer,1987,Pacific Coast League,krueger,KRUW0184,Krueger,Bill,,Tacoma,,,,,
palmer,1987,Pacific Coast League,kutcher,KUTR0184,Kutcher,Randy,,Phoenix,,,,,
palmer,1987,Pacific Coast League,kyles,KYLS0184,Kyles,Stan,,Tacoma,,,,,
palmer,1987,Pacific Coast League,ladd,LADP0185,Ladd,Pete,,Albuquerque,,,,,
palmer,1987,Pacific Coast League,lamp,LAMD0187,Lamp,Dennis,,Tacoma,,,,,
palmer,1987,Pacific Coast League,lansford,LANJ0284,Lansford,Joe,,Las Vegas,,,,,
palmer,1987,Pacific Coast League,larkin,LARE0184,Larkin,Gene,,Portland,,,,,
palmer,1987,Pacific Coast League,latham,LATW0184,Latham,Bill,,Portland,,,,,
palmer,1987,Pacific Coast League,law,LAWJ0184,Law,Joe,,Tacoma,,,,,
palmer,1987,Pacific Coast League,lazorko,LAZJ0184,Lazorko,Jack,,Edmonton,,,,,
palmer,1987,Pacific Coast League,lemaster,LEMJ0286,LeMaster,Johnnie,,Tacoma,,,,,
palmer,1987,Pacific Coast League,lemaster,LEMJ0286,LeMaster,Johnnie,,Hawaii,,,,,
palmer,1987,Pacific Coast League,leeper,LEED0184,Leeper,Dave,,Vancouver,,,,,
palmer,1987,Pacific Coast League,leiper,LEID0184,Leiper,Dave,,Tacoma,,,,,
palmer,1987,Pacific Coast League,liddle,LIDS0184,Liddle,Steve,,Portland,,,,,
minoraverages/emilbb,1987,Pacific Coast League,lieppman,M90437,Lieppman,Keith,,Tacoma,,,,,
palmer,1987,Pacific Coast League,lind,LINJ0184,Lind,Jose,,Vancouver,,,,,
palmer,1987,Pacific Coast League,lindsey,LINW0184,Lindsey,Bill,,Hawaii,,,,,
palmer,1987,Pacific Coast League,litton,LITJ0184,Litton,Greg,,Phoenix,,,,,
palmer,1987,Pacific Coast League,livingston,LIVD0184,Livingston,Dennis,,Albuquerque,,,,,
palmer,1987,Pacific Coast League,long,LONW0184,Long,Bill,,Hawaii,,,,,
palmer,1987,Pacific Coast League,lopes,LOPD0187,Lopes,Davey,,Tucson,,,,,
palmer,1987,Pacific Coast League,lopez,LOPJ0184,Lopez,Juan,,Tucson,,,,,
palmer,1987,Pacific Coast League,lugo,LUGU0184,Lugo,Urbano,,Edmonton,,,,,
palmer,1987,Pacific Coast League,lyons,LYOS0184,Lyons,Steve,,Hawaii,,,,,
palmer,1987,Pacific Coast League,,MACS0185,Mack,Shane,,Las Vegas,,,,,
palmer,1987,Pacific Coast League,,MACT0184,Mack,Tony,,Tucson,,,,,
palmer,1987,Pacific Coast League,madden,MADM0484,Madden,Morris,,Vancouver,,,,,
palmer,1987,Pacific Coast League,mallicoat,MALR0184,Mallicoat,Rob,,Tucson,,,,,
minoraverages/emilbb,1987,Pacific Coast League,manuel,M90468,Manuel,Charlie,,Portland,,,,,
palmer,1987,Pacific Coast League,marte,MARA0484,Marte,Alex,,Portland,,,,,
palmer,1987,Pacific Coast League,,MARC0284,Martinez,Carlos,,Hawaii,,,,,
palmer,1987,Pacific Coast League,,MARE0384,Martinez,Edgar,,Calgary,,,,,
palmer,1987,Pacific Coast League,mason,MASR0184,Mason,Roger,,Phoenix,,,,,
palmer,1987,Pacific Coast League,mathis,MATR0384,Mathis,Ron,,Tucson,,,,,
palmer,1987,Pacific Coast League,mayberry,MAYG0184,Mayberry,Greg,,Albuquerque,,,,,
palmer,1987,Pacific Coast League,mccaskill,MCCK0184,McCAskill,Kirk,,Edmonton,,,,,
palmer,1987,Pacific Coast League,mcdougal,MCDJ0184,McDougal,Julius,,Portland,,,,,
palmer,1987,Pacific Coast League,mcelroy,MCEG0186,McElroy,Glen,,Hawaii,,,,,
palmer,1987,Pacific Coast League,mckeon,MCKJ0184,McKEon,Joel,,Hawaii,,,,,
palmer,1987,Pacific Coast League,mcknight,MCKJ0284,McKnight,Jack,,Phoenix,,,,,
palmer,1987,Pacific Coast League,mclaughlin,MCLJ0284,McLAughlin,Joey,,Hawaii,,,,,
palmer,1987,Pacific Coast League,meadows,MEAM0184,Meadows,Louie,,Tucson,,,,,
palmer,1987,Pacific Coast League,meads,MEAD0184,Meads,Dave,,Tucson,,,,,
palmer,1987,Pacific Coast League,medvin,MEDS0184,Medvin,Scott,,Phoenix,,,,,
palmer,1987,Pacific Coast League,medvin,MEDS0184,Medvin,Scott,,Vancouver,,,,,
palmer,1987,Pacific Coast League,meeks,MEET0284,Meeks,Tim,,Albuquerque,,,,,
palmer,1987,Pacific Coast League,meeks,MEET0284,Meeks,Tim,,Tacoma,,,,,
palmer,1987,Pacific Coast League,melendez,MELF0184,Melendez,Francisco,,Phoenix,,,,,
palmer,1987,Pacific Coast League,mercado,MERO0184,Mercado,Orlando,,Albuquerque,,,,,
palmer,1987,Pacific Coast League,merrifield,MERB0184,Merrifield,Bill,,Edmonton,,,,,
palmer,1987,Pacific Coast League,merrifield,MERB0184,Merrifield,Bill,,Vancouver,,,,,
palmer,1987,Pacific Coast League,miller,MILS0284,Miller,Steve,,Phoenix,,,,,
palmer,1987,Pacific Coast League,mills,MILM0384,Mills,Mike,,Las Vegas,,,,,
palmer,1987,Pacific Coast League,milner,MILE0187,Milner,Eddie,,Phoenix,,,,,
palmer,1987,Pacific Coast League,miner,MINJ0284,Miner,Jim,,Tucson,,,,,
palmer,1987,Pacific Coast League,miscik,MISR0184,Miscik,Bobby,,Edmonton,,,,,
palmer,1987,Pacific Coast League,montalvo,MONR0284,Montalvo,Rafael,,Tucson,,,,,
palmer,1987,Pacific Coast League,monteleone,MONR0184,Monteleone,Rich,,Calgary,,,,,
palmer,1987,Pacific Coast League,montgomery,MONR0384,Montgomery,Reg,,Edmonton,,,,,
palmer,1987,Pacific Coast League,mooneyham,MOOW0184,Mooneyham,Bill,,Tacoma,,,,,
palmer,1987,Pacific Coast League,morhardt,MORG0184,Morhardt,Greg,,Portland,,,,,
palmer,1987,Pacific Coast League,morlock,MORA0384,Morlock,Al,,Edmonton,,,,,
palmer,1987,Pacific Coast League,morman,MORR0284,Morman,Russ,,Hawaii,,,,,
palmer,1987,Pacific Coast League,mulholland,MULT0184,Mulholland,Terry,,Phoenix,,,,,
palmer,1987,Pacific Coast League,murphy,MURD0186,Murphy,Dwayne,,Tacoma,,,,,
palmer,1987,Pacific Coast League,musselman,MUSR0184,Musselman,Ron,,Portland,,,,,
palmer,1987,Pacific Coast League,narron,NARJ0187,Narron,Jerry,,Calgary,,,,,
palmer,1987,Pacific Coast League,nelson,NELR0284,Nelson,Rob,,Tacoma,,,,,
palmer,1987,Pacific Coast League,nielsen,NIEJ0284,Nielsen,Scott,,Hawaii,,,,,
palmer,1987,Pacific Coast League,niemann,NIER0184,Niemann,Randy,,Portland,,,,,
palmer,1987,Pacific Coast League,nieto,NIET0284,Nieto,Tom,,Portland,,,,,
palmer,1987,Pacific Coast League,nixon,NIXR0184,Nixon,Donell,,Calgary,,,,,
palmer,1987,Pacific Coast League,noble,NOBJ0184,Noble,Rayner,,Tucson,,,,,
palmer,1987,Pacific Coast League,ontiveros,ONTS0184,Ontiveros,Steve,,Tacoma,,,,,
palmer,1987,Pacific Coast League,orsulak,ORSJ0184,Orsulak,Joe,,Vancouver,,,,,
palmer,1987,Pacific Coast League,ouellette,OUEP0184,Ouellette,Phil,,Phoenix,,,,,
palmer,1987,Pacific Coast League,palacios,PALV0184,Palacios,Vicente,,Vancouver,,,,,
palmer,1987,Pacific Coast League,pankovits,PANJ0184,Pankovits,Jim,,Tucson,,,,,
palmer,1987,Pacific Coast League,parent,PARM0284,Parent,Mark,,Las Vegas,,,,,
palmer,1987,Pacific Coast League,parker,PARJ0285,Parker,Clay,,Calgary,,,,,
palmer,1987,Pacific Coast League,parsons,PARS0284,Parsons,Scott,,Las Vegas,,,,,
palmer,1987,Pacific Coast League,,PATK0185,Patterson,Ken,,Hawaii,,,,,
palmer,1987,Pacific Coast League,,PATR0184,Patterson,Bob,,Vancouver,,,,,
palmer,1987,Pacific Coast League,pederson,PEDS0184,Pederson,Stu,,Albuquerque,,,,,
palmer,1987,Pacific Coast League,,PENA0184,Pena,Bert,,Tucson,,,,,
palmer,1987,Pacific Coast League,,PENH0184,Pena,Hipolito,,Vancouver,,,,,
palmer,1987,Pacific Coast League,perconte,PERJ0185,Perconte,Jack,,Albuquerque,,,,,
palmer,1987,Pacific Coast League,perlman,PERJ0484,Perlman,Jon,,Phoenix,,,,,
palmer,1987,Pacific Coast League,perry,PERJ0584,Perry,Jeff,,Portland,,,,,
palmer,1987,Pacific Coast League,pettis,PETG0187,Pettis,Gary,,Edmonton,,,,,
palmer,1987,Pacific Coast League,phillips,PHIK0185,Phillips,Tony,,Tacoma,,,,,
palmer,1987,Pacific Coast League,pittaro,PITC0184,Pittaro,Chris,,Portland,,,,,
minoraverages/emilbb,1987,Pacific Coast League,plummer,M90421,Plummer,Bill,,Calgary,,,,,
palmer,1987,Pacific Coast League,plunk,PLUE0184,Plunk,Eric,,Tacoma,,,,,
palmer,1987,Pacific Coast League,polonia,POLL0184,Polonia,Luis,,Tacoma,,,,,
palmer,1987,Pacific Coast League,portugal,PORM0184,Portugal,Mark,,Portland,,,,,
palmer,1987,Pacific Coast League,poston,POSM0184,Poston,Mark,,Las Vegas,,,,,
palmer,1987,Pacific Coast League,pounders,POUB0184,Pounders,Brad,,Las Vegas,,,,,
palmer,1987,Pacific Coast League,powell,POWD0184,Powell,Dennis,,Calgary,,,,,
palmer,1987,Pacific Coast League,price,PRIJ0187,Price,Joe,,Phoenix,,,,,
palmer,1987,Pacific Coast League,puikunas,PUIE0184,Puikunas,Ed,,Phoenix,,,,,
palmer,1987,Pacific Coast League,ramsey,RAMM0184,Ramsey,Mike,,Albuquerque,,,,,
palmer,1987,Pacific Coast League,randall,RANJ0184,Randall,Sap,,Edmonton,,,,,
palmer,1987,Pacific Coast League,rasmussen,RASJ0284,Rasmussen,Jim,,Hawaii,,,,,
palmer,1987,Pacific Coast League,ray,RAYL0184,Ray,Larry,,Vancouver,,,,,
palmer,1987,Pacific Coast League,reece,REET0184,Reece,Thad,,Tacoma,,,,,
palmer,1987,Pacific Coast League,reed,REEJ0284,Reed,Jerry,,Calgary,,,,,
palmer,1987,Pacific Coast League,reid,REIJ0384,Reid,Jessie,,Phoenix,,,,,
palmer,1987,Pacific Coast League,renteria,RENR0184,Renteria,Rich,,Calgary,,,,,
palmer,1987,Pacific Coast League,reyes,REYG0184,Reyes,Gil,,Albuquerque,,,,,
palmer,1987,Pacific Coast League,reynolds,REYR0384,Reynolds,Ronn,,Tucson,,,,,
palmer,1987,Pacific Coast League,rijo,RIJJ0184,Rijo,Jose,,Tacoma,,,,,
palmer,1987,Pacific Coast League,rios,RIOJ0186,Rios,Jesus,,Edmonton,,,,,
palmer,1987,Pacific Coast League,,ROBL0184,Roberts,Bip,,Las Vegas,,,,,
palmer,1987,Pacific Coast League,,ROBP0186,Roberts,Pete,,Las Vegas,,,,,
palmer,1987,Pacific Coast League,,RODE0384,Rodriguez,Edwin,,Las Vegas,,,,,
palmer,1987,Pacific Coast League,,RODE0384,Rodriguez,Edwin,,Portland,,,,,
palmer,1987,Pacific Coast League,,RODR0584,Rodriguez,Ruben,,Vancouver,,,,,
palmer,1987,Pacific Coast League,,RODR0684,Rodriguez,Rick,,Tacoma,,,,,
palmer,1987,Pacific Coast League,rohn,ROHD0184,Rohn,Dan,,Tacoma,,,,,
palmer,1987,Pacific Coast League,rood,ROON0184,Rood,Nelson,,Tucson,,,,,
palmer,1987,Pacific Coast League,ross,ROSM0384,Ross,Mark,,Vancouver,,,,,
palmer,1987,Pacific Coast League,rubel,RUBM0184,Rubel,Mike,,Phoenix,,,,,
palmer,1987,Pacific Coast League,ruhle,RUHV0186,Ruhle,Vern,,Edmonton,,,,,
palmer,1987,Pacific Coast League,ryal,RYAM0284,Ryal,Mark,,Edmonton,,,,,
palmer,1987,Pacific Coast League,salazar,SALL0286,Salazar,Luis,,Las Vegas,,,,,
palmer,1987,Pacific Coast League,salinas,SALM0184,Salinas,Manny,,Hawaii,,,,,
palmer,1987,Pacific Coast League,sanchez,SANA0184,Sanchez,Alejandro,,Tacoma,,,,,
palmer,1987,Pacific Coast League,sasser,SASM0184,Sasser,Mackey,,Phoenix,,,,,
palmer,1987,Pacific Coast League,sasser,SASM0184,Sasser,Mackey,,Vancouver,,,,,
palmer,1987,Pacific Coast League,savage,SAVJ0185,Savage,Jack,,Albuquerque,,,,,
palmer,1987,Pacific Coast League,schaefer,SCHJ0584,Schaefer,Jeff,,Albuquerque,,,,,
palmer,1987,Pacific Coast League,schneider,SCHP0184,Schneider,Paul,,Calgary,,,,,
palmer,1987,Pacific Coast League,schuler,SCHD0184,Schuler,Dave,,Phoenix,,,,,
palmer,1987,Pacific Coast League,schweighoffer,SCHM0185,Schweighoffer,Mike,,Albuquerque,,,,,
palmer,1987,Pacific Coast League,sconiers,SCOD0185,Sconiers,Daryl,,Hawaii,,,,,
palmer,1987,Pacific Coast League,scott,SCOT0384,Scott,Tim,,Hawaii,,,,,
palmer,1987,Pacific Coast League,scurry,SCUR0186,Scurry,Rod,,Phoenix,,,,,
palmer,1987,Pacific Coast League,searage,SEAR0184,Searage,Ray,,Hawaii,,,,,
palmer,1987,Pacific Coast League,see,SEER0184,See,Larry,,Albuquerque,,,,,
palmer,1987,Pacific Coast League,shields,SHIS0184,Shields,Steve,,Calgary,,,,,
palmer,1987,Pacific Coast League,shipanoff,SHID0184,Shipanoff,Dave,,Edmonton,,,,,
palmer,1987,Pacific Coast League,shipley,SHIC0184,Shipley,Craig,,Albuquerque,,,,,
palmer,1987,Pacific Coast League,,SIMN0184,Simmons,Nelson,,Calgary,,,,,
palmer,1987,Pacific Coast League,,SIMT0184,Simmons,Todd,,Las Vegas,,,,,
palmer,1987,Pacific Coast League,sinatro,SINM0184,Sinatro,Matt,,Tacoma,,,,,
palmer,1987,Pacific Coast League,siwy,SIWJ0184,Siwy,Jim,,Las Vegas,,,,,
palmer,1987,Pacific Coast League,,SMIB0184,Smith,Brick,,Calgary,,,,,
palmer,1987,Pacific Coast League,,SMID0185,Smith,Dave,,Edmonton,,,,,
palmer,1987,Pacific Coast League,,SMIL0384,Smith,Roy,,Portland,,,,,
palmer,1987,Pacific Coast League,smithson,SMIB0387,Smithson,Mike,,Portland,,,,,
palmer,1987,Pacific Coast League,snyder,SNYB0384,Snyder,Brian,,Las Vegas,,,,,
palmer,1987,Pacific Coast League,solano,SOLJ0184,Solano,Julio,,Tucson,,,,,
palmer,1987,Pacific Coast League,steels,STEJ0484,Steels,James,,Las Vegas,,,,,
palmer,1987,Pacific Coast League,stockstill,STOD0184,Stockstill,David,,Phoenix,,,,,
palmer,1987,Pacific Coast League,swift,SWIW0185,Swift,Bill,,Calgary,,,,,
palmer,1987,Pacific Coast League,tanner,TANB0184,Tanner,Bruce,,Tacoma,,,,,
palmer,1987,Pacific Coast League,tatsuno,TATD0186,Tatsuno,Derek,,Hawaii,,,,,
palmer,1987,Pacific Coast League,,TAYD0184,Taylor,Dorn,,Vancouver,,,,,
palmer,1987,Pacific Coast League,,TAYM0184,Taylor,Mike,,Hawaii,,,,,
palmer,1987,Pacific Coast League,,TAYT0184,Taylor,Terry,,Calgary,,,,,
palmer,1987,Pacific Coast League,thigpen,THIR0185,Thigpen,Bobby,,Hawaii,,,,,
palmer,1987,Pacific Coast League,,THOJ0384,Thomas,Todd,,Phoenix,,,,,
palmer,1987,Pacific Coast League,,THOR0584,Thomas,Roy,,Calgary,,,,,
palmer,1987,Pacific Coast League,thompson,THOT0584,Thompson,Tommy,,Hawaii,,,,,
palmer,1987,Pacific Coast League,thon,THOR0287,Thon,Dickie,,Tucson,,,,,
palmer,1987,Pacific Coast League,tillman,TILK0184,Tillman,Rusty,,Phoenix,,,,,
palmer,1987,Pacific Coast League,tolentino,TOLJ0184,Tolentino,Jose,,Tacoma,,,,,
palmer,1987,Pacific Coast League,trudeau,TRUK0184,Trudeau,Kevin,,Portland,,,,,
palmer,1987,Pacific Coast League,trujillo,TRUM0184,Trujillo,Mike,,Calgary,,,,,
palmer,1987,Pacific Coast League,verducci,VERJ0185,Verducci,John,,Phoenix,,,,,
palmer,1987,Pacific Coast League,vonohlen,VOND0184,VonOhlen,Dave,,Tacoma,,,,,
palmer,1987,Pacific Coast League,vosberg,VOSE0184,Vosberg,Ed,,Las Vegas,,,,,
palmer,1987,Pacific Coast League,,WALA0184,Walker,Tony,,Vancouver,,,,,
palmer,1987,Pacific Coast League,,WALA0184,Walker,Tony,,Tucson,,,,,
palmer,1987,Pacific Coast League,,WALJ0184,Walker,Jim,,Calgary,,,,,
palmer,1987,Pacific Coast League,,WALM0484,Walker,Glen,,Portland,,,,,
palmer,1987,Pacific Coast League,waller,WALE0184,Waller,Tye,,Tucson,,,,,
palmer,1987,Pacific Coast League,ward,WARC0184,Ward,Colin,,Las Vegas,,,,,
palmer,1987,Pacific Coast League,ward,WARC0184,Ward,Colin,,Phoenix,,,,,
palmer,1987,Pacific Coast League,washington,WASU0186,Washington,U L,,Vancouver,,,,,
palmer,1987,Pacific Coast League,wasinger,WASM0184,Wasinger,Mark,,Las Vegas,,,,,
palmer,1987,Pacific Coast League,wasinger,WASM0184,Wasinger,Mark,,Phoenix,,,,,
palmer,1987,Pacific Coast League,watters,WATM0185,Watters,Mike,,Calgary,,,,,
palmer,1987,Pacific Coast League,weaver,WEAJ0284,Weaver,Jim,,Calgary,,,,,
palmer,1987,Pacific Coast League,weiss,WEIW0185,Weiss,Walt,,Tacoma,,,,,
palmer,1987,Pacific Coast League,wellman,WELB0184,Wellman,Brad,,Albuquerque,,,,,
palmer,1987,Pacific Coast League,white,WHID0184,White,Dave,,Hawaii,,,,,
palmer,1987,Pacific Coast League,wiley,WILC0186,Wiley,Craig,,Las Vegas,,,,,
palmer,1987,Pacific Coast League,wilfong,WILR0287,Wilfong,Rob,,Phoenix,,,,,
palmer,1987,Pacific Coast League,willard,WILG0185,Willard,Jerry,,Tacoma,,,,,
palmer,1987,Pacific Coast League,,WILJ0684,Williams,Jaime,,Portland,,,,,
palmer,1987,Pacific Coast League,,WILK0184,Williams,Kenny,,Hawaii,,,,,
palmer,1987,Pacific Coast League,,WILM0186,Williams,Matt,,Phoenix,,,,,
palmer,1987,Pacific Coast League,,WILR0284,Williams,Reggie,,Albuquerque,,,,,
palmer,1987,Pacific Coast League,,WILJ0384,Wilson,Jim,,Portland,,,,,
palmer,1987,Pacific Coast League,,WILM0384,Wilson,Tack,,Edmonton,,,,,
palmer,1987,Pacific Coast League,,WILP0184,Wilson,Phil,,Portland,,,,,
palmer,1987,Pacific Coast League,wine,WINR0184,Wine,Robbie,,Tucson,,,,,
palmer,1987,Pacific Coast League,wishnevski,WISM0184,Wishnevski,Mike,,Calgary,,,,,
palmer,1987,Pacific Coast League,wojna,WOJE0184,Wojna,Ed,,Las Vegas,,,,,
palmer,1987,Pacific Coast League,woodard,WOOM0284,Woodard,Mike,,Phoenix,,,,,
palmer,1987,Pacific Coast League,woodard,WOOM0284,Woodard,Mike,,Tucson,,,,,
palmer,1987,Pacific Coast League,woodson,WOOT0184,Woodson,Tracy,,Albuquerque,,,,,
palmer,1987,Pacific Coast League,wrona,WROW0184,Wrona,Billy,,Las Vegas,,,,,
palmer,1987,Pacific Coast League,yastrzemski,YASC0184,Yastrzemski,Mike,,Hawaii,,,,,
palmer,1987,Pacific Coast League,young,YOUG0184,Young,Gerald,,Tucson,,,,,
