source,league.year,league.name,ident,person.ref,person.name.last,person.name.given,S_STINT,entry.name,S_FIRST,S_LAST,B_G,P_G,F_1B_G,F_2B_G,F_3B_G,F_SS_G,F_OF_G,F_LF_G,F_CF_G,F_RF_G,F_C_G,F_P_G,F_ALL_G
retrosheet/1912,1912,American League,,adamb106,Adams,Bert,,Cleveland,19120511,19121005,,,,,,,,,,,,,
retrosheet/1912,1912,American League,,adamw101,Adams,Willie,,St. Louis,19120630,19120927,,,,,,,,,,,,,
retrosheet/1912,1912,American League,,aglej101,Agler,Joe,,Washington,19121001,19121005,,,,,,,,,,,,,
researchers/mcconnell,1912,American League,,CYKQXPR,Ainsmith,Edward,,Washington,,,,,,,,,,,,,,,
retrosheet/1912,1912,American League,,ainse101,Ainsmith,Eddie,,Washington,19120411,19120906,,,,,,,,,,,,,
retrosheet/1912,1912,American League,,aitog101,Aiton,George,,St. Louis,19120629,19120728,,,,,,,,,,,,,
retrosheet/1912,1912,American League,,akerj101,Akers,Jerry,,Washington,19120504,19120525,,,,,,,,,,,,,
retrosheet/1912,1912,American League,,alexw101,Alexander,Walt,,St. Louis,19120621,19121005,,,,,,,,,,,,,
retrosheet/1912,1912,American League,,allim102,Allison,Mack,,St. Louis,19120421,19121006,,,,,,,,,,,,,
retrosheet/1912,1912,American League,,altrn101,Altrock,Nick,,Washington,19121005,19121005,,,,,,,,,,,,,
researchers/mcconnell,1912,American League,,BGPBXQB,Austin,James,,St. Louis,,,,,,,,,,,,,,,
retrosheet/1912,1912,American League,,austj101,Austin,Jimmy,,St. Louis,19120411,19121006,,,,,,,,,,,,,
retrosheet/1912,1912,American League,,bailb101,Bailey,Bill,,St. Louis,19120422,19120503,,,,,,,,,,,,,
retrosheet/1912,1912,American League,,bakef102,Baker,Home Run,,Philadelphia,19120411,19121005,,,,,,,,,,,,,
retrosheet/1912,1912,American League,,bakeh101,Baker,Howard,,Cleveland,19120811,19120828,,,,,,,,,,,,,
retrosheet/1912,1912,American League,,balln101,Ball,Neal,,Boston,19120629,19121010,,,,,,,,,,,,,
retrosheet/1912,1912,American League,,balln101,Ball,Neal,,Cleveland,19120427,19120620,,,,,,,,,,,,,
retrosheet/1912,1912,American League,,barrc102,Barrows,Cuke,,Chicago,19120830,19120918,,,,,,,,,,,,,
retrosheet/1912,1912,American League,,barrh101,Barry,Hardin,,Philadelphia,19120621,19120717,,,,,,,,,,,,,
retrosheet/1912,1912,American League,,barrj104,Barry,Jack,,Philadelphia,19120411,19121005,,,,,,,,,,,,,
retrosheet/1912,1912,American League,,basha101,Bashang,Al,,Detroit,19120730,19120807,,,,,,,,,,,,,
retrosheet/1912,1912,American League,,baskj101,Baskette,Jim,,Cleveland,19120412,19121003,,,,,,,,,,,,,
retrosheet/1912,1912,American League,,battg101,Batten,George,,New York,19120928,19120928,,,,,,,,,,,,,
retrosheet/1912,1912,American League,,baump101,Baumann,Paddy,,Detroit,19120423,19120616,,,,,,,,,,,,,
researchers/blau,1912,American League,,MJFYXYW,Baumgardner,George,,St. Louis,,,,,,,,,,,,,,,
retrosheet/1912,1912,American League,,baumg101,Baumgardner,George,,St. Louis,19120414,19121005,,,,,,,,,,,,,
retrosheet/1912,1912,American League,,beckc102,Becker,Charlie,,Washington,19120426,19120518,,,,,,,,,,,,,
retrosheet/1912,1912,American League,,bedih101,Bedient,Hugh,,Boston,19120426,19121016,,,,,,,,,,,,,
retrosheet/1912,1912,American League,,bellr101,Bell,Ralph,,Chicago,19120716,19120722,,,,,,,,,,,,,
retrosheet/1912,1912,American League,,bendc101,Bender,Chief,,Philadelphia,19120425,19121005,,,,,,,,,,,,,
retrosheet/1912,1912,American League,,benzj101,Benz,Joe,,Chicago,19120425,19121006,,,,,,,,,,,,,
retrosheet/1912,1912,American League,,berrd101,Berran,Dennis,,Chicago,19120811,19120811,,,,,,,,,,,,,
retrosheet/1912,1912,American League,,birmj101,Birmingham,Joe,,Cleveland,19120421,19121002,,,,,,,,,,,,,
retrosheet/1912,1912,American League,,blacl101,Blackburne,Lena,,Chicago,19120515,19120706,,,,,,,,,,,,,
retrosheet/1912,1912,American League,,blanf102,Blanding,Fred,,Cleveland,19120413,19121002,,,,,,,,,,,,,
retrosheet/1912,1912,American League,,blocb101,Block,Bruno,,Chicago,19120412,19120803,,,,,,,,,,,,,
retrosheet/1912,1912,American League,,bodip101,Bodie,Ping,,Chicago,19120411,19121006,,,,,,,,,,,,,
retrosheet/1912,1912,American League,,boehg101,Boehler,George,,Detroit,19120913,19121004,,,,,,,,,,,,,
retrosheet/1912,1912,American League,,boehj101,Boehling,Joe,,Washington,19120620,19120930,,,,,,,,,,,,,
retrosheet/1912,1912,American League,,bortb101,Borton,Babe,,Chicago,19120902,19121006,,,,,,,,,,,,,
retrosheet/1912,1912,American League,,bradh101,Bradley,Hugh,,Boston,19120424,19120724,,,,,,,,,,,,,
retrosheet/1912,1912,American League,,brenb102,Brenner,Bert,,Cleveland,19120921,19121005,,,,,,,,,,,,,
retrosheet/1912,1912,American League,,brieb101,Brief,Bunny,,St. Louis,19120922,19121006,,,,,,,,,,,,,
retrosheet/1912,1912,American League,,bronh101,Bronkie,Herman,,Cleveland,19120425,19120512,,,,,,,,,,,,,
retrosheet/1912,1912,American League,,browb103,Brown,Boardwalk,,Philadelphia,19120419,19121005,,,,,,,,,,,,,
retrosheet/1912,1912,American League,,browb104,Brown,Bill,,St. Louis,19120815,19120913,,,,,,,,,,,,,
retrosheet/1912,1912,American League,,browc104,Brown,Curly,,St. Louis,19120423,19120817,,,,,,,,,,,,,
retrosheet/1912,1912,American League,,browe101,Brown,Elmer,,St. Louis,19120413,19120804,,,,,,,,,,,,,
retrosheet/1912,1912,American League,,burnb101,Burns,Bill,,Detroit,19120413,19120523,,,,,,,,,,,,,
retrosheet/1912,1912,American League,,bushd102,Bush,Donie,,Detroit,19120411,19121005,,,,,,,,,,,,,
retrosheet/1912,1912,American League,,bushj102,Bush,Bullet Joe,,Philadelphia,19120930,19120930,,,,,,,,,,,,,
retrosheet/1912,1912,American League,,bushj101,Bushelman,Jack,,Boston,19120429,19120513,,,,,,,,,,,,,
retrosheet/1912,1912,American League,,butch101,Butcher,Hank,,Cleveland,19120411,19120618,,,,,,,,,,,,,
retrosheet/1912,1912,American League,,cadyh101,Cady,Hick,,Boston,19120426,19121016,,,,,,,,,,,,,
retrosheet/1912,1912,American League,,caldr101,Caldwell,Ray,,New York,19120411,19120930,,,,,,,,,,,,,
retrosheet/1912,1912,American League,,calln101,Callahan,Jimmy,,Chicago,19120411,19120928,,,,,,,,,,,,,
retrosheet/1912,1912,American League,,carif101,Carisch,Fred,,Cleveland,19120814,19120920,,,,,,,,,,,,,
retrosheet/1912,1912,American League,,carrb101,Carrigan,Bill,,Boston,19120412,19121010,,,,,,,,,,,,,
retrosheet/1912,1912,American League,,cashc101,Cashion,Carl,,Washington,19120412,19121005,,,,,,,,,,,,,
retrosheet/1912,1912,American League,,chapr101,Chapman,Ray,,Cleveland,19120830,19121006,,,,,,,,,,,,,
retrosheet/1912,1912,American League,,chash101,Chase,Hal,,New York,19120411,19121005,,,,,,,,,,,,,
retrosheet/1912,1912,American League,,cicoe101,Cicotte,Eddie,,Boston,19120415,19120706,,,,,,,,,,,,,
retrosheet/1912,1912,American League,,cicoe101,Cicotte,Eddie,,Chicago,19120713,19121002,,,,,,,,,,,,,
retrosheet/1912,1912,American League,,cobbt101,Cobb,Ty,,Detroit,19120411,19121004,,,,,,,,,,,,,
retrosheet/1912,1912,American League,,colec101,Coleman,Curt,,New York,19120413,19120601,,,,,,,,,,,,,
retrosheet/1912,1912,American League,,colle101,Collins,Eddie,,Philadelphia,19120411,19121005,,,,,,,,,,,,,
retrosheet/1912,1912,American League,,collr103,Collins,Ray,,Boston,19120527,19121014,,,,,,,,,,,,,
retrosheet/1912,1912,American League,,colls101,Collins,Shano,,Chicago,19120413,19121006,,,,,,,,,,,,,
retrosheet/1912,1912,American League,,compp101,Compton,Pete,,St. Louis,19120411,19121003,,,,,,,,,,,,,
retrosheet/1912,1912,American League,,coomj101,Coombs,Jack,,Philadelphia,19120411,19121005,,,,,,,,,,,,,
retrosheet/1912,1912,American League,,corrr101,Corriden,Red,,Detroit,19120819,19121006,,,,,,,,,,,,,
retrosheet/1912,1912,American League,,coves101,Coveleski,Stan,,Philadelphia,19120910,19120930,,,,,,,,,,,,,
retrosheet/1912,1912,American League,,covit101,Covington,Tex,,Detroit,19120414,19120920,,,,,,,,,,,,,
retrosheet/1912,1912,American League,,crabr101,Crabb,Roy,,Chicago,19120810,19120811,,,,,,,,,,,,,
retrosheet/1912,1912,American League,,crabr101,Crabb,Roy,,Philadelphia,19120827,19120921,,,,,,,,,,,,,
retrosheet/1912,1912,American League,,craws101,Crawford,Sam,,Detroit,19120411,19120929,,,,,,,,,,,,,
retrosheet/1912,1912,American League,,creeb101,Cree,Birdie,,New York,19120411,19120629,,,,,,,,,,,,,
retrosheet/1912,1912,American League,,crigl101,Criger,Lou,,St. Louis,19120603,19120603,,,,,,,,,,,,,
retrosheet/1912,1912,American League,,crosf102,Crossin,Frank,,St. Louis,19120924,19121006,,,,,,,,,,,,,
retrosheet/1912,1912,American League,,cunnb101,Cunningham,Bill,,Washington,19120420,19120525,,,,,,,,,,,,,
retrosheet/1912,1912,American League,,dalej102,Daley,John,,St. Louis,19120719,19120820,,,,,,,,,,,,,
retrosheet/1912,1912,American League,,danfd101,Danforth,Dave,,Philadelphia,19120416,19120502,,,,,,,,,,,,,
retrosheet/1912,1912,American League,,danib101,Daniels,Bert,,New York,19120411,19121005,,,,,,,,,,,,,
retrosheet/1912,1912,American League,,daush101,Dauss,Hooks,,Detroit,19120928,19121005,,,,,,,,,,,,,
retrosheet/1912,1912,American League,,davih101,Davis,Harry,,Cleveland,19120425,19120630,,,,,,,,,,,,,
retrosheet/1912,1912,American League,,davii103,Davis,Iron,,New York,19120716,19120905,,,,,,,,,,,,,
researchers/blau,1912,American League,,DSCNWCS,Deal,Charlie,,Detroit,,,,,,,,,,,,,,,
retrosheet/1912,1912,American League,,dealc102,Deal,Charlie,,Detroit,19120717,19121006,,,,,,,,,,,,,
retrosheet/1912,1912,American League,,delaj103,Delahanty,Jim,,Detroit,19120411,19120804,,,,,,,,,,,,,
retrosheet/1912,1912,American League,,delhf101,Delhi,Flame,,Chicago,19120416,19120416,,,,,,,,,,,,,
retrosheet/1912,1912,American League,,derrc101,Derrick,Claud,,Philadelphia,19120423,19120817,,,,,,,,,,,,,
retrosheet/1912,1912,American League,,dolac102,Dolan,Cozy,,New York,19120411,19120528,,,,,,,,,,,,,
retrosheet/1912,1912,American League,,donob101,Donovan,Bill,,Detroit,19120530,19120729,,,,,,,,,,,,,
retrosheet/1912,1912,American League,,dougp101,Douglas,Phil,,Chicago,19120830,19120925,,,,,,,,,,,,,
researchers/blau,1912,American League,,HXMLLJY,Dowd,Leo,,New York,,,,,,,,,,,,,,,
retrosheet/1912,1912,American League,,dowdj101,Dowd,John,,New York,19120703,19120713,,,,,,,,,,,,,
retrosheet/1912,1912,American League,,dubuj101,Dubuc,Jean,,Detroit,19120415,19120902,,,,,,,,,,,,,
retrosheet/1912,1912,American League,,eastt101,Easterly,Ted,,Chicago,19120811,19121006,,,,,,,,,,,,,
retrosheet/1912,1912,American League,,eastt101,Easterly,Ted,,Cleveland,19120411,19120806,,,,,,,,,,,,,
retrosheet/1912,1912,American League,,eganb101,Egan,Ben,,Philadelphia,19120416,19121004,,,,,,,,,,,,,
retrosheet/1912,1912,American League,,eibeh101,Eibel,Hack,,Cleveland,19120613,19120613,,,,,,,,,,,,,
retrosheet/1912,1912,American League,,emerc102,Emerson,Chester,,Philadelphia,19120416,19120416,,,,,,,,,,,,,
retrosheet/1912,1912,American League,,engej101,Engel,Joe,,Washington,19120530,19121001,,,,,,,,,,,,,
retrosheet/1912,1912,American League,,englc103,Engle,Clyde,,Boston,19120420,19121016,,,,,,,,,,,,,
retrosheet/1912,1912,American League,,ens-m101,Ens,Mutz,,Chicago,19120902,19120907,,,,,,,,,,,,,
retrosheet/1912,1912,American League,,faheh101,Fahey,Howard,,Philadelphia,19120723,19120914,,,,,,,,,,,,,
retrosheet/1912,1912,American League,,fishg101,Fisher,Gus,,New York,19120426,19120510,,,,,,,,,,,,,
retrosheet/1912,1912,American League,,fishr101,Fisher,Ray,,New York,19120604,19121005,,,,,,,,,,,,,
retrosheet/1912,1912,American League,,flynj102,Flynn,John,,Washington,19120411,19120513,,,,,,,,,,,,,
retrosheet/1912,1912,American League,,fordr101,Ford,Russ,,New York,19120412,19121004,,,,,,,,,,,,,
retrosheet/1912,1912,American League,,foste103,Foster,Eddie,,Washington,19120411,19121005,,,,,,,,,,,,,
retrosheet/1912,1912,American League,,fourj101,Fournier,Jack,,Chicago,19120413,19120719,,,,,,,,,,,,,
retrosheet/1912,1912,American League,,frilj101,Frill,John,,St. Louis,19120416,19120503,,,,,,,,,,,,,
retrosheet/1912,1912,American League,,gaind101,Gainer,Del,,Detroit,19120411,19120704,,,,,,,,,,,,,
retrosheet/1912,1912,American League,,gallb103,Gallia,Bert,,Washington,19120904,19120930,,,,,,,,,,,,,
retrosheet/1912,1912,American League,,gandc101,Gandil,Chick,,Washington,19120529,19121005,,,,,,,,,,,,,
retrosheet/1912,1912,American League,,garde101,Gardner,Earle,,New York,19120411,19120622,,,,,,,,,,,,,
retrosheet/1912,1912,American League,,gardl101,Gardner,Larry,,Boston,19120411,19121016,,,,,,,,,,,,,
retrosheet/1912,1912,American League,,georl101,George,Lefty,,Cleveland,19120413,19120701,,,,,,,,,,,,,
retrosheet/1912,1912,American League,,gleak101,Gleason,Kid,,Chicago,19120827,19120827,,,,,,,,,,,,,
retrosheet/1912,1912,American League,,granj104,Graney,Jack,,Cleveland,19120415,19121006,,,,,,,,,,,,,
retrosheet/1912,1912,American League,,gregv101,Gregg,Vean,,Cleveland,19120420,19120929,,,,,,,,,,,,,
retrosheet/1912,1912,American League,,grifc101,Griffith,Clark,,Washington,19121005,19121005,,,,,,,,,,,,,
retrosheet/1912,1912,American League,,griga101,Griggs,Art,,Cleveland,19120517,19121005,,,,,,,,,,,,,
retrosheet/1912,1912,American League,,groob101,Groom,Bob,,Washington,19120416,19121004,,,,,,,,,,,,,
researchers/blau,1912,American League,,RGQTPSY,Grubb,Harvey,,Cleveland,,,,,,,,,,,,,,,
retrosheet/1912,1912,American League,,grubh102,Grubb,Harvey,,Cleveland,19120927,19120927,,,,,,,,,,,,,
retrosheet/1912,1912,American League,,hagec101,Hageman,Casey,,Boston,19120413,19120429,,,,,,,,,,,,,
retrosheet/1912,1912,American League,,hallc103,Hall,Charley,,Boston,19120413,19121015,,,,,,,,,,,,,
retrosheet/1912,1912,American League,,halle101,Hallinan,Ed,,St. Louis,19120411,19120929,,,,,,,,,,,,,
retrosheet/1912,1912,American League,,hamie101,Hamilton,Earl,,St. Louis,19120418,19121006,,,,,,,,,,,,,
retrosheet/1912,1912,American League,,harrs103,Harrell,Slim,,Philadelphia,19120621,19120621,,,,,,,,,,,,,
retrosheet/1912,1912,American League,,hartr102,Hartzell,Roy,,New York,19120411,19120925,,,,,,,,,,,,,
retrosheet/1912,1912,American League,,hauga101,Hauger,Arthur,,Cleveland,19120717,19120901,,,,,,,,,,,,,
retrosheet/1912,1912,American League,,hendt101,Hendryx,Tim,,Cleveland,19120905,19121006,,,,,,,,,,,,,
retrosheet/1912,1912,American League,,henro101,Henriksen,Olaf,,Boston,19120420,19121016,,,,,,,,,,,,,
retrosheet/1912,1912,American League,,henrj101,Henry,John,,Washington,19120412,19121005,,,,,,,,,,,,,
retrosheet/1912,1912,American League,,herrh101,Herring,Herb,,Washington,19120904,19120904,,,,,,,,,,,,,
retrosheet/1912,1912,American League,,hoffr102,Hoff,Red,,New York,19120427,19120601,,,,,,,,,,,,,
retrosheet/1912,1912,American League,,hogaw101,Hogan,Willie,,St. Louis,19120411,19121006,,,,,,,,,,,,,
retrosheet/1912,1912,American League,,hohne101,Hohnhorst,Eddie,,Cleveland,19120411,19120523,,,,,,,,,,,,,
retrosheet/1912,1912,American League,,hooph101,Hooper,Harry,,Boston,19120411,19121016,,,,,,,,,,,,,
retrosheet/1912,1912,American League,,houcb101,Houck,Byron,,Philadelphia,19120515,19121004,,,,,,,,,,,,,
retrosheet/1912,1912,American League,,howad103,Howard,Dave,,Washington,19120508,19120508,,,,,,,,,,,,,
retrosheet/1912,1912,American League,,hught103,Hughes,Tom,,Washington,19120425,19121005,,,,,,,,,,,,,
retrosheet/1912,1912,American League,,huntb103,Hunter,Bill,,Cleveland,19120806,19120901,,,,,,,,,,,,,
retrosheet/1912,1912,American League,,irvie101,Irwin,Ed,,Detroit,19120518,19120518,,,,,,,,,,,,,
retrosheet/1912,1912,American League,,jackj101,Jackson,Shoeless Joe,,Cleveland,19120411,19121006,,,,,,,,,,,,,
retrosheet/1912,1912,American League,,jameb103,James,Bill,,Cleveland,19120413,19120511,,,,,,,,,,,,,
retrosheet/1912,1912,American League,,jamel102,James,Lefty,,Cleveland,19120920,19121005,,,,,,,,,,,,,
retrosheet/1912,1912,American League,,janth101,Jantzen,Heinie,,St. Louis,19120629,19120913,,,,,,,,,,,,,
retrosheet/1912,1912,American League,,jennh101,Jennings,Hughie,,Detroit,19120518,19120518,,,,,,,,,,,,,
retrosheet/1912,1912,American League,,jensw101,Jensen,Willie,,Detroit,19120910,19121002,,,,,,,,,,,,,
researchers/blau,1912,American League,,QDSXJRN,Johnson,Ellis,,Chicago,,,,,,,,,,,,,,,
retrosheet/1912,1912,American League,,johne102,Johnson,Ernie,,Chicago,19120805,19121006,,,,,,,,,,,,,
retrosheet/1912,1912,American League,,johnw101,Johnson,Ellis,,Chicago,19120706,19120928,,,,,,,,,,,,,
retrosheet/1912,1912,American League,,johnw102,Johnson,Walter,,Washington,19120411,19121003,,,,,,,,,,,,,
retrosheet/1912,1912,American League,,johnd107,Johnston,Doc,,Cleveland,19120817,19121006,,,,,,,,,,,,,
retrosheet/1912,1912,American League,,joned104,Jones,Davy,,Detroit,19120421,19121006,,,,,,,,,,,,,
retrosheet/1912,1912,American League,,jordr101,Jordan,Rip,,Chicago,19120625,19120704,,,,,,,,,,,,,
retrosheet/1912,1912,American League,,kahlg101,Kahler,George,,Cleveland,19120414,19120928,,,,,,,,,,,,,
retrosheet/1912,1912,American League,,kaufb101,Kauff,Benny,,New York,19120420,19120502,,,,,,,,,,,,,
retrosheet/1912,1912,American League,,keatr101,Keating,Ray,,New York,19120912,19121005,,,,,,,,,,,,,
retrosheet/1912,1912,American League,,kenwd101,Kenworthy,Duke,,Washington,19120828,19120928,,,,,,,,,,,,,
retrosheet/1912,1912,American League,,kettp101,Ketter,Phil,,St. Louis,19120523,19120525,,,,,,,,,,,,,
retrosheet/1912,1912,American League,,kibbj101,Kibble,Jack,,Cleveland,19120910,19120927,,,,,,,,,,,,,
retrosheet/1912,1912,American League,,knigj102,Knight,John,,Washington,19120411,19120622,,,,,,,,,,,,,
retrosheet/1912,1912,American League,,kochb101,Kocher,Brad,,Detroit,19120424,19121006,,,,,,,,,,,,,
retrosheet/1912,1912,American League,,krapg101,Krapp,Gene,,Cleveland,19120425,19120804,,,,,,,,,,,,,
retrosheet/1912,1912,American League,,krauh101,Krause,Harry,,Cleveland,19120722,19120728,,,,,,,,,,,,,
retrosheet/1912,1912,American League,,krauh101,Krause,Harry,,Philadelphia,19120416,19120515,,,,,,,,,,,,,
retrosheet/1912,1912,American League,,kricp101,Krichell,Paul,,St. Louis,19120412,19120922,,,,,,,,,,,,,
retrosheet/1912,1912,American League,,krugm101,Krug,Marty,,Boston,19120529,19121001,,,,,,,,,,,,,
retrosheet/1912,1912,American League,,kuhnw101,Kuhn,Walt,,Chicago,19120418,19121006,,,,,,,,,,,,,
retrosheet/1912,1912,American League,,kutij101,Kutina,Joe,,St. Louis,19120425,19120913,,,,,,,,,,,,,
retrosheet/1912,1912,American League,,lapof101,LaPorte,Frank,,St. Louis,19120415,19120806,,,,,,,,,,,,,
retrosheet/1912,1912,American League,,lapof101,LaPorte,Frank,,Washington,19120808,19121005,,,,,,,,,,,,,
retrosheet/1912,1912,American League,,lafie101,Lafitte,Ed,,Detroit,19120424,19120424,,,,,,,,,,,,,
retrosheet/1912,1912,American League,,lajon101,Lajoie,Nap,,Cleveland,19120411,19121006,,,,,,,,,,,,,
retrosheet/1912,1912,American League,,lakej101,Lake,Joe,,Detroit,19120615,19121006,,,,,,,,,,,,,
retrosheet/1912,1912,American League,,lakej101,Lake,Joe,,St. Louis,19120411,19120602,,,,,,,,,,,,,
retrosheet/1912,1912,American League,,lamlf101,Lamlein,Fred,,Chicago,19120918,19120918,,,,,,,,,,,,,
retrosheet/1912,1912,American League,,langf101,Lange,Frank,,Chicago,19120424,19121006,,,,,,,,,,,,,
retrosheet/1912,1912,American League,,lappj101,Lapp,Jack,,Philadelphia,19120411,19121005,,,,,,,,,,,,,
retrosheet/1912,1912,American League,,leinb101,Leinhauser,Bill,,Detroit,19120518,19120518,,,,,,,,,,,,,
retrosheet/1912,1912,American League,,lelij101,Lelivelt,Jack,,New York,19120827,19121005,,,,,,,,,,,,,
retrosheet/1912,1912,American League,,lewid101,Lewis,Duffy,,Boston,19120411,19121016,,,,,,,,,,,,,
retrosheet/1912,1912,American League,,littj103,Little,Jack,,New York,19120702,19120703,,,,,,,,,,,,,
retrosheet/1912,1912,American League,,livip101,Livingston,Paddy,,Cleveland,19120511,19120810,,,,,,,,,,,,,
retrosheet/1912,1912,American League,,longt102,Long,Tom,,Washington,19120420,19120425,,,,,,,,,,,,,
retrosheet/1912,1912,American League,,lordb101,Lord,Bris,,Philadelphia,19120429,19120822,,,,,,,,,,,,,
retrosheet/1912,1912,American League,,lordh101,Lord,Harry,,Chicago,19120411,19121006,,,,,,,,,,,,,
retrosheet/1912,1912,American League,,loudb101,Louden,Baldy,,Detroit,19120411,19121006,,,,,,,,,,,,,
retrosheet/1912,1912,American League,,maggh102,Maggert,Harl,,Philadelphia,19120416,19121003,,,,,,,,,,,,,
retrosheet/1912,1912,American League,,mahab101,Maharg,Billy,,Detroit,19120518,19120518,,,,,,,,,,,,,
retrosheet/1912,1912,American League,,malop102,Maloney,Pat,,New York,19120619,19120810,,,,,,,,,,,,,
retrosheet/1912,1912,American League,,meanp101,Maney,Vincent,,Detroit,19120518,19120518,,,,,,,,,,,,,
retrosheet/1912,1912,American League,,martd101,Martin,Doc,,Philadelphia,19120528,19120605,,,,,,,,,,,,,
retrosheet/1912,1912,American League,,martj109,Martin,Jack,,New York,19120425,19120809,,,,,,,,,,,,,
researchers/blau,1912,American League,,XQHVTQK,Mathes,Joe,,Philadelphia,,,,,,,,,,,,,,,
retrosheet/1912,1912,American League,,mathj102,Mathes,Joe,,Philadelphia,19120919,19120922,,,,,,,,,,,,,
retrosheet/1912,1912,American League,,mattw101,Mattick,Wally,,Chicago,19120411,19120928,,,,,,,,,,,,,
retrosheet/1912,1912,American League,,mayew101,Mayer,Wally,,Chicago,19120416,19120918,,,,,,,,,,,,,
retrosheet/1912,1912,American League,,mcbrg101,McBride,George,,Washington,19120411,19121005,,,,,,,,,,,,,
retrosheet/1912,1912,American League,,mccog101,McConnell,George,,New York,19120416,19120924,,,,,,,,,,,,,
retrosheet/1912,1912,American League,,mcder101,McDermott,Red,,Detroit,19120806,19120810,,,,,,,,,,,,,
retrosheet/1912,1912,American League,,mcgaj101,McGarr,Jim,,Detroit,19120518,19120518,,,,,,,,,,,,,
retrosheet/1912,1912,American League,,mcgad101,McGarvey,Dan,,Detroit,19120518,19120518,,,,,,,,,,,,,
retrosheet/1912,1912,American League,,mcgep101,McGehee,Pat,,Detroit,19120823,19120823,,,,,,,,,,,,,
retrosheet/1912,1912,American League,,mcgud101,McGuire,Deacon,,Detroit,19120518,19120518,,,,,,,,,,,,,
retrosheet/1912,1912,American League,,mcins101,McInnis,Stuffy,,Philadelphia,19120411,19121005,,,,,,,,,,,,,
retrosheet/1912,1912,American League,,mcinm101,McIntyre,Matty,,Chicago,19120416,19120824,,,,,,,,,,,,,
retrosheet/1912,1912,American League,,mclap101,McLarry,Polly,,Chicago,19120902,19120904,,,,,,,,,,,,,
retrosheet/1912,1912,American League,,mcmit101,McMillan,Tommy,,New York,19120821,19121005,,,,,,,,,,,,,
retrosheet/1912,1912,American League,,meixm101,Meixell,Moxie,,Cleveland,19120707,19120723,,,,,,,,,,,,,
retrosheet/1912,1912,American League,,midke101,Midkiff,Ezra,,New York,19120911,19121005,,,,,,,,,,,,,
retrosheet/1912,1912,American League,,milac101,Milan,Clyde,,Washington,19120411,19121005,,,,,,,,,,,,,
retrosheet/1912,1912,American League,,millc103,Miller,Charlie,,St. Louis,19120629,19120629,,,,,,,,,,,,,
retrosheet/1912,1912,American League,,mille103,Miller,Ed,,St. Louis,19120918,19121006,,,,,,,,,,,,,
retrosheet/1912,1912,American League,,mitcr101,Mitchell,Roy,,St. Louis,19120513,19120927,,,,,,,,,,,,,
retrosheet/1912,1912,American League,,mitcw101,Mitchell,Willie,,Cleveland,19120411,19121006,,,,,,,,,,,,,
retrosheet/1912,1912,American League,,moeld101,Moeller,Danny,,Washington,19120411,19121005,,,,,,,,,,,,,
retrosheet/1912,1912,American League,,mogrg101,Mogridge,George,,Chicago,19120428,19120704,,,,,,,,,,,,,
retrosheet/1912,1912,American League,,morah102,Moran,Harry,,Detroit,19120623,19120719,,,,,,,,,,,,,
retrosheet/1912,1912,American League,,morar101,Moran,Roy,,Washington,19120903,19120915,,,,,,,,,,,,,
retrosheet/1912,1912,American League,,morgc102,Morgan,Cy,,Philadelphia,19120412,19120714,,,,,,,,,,,,,
retrosheet/1912,1912,American League,,morgr101,Morgan,Ray,,Washington,19120423,19121005,,,,,,,,,,,,,
retrosheet/1912,1912,American League,,morig101,Moriarty,George,,Detroit,19120502,19121006,,,,,,,,,,,,,
retrosheet/1912,1912,American League,,mullg102,Mullin,George,,Detroit,19120411,19120907,,,,,,,,,,,,,
retrosheet/1912,1912,American League,,murpd106,Murphy,Danny,,Philadelphia,19120411,19120603,,,,,,,,,,,,,
retrosheet/1912,1912,American League,,murpe102,Murphy,Eddie,,Philadelphia,19120826,19121005,,,,,,,,,,,,,
retrosheet/1912,1912,American League,,mussp101,Musser,Paul,,Washington,19120606,19120904,,,,,,,,,,,,,
retrosheet/1912,1912,American League,,nagel101,Nagelsen,Lou,,Cleveland,19120910,19120916,,,,,,,,,,,,,
retrosheet/1912,1912,American League,,napib101,Napier,Buddy,,St. Louis,19120814,19121006,,,,,,,,,,,,,
retrosheet/1912,1912,American League,,nashk101,Nash,Ken,,Cleveland,19120704,19120828,,,,,,,,,,,,,
retrosheet/1912,1912,American League,,nehej101,Neher,Jim,,Cleveland,19120910,19120910,,,,,,,,,,,,,
retrosheet/1912,1912,American League,,nelsr104,Nelson,Red,,St. Louis,19120418,19120630,,,,,,,,,,,,,
retrosheet/1912,1912,American League,,nunal101,Nunamaker,Les,,Boston,19120411,19120919,,,,,,,,,,,,,
retrosheet/1912,1912,American League,,obrib101,O'Brien,Buck,,Boston,19120412,19121014,,,,,,,,,,,,,
retrosheet/1912,1912,American League,,oleac101,O'Leary,Charley,,Detroit,19120412,19120416,,,,,,,,,,,,,
retrosheet/1912,1912,American League,,omaro101,O'Mara,Ollie,,Detroit,19120908,19120908,,,,,,,,,,,,,
retrosheet/1912,1912,American League,,oneis101,O'Neill,Steve,,Cleveland,19120413,19121006,,,,,,,,,,,,,
retrosheet/1912,1912,American League,,oldrr101,Oldring,Rube,,Philadelphia,19120411,19121005,,,,,,,,,,,,,
retrosheet/1912,1912,American League,,olsoi101,Olson,Ivy,,Cleveland,19120411,19121006,,,,,,,,,,,,,
retrosheet/1912,1912,American League,,onsle101,Onslow,Eddie,,Detroit,19120807,19121005,,,,,,,,,,,,,
retrosheet/1912,1912,American League,,onslj101,Onslow,Jack,,Detroit,19120502,19121004,,,,,,,,,,,,,
retrosheet/1912,1912,American League,,otisb101,Otis,Bill,,New York,19120704,19120706,,,,,,,,,,,,,
retrosheet/1912,1912,American League,,paddd101,Paddock,Del,,Chicago,19120414,19120414,,,,,,,,,,,,,
retrosheet/1912,1912,American League,,paddd101,Paddock,Del,,New York,19120730,19121001,,,,,,,,,,,,,
retrosheet/1912,1912,American League,,papel101,Pape,Larry,,Boston,19120426,19120926,,,,,,,,,,,,,
retrosheet/1912,1912,American League,,peckr101,Peckinpaugh,Roger,,Cleveland,19120513,19120828,,,,,,,,,,,,,
retrosheet/1912,1912,American League,,peltb101,Pelty,Barney,,St. Louis,19120415,19120606,,,,,,,,,,,,,
retrosheet/1912,1912,American League,,peltb101,Pelty,Barney,,Washington,19120619,19120810,,,,,,,,,,,,,
retrosheet/1912,1912,American League,,pennh101,Pennock,Herb,,Philadelphia,19120514,19121003,,,,,,,,,,,,,
retrosheet/1912,1912,American League,,pernh101,Pernoll,Hub,,Detroit,19120424,19120513,,,,,,,,,,,,,
retrosheet/1912,1912,American League,,perrh101,Perry,Hank,,Detroit,19120412,19120525,,,,,,,,,,,,,
researchers/blau,1912,American League,,BHYHBQX,Peters,Rube,,Chicago,,,,,,,,,,,,,,,
retrosheet/1912,1912,American League,,peter102,Peters,Rube,,Chicago,19120413,19120902,,,,,,,,,,,,,
retrosheet/1912,1912,American League,,plane101,Plank,Eddie,,Philadelphia,19120415,19120927,,,,,,,,,,,,,
retrosheet/1912,1912,American League,,powej105,Powell,Jack,,St. Louis,19120412,19121003,,,,,,,,,,,,,
retrosheet/1912,1912,American League,,pratd101,Pratt,Del,,St. Louis,19120411,19121006,,,,,,,,,,,,,
researchers/blau,1912,American League,,XNVSTLM,Priest,Johnny,,New York,,,,,,,,,,,,,,,
retrosheet/1912,1912,American League,,priej101,Priest,Johnny,,New York,19120905,19120907,,,,,,,,,,,,,
retrosheet/1912,1912,American League,,quinj102,Quinn,Jack,,New York,19120415,19120704,,,,,,,,,,,,,
retrosheet/1912,1912,American League,,rathm101,Rath,Morrie,,Chicago,19120411,19121006,,,,,,,,,,,,,
retrosheet/1912,1912,American League,,remna101,Remneas,Alex,,Detroit,19120415,19120415,,,,,,,,,,,,,
retrosheet/1912,1912,American League,,roacr101,Roach,Roxey,,Washington,19120704,19120717,,,,,,,,,,,,,
retrosheet/1912,1912,American League,,russl101,Russell,Lefty,,Philadelphia,19120426,19120528,,,,,,,,,,,,,
retrosheet/1912,1912,American League,,ryanb102,Ryan,Buddy,,Cleveland,19120411,19120827,,,,,,,,,,,,,
retrosheet/1912,1912,American League,,ryanj103,Ryan,Jack,,Washington,19121005,19121005,,,,,,,,,,,,,
retrosheet/1912,1912,American League,,salmr101,Salmon,Roger,,Philadelphia,19120503,19121001,,,,,,,,,,,,,
retrosheet/1912,1912,American League,,schag101,Schaefer,Germany,,Washington,19120411,19121005,,,,,,,,,,,,,
retrosheet/1912,1912,American League,,schar103,Schalk,Ray,,Chicago,19120811,19121006,,,,,,,,,,,,,
retrosheet/1912,1912,American League,,schel101,Schegg,Lefty,,Washington,19120820,19120827,,,,,,,,,,,,,
retrosheet/1912,1912,American League,,schua102,Schulz,Al,,New York,19120925,19121005,,,,,,,,,,,,,
retrosheet/1912,1912,American League,,scotj104,Scott,Jim,,Chicago,19120412,19120922,,,,,,,,,,,,,
retrosheet/1912,1912,American League,,shanh101,Shanks,Howie,,Washington,19120509,19121005,,,,,,,,,,,,,
retrosheet/1912,1912,American League,,shand102,Shanley,Doc,,St. Louis,19120915,19120924,,,,,,,,,,,,,
retrosheet/1912,1912,American League,,sheag102,Shears,George,,New York,19120424,19120620,,,,,,,,,,,,,
retrosheet/1912,1912,American League,,shotb101,Shotton,Burt,,St. Louis,19120411,19121006,,,,,,,,,,,,,
retrosheet/1912,1912,American League,,simmh101,Simmons,Hack,,New York,19120411,19121003,,,,,,,,,,,,,
researchers/blau,1912,American League,,QGWKWDT,Smith,Doug,,Boston,,,,,,,,,,,,,,,
retrosheet/1912,1912,American League,,smitd101,Smith,Doug,,Boston,19120710,19120710,,,,,,,,,,,,,
retrosheet/1912,1912,American League,,smith105,Smith,Harry,,Chicago,19121006,19121006,,,,,,,,,,,,,
retrosheet/1912,1912,American League,,smitj102,Smith,Jack,,Detroit,19120518,19120518,,,,,,,,,,,,,
retrosheet/1912,1912,American League,,smitk103,Smith,Klondike,,New York,19120928,19121005,,,,,,,,,,,,,
retrosheet/1912,1912,American League,,smoyh101,Smoyer,Henry,,St. Louis,19120814,19120915,,,,,,,,,,,,,
retrosheet/1912,1912,American League,,snelc101,Snell,Charlie,,St. Louis,19120719,19120814,,,,,,,,,,,,,
retrosheet/1912,1912,American League,,speat101,Speaker,Tris,,Boston,19120411,19121016,,,,,,,,,,,,,
retrosheet/1912,1912,American League,,spenh101,Spencer,Hack,,St. Louis,19120418,19120418,,,,,,,,,,,,,
retrosheet/1912,1912,American League,,stahj101,Stahl,Jake,,Boston,19120411,19121016,,,,,,,,,,,,,
retrosheet/1912,1912,American League,,stano101,Stanage,Oscar,,Detroit,19120411,19121005,,,,,,,,,,,,,
retrosheet/1912,1912,American League,,steeb101,Steen,Bill,,Cleveland,19120415,19121005,,,,,,,,,,,,,
retrosheet/1912,1912,American League,,stepj104,Stephens,Jim,,St. Louis,19120411,19121006,,,,,,,,,,,,,
retrosheet/1912,1912,American League,,sterd101,Sterrett,Dutch,,New York,19120620,19121005,,,,,,,,,,,,,
retrosheet/1912,1912,American League,,stovg101,Stovall,George,,St. Louis,19120411,19121006,,,,,,,,,,,,,
retrosheet/1912,1912,American League,,streg101,Street,Gabby,,New York,19120411,19120713,,,,,,,,,,,,,
retrosheet/1912,1912,American League,,strua102,Strunk,Amos,,Philadelphia,19120411,19121005,,,,,,,,,,,,,
retrosheet/1912,1912,American League,,stumb101,Stumpf,Bill,,New York,19120511,19121005,,,,,,,,,,,,,
retrosheet/1912,1912,American League,,sugdj101,Sugden,Joe,,Detroit,19120518,19120518,,,,,,,,,,,,,
retrosheet/1912,1912,American League,,sullb102,Sullivan,Billy,,Chicago,19120411,19121004,,,,,,,,,,,,,
retrosheet/1912,1912,American League,,summe101,Summers,Ed,,Detroit,19120529,19120621,,,,,,,,,,,,,
retrosheet/1912,1912,American League,,sweej102,Sweeney,Jeff,,New York,19120511,19121004,,,,,,,,,,,,,
retrosheet/1912,1912,American League,,tannl101,Tannehill,Lee,,Chicago,19120414,19120508,,,,,,,,,,,,,
retrosheet/1912,1912,American League,,taylw101,Taylor,Wiley,,Chicago,19120822,19120903,,,,,,,,,,,,,
retrosheet/1912,1912,American League,,tennt101,Tennant,Tom,,St. Louis,19120418,19120421,,,,,,,,,,,,,
retrosheet/1912,1912,American League,,thomi101,Thomas,Ira,,Philadelphia,19120412,19120913,,,,,,,,,,,,,
retrosheet/1912,1912,American League,,thomp101,Thomas,Pinch,,Boston,19120424,19121004,,,,,,,,,,,,,
retrosheet/1912,1912,American League,,thomh101,Thompson,Homer,,New York,19121005,19121005,,,,,,,,,,,,,
retrosheet/1912,1912,American League,,thomt104,Thompson,Tommy,,New York,19120605,19121005,,,,,,,,,,,,,
retrosheet/1912,1912,American League,,trava101,Travers,Allan,,Detroit,19120518,19120518,,,,,,,,,,,,,
retrosheet/1912,1912,American League,,troyb101,Troy,Bun,,Detroit,19120915,19120915,,,,,,,,,,,,,
retrosheet/1912,1912,American League,,turnt105,Turner,Terry,,Cleveland,19120411,19120929,,,,,,,,,,,,,
retrosheet/1912,1912,American League,,vandb102,Van Dyke,Ben,,Boston,19120915,19120926,,,,,,,,,,,,,
retrosheet/1912,1912,American League,,vaugh101,Vaughn,Hippo,,New York,19120411,19120612,,,,,,,,,,,,,
retrosheet/1912,1912,American League,,vaugh101,Vaughn,Hippo,,Washington,19120628,19120822,,,,,,,,,,,,,
retrosheet/1912,1912,American League,,veacb101,Veach,Bobby,,Detroit,19120906,19121006,,,,,,,,,,,,,
retrosheet/1912,1912,American League,,vitto101,Vitt,Ossie,,Detroit,19120411,19121006,,,,,,,,,,,,,
retrosheet/1912,1912,American League,,wagnh103,Wagner,Heinie,,Boston,19120411,19121016,,,,,,,,,,,,,
retrosheet/1912,1912,American League,,waldf101,Walden,Fred,,St. Louis,19120603,19120603,,,,,,,,,,,,,
retrosheet/1912,1912,American League,,walkd102,Walker,Dixie,,Washington,19120412,19120529,,,,,,,,,,,,,
retrosheet/1912,1912,American League,,walkm102,Walker,Mysterious,,Cleveland,19120822,19120822,,,,,,,,,,,,,
retrosheet/1912,1912,American League,,walkr102,Walker,Roy,,Cleveland,19120916,19120916,,,,,,,,,,,,,
retrosheet/1912,1912,American League,,walkt101,Walker,Tillie,,Washington,19120420,19120822,,,,,,,,,,,,,
retrosheet/1912,1912,American League,,wallb101,Wallace,Bobby,,St. Louis,19120415,19121003,,,,,,,,,,,,,
retrosheet/1912,1912,American League,,walse101,Walsh,Ed,,Chicago,19120411,19121004,,,,,,,,,,,,,
retrosheet/1912,1912,American League,,walsj108,Walsh,Jimmy,,Philadelphia,19120826,19121005,,,,,,,,,,,,,
retrosheet/1912,1912,American League,,wardh101,Ward,Hap,,Detroit,19120518,19120518,,,,,,,,,,,,,
retrosheet/1912,1912,American League,,warhj101,Warhop,Jack,,New York,19120412,19121003,,,,,,,,,,,,,
retrosheet/1912,1912,American League,,weavb101,Weaver,Buck,,Chicago,19120411,19121006,,,,,,,,,,,,,
retrosheet/1912,1912,American League,,weilc101,Weilman,Carl,,St. Louis,19120824,19121003,,,,,,,,,,,,,
retrosheet/1912,1912,American League,,wheac101,Wheatley,Charlie,,Detroit,19120906,19121006,,,,,,,,,,,,,
retrosheet/1912,1912,American League,,whitd104,White,Doc,,Chicago,19120415,19121005,,,,,,,,,,,,,
retrosheet/1912,1912,American League,,whits102,White,Steve,,Washington,19120529,19120529,,,,,,,,,,,,,
retrosheet/1912,1912,American League,,wille103,Willett,Ed,,Detroit,19120412,19120921,,,,,,,,,,,,,
retrosheet/1912,1912,American League,,willb103,Williams,Bob,,New York,19120416,19121005,,,,,,,,,,,,,
retrosheet/1912,1912,American League,,willg103,Williams,Gus,,St. Louis,19120727,19121006,,,,,,,,,,,,,
retrosheet/1912,1912,American League,,willr104,Williams,Rip,,Washington,19120411,19121005,,,,,,,,,,,,,
retrosheet/1912,1912,American League,,wolfe102,Wolf,Ernie,,Cleveland,19120910,19120910,,,,,,,,,,,,,
retrosheet/1912,1912,American League,,wolfp101,Wolfe,Polly,,Chicago,19120922,19120922,,,,,,,,,,,,,
retrosheet/1912,1912,American League,,wolth101,Wolter,Harry,,New York,19120411,19120518,,,,,,,,,,,,,
retrosheet/1912,1912,American League,,wolvh101,Wolverton,Harry,,New York,19120412,19121004,,,,,,,,,,,,,
retrosheet/1912,1912,American League,,woodj108,Wood,Smoky Joe,,Boston,19120411,19121016,,,,,,,,,,,,,
retrosheet/1912,1912,American League,,workr101,Works,Ralph,,Detroit,19120502,19120823,,,,,,,,,,,,,
retrosheet/1912,1912,American League,,yerks101,Yerkes,Steve,,Boston,19120411,19121016,,,,,,,,,,,,,
retrosheet/1912,1912,American League,,zeidr101,Zeider,Rollie,,Chicago,19120411,19121006,,,,,,,,,,,,,
retrosheet/1912,1912,American League,,zinng101,Zinn,Guy,,New York,19120415,19120820,,,,,,,,,,,,,
