source,league.year,league.name,ident,person.ref,person.name.last,person.name.given,S_STINT,entry.name,S_FIRST,S_LAST,B_G,P_G,F_1B_G,F_2B_G,F_3B_G,F_SS_G,F_OF_G,F_LF_G,F_CF_G,F_RF_G,F_C_G,F_P_G,F_ALL_G
retrosheet/1912,1912,National League,adams,adamb104,Adams,Babe,,Pittsburgh,19120411,19121001,,,,,,,,,,,,,
retrosheet/1912,1912,National League,alexander,alexg102,Alexander,Pete,,Philadelphia,19120411,19120930,,,,,,,,,,,,,
retrosheet/1912,1912,National League,allen,allef101,Allen,Frank,,Brooklyn,19120424,19121002,,,,,,,,,,,,,
retrosheet/1912,1912,National League,almeida,almer101,Almeida,Rafael,,Cincinnati,19120427,19121006,,,,,,,,,,,,,
retrosheet/1912,1912,National League,ames,amesr101,Ames,Red,,New York,19120413,19121011,,,,,,,,,,,,,
retrosheet/1912,1912,National League,archer,archj102,Archer,Jimmy,,Chicago,19120411,19121005,,,,,,,,,,,,,
retrosheet/1912,1912,National League,bader,badek101,Bader,King,,New York,19120930,19121003,,,,,,,,,,,,,
retrosheet/1912,1912,National League,bagby,bagbj101,Bagby,Jim,,Cincinnati,19120422,19120531,,,,,,,,,,,,,
researchers/blau,1912,National League,barger,SRSDLWD,Barger,Cy,,Brooklyn,,,,,,,,,,,,,,,
retrosheet/1912,1912,National League,barger,bargc101,Barger,Cy,,Brooklyn,19120411,19120801,,,,,,,,,,,,,
retrosheet/1912,1912,National League,bates,batej101,Bates,Johnny,,Cincinnati,19120411,19121005,,,,,,,,,,,,,
retrosheet/1912,1912,National League,becker,beckb101,Becker,Beals,,New York,19120412,19121009,,,,,,,,,,,,,
retrosheet/1912,1912,National League,benton,bentr102,Benton,Rube,,Cincinnati,19120412,19121006,,,,,,,,,,,,,
retrosheet/1912,1912,National League,bescher,bescb101,Bescher,Bob,,Cincinnati,19120411,19121006,,,,,,,,,,,,,
retrosheet/1912,1912,National League,bisland,bislr101,Bisland,Rivington,,Pittsburgh,19120913,19120913,,,,,,,,,,,,,
retrosheet/1912,1912,National League,blackburn,blace101,Blackburn,Earl,,Cincinnati,19120926,19120926,,,,,,,,,,,,,
retrosheet/1912,1912,National League,blackburn,blace101,Blackburn,Earl,,Pittsburgh,19120917,19120917,,,,,,,,,,,,,
retrosheet/1912,1912,National League,bliss,blisj101,Bliss,Jack,,St. Louis,19120411,19120930,,,,,,,,,,,,,
retrosheet/1912,1912,National League,boyle,boylj101,Boyle,Jack,,Philadelphia,19120628,19121005,,,,,,,,,,,,,
retrosheet/1912,1912,National League,brady.b,bradb104,Brady,Bill,,Boston,19120709,19120709,,,,,,,,,,,,,
retrosheet/1912,1912,National League,brady.k,bradk101,Brady,King,,Boston,19120413,19120413,,,,,,,,,,,,,
retrosheet/1912,1912,National League,brennan,brena101,Brennan,Ad,,Philadelphia,19120412,19120920,,,,,,,,,,,,,
retrosheet/1912,1912,National League,bresnahan,bresr102,Bresnahan,Roger,,St. Louis,19120423,19121006,,,,,,,,,,,,,
retrosheet/1912,1912,National League,bridwell,brida101,Bridwell,Al,,Boston,19120730,19120919,,,,,,,,,,,,,
retrosheet/1912,1912,National League,brinker,brinb101,Brinker,Bill,,Philadelphia,19120424,19120527,,,,,,,,,,,,,
retrosheet/1912,1912,National League,brown-bos,browb102,Brown,Buster,,Boston,19120417,19120930,,,,,,,,,,,,,
retrosheet/1912,1912,National League,brown-chi,browm102,Brown,Mordecai,,Chicago,19120414,19120715,,,,,,,,,,,,,
retrosheet/1912,1912,National League,browne,browg102,Browne,George,,Philadelphia,19120530,19120624,,,,,,,,,,,,,
retrosheet/1912,1912,National League,burk,burks101,Burk,Sandy,,Brooklyn,19120612,19120715,,,,,,,,,,,,,
retrosheet/1912,1912,National League,burk,burks101,Burk,Sandy,,St. Louis,19120817,19121001,,,,,,,,,,,,,
retrosheet/1912,1912,National League,burns-stl,burne101,Burns,Ed,,St. Louis,19120625,19120625,,,,,,,,,,,,,
retrosheet/1912,1912,National League,burns-ny,burng101,Burns,George,,New York,19120503,19121003,,,,,,,,,,,,,
retrosheet/1912,1912,National League,butler,butla101,Butler,Art,,Pittsburgh,19120820,19121006,,,,,,,,,,,,,
retrosheet/1912,1912,National League,byrne,byrnb101,Byrne,Bobby,,Pittsburgh,19120411,19120930,,,,,,,,,,,,,
retrosheet/1912,1912,National League,camnitz,camnh101,Camnitz,Howie,,Pittsburgh,19120411,19121006,,,,,,,,,,,,,
retrosheet/1912,1912,National League,campbell,campv101,Campbell,Vin,,Boston,19120411,19121005,,,,,,,,,,,,,
retrosheet/1912,1912,National League,capron,caprr101,Capron,Ralph,,Pittsburgh,19120425,19120425,,,,,,,,,,,,,
retrosheet/1912,1912,National League,carey,carem101,Carey,Max,,Pittsburgh,19120411,19121006,,,,,,,,,,,,,
retrosheet/1912,1912,National League,cather,catht101,Cather,Ted,,St. Louis,19120923,19121001,,,,,,,,,,,,,
retrosheet/1912,1912,National League,chalmers,chalg101,Chalmers,George,,Philadelphia,19120530,19121001,,,,,,,,,,,,,
retrosheet/1912,1912,National League,chance,chanf101,Chance,Frank,,Chicago,19120411,19120412,,,,,,,,,,,,,
retrosheet/1912,1912,National League,chapman,chaph102,Chapman,Harry,,Chicago,19121006,19121006,,,,,,,,,,,,,
retrosheet/1912,1912,National League,cheney,chenl101,Cheney,Larry,,Chicago,19120415,19121006,,,,,,,,,,,,,
retrosheet/1912,1912,National League,clark,clarj101,Clark,Jim,,St. Louis,19120501,19120505,,,,,,,,,,,,,
retrosheet/1912,1912,National League,clarke,clart101,Clarke,Tommy,,Cincinnati,19120415,19120921,,,,,,,,,,,,,
retrosheet/1912,1912,National League,cole,colek101,Cole,King,,Chicago,19120411,19120524,,,,,,,,,,,,,
retrosheet/1912,1912,National League,cole,colek101,Cole,King,,Pittsburgh,19120604,19120901,,,,,,,,,,,,,
retrosheet/1912,1912,National League,cooper,coopw101,Cooper,Wilbur,,Pittsburgh,19120829,19121005,,,,,,,,,,,,,
retrosheet/1912,1912,National League,cotter,cottd101,Cotter,Dick,,Chicago,19120416,19120926,,,,,,,,,,,,,
retrosheet/1912,1912,National League,cottrell,cotte101,Cottrell,Ensign,,Chicago,19120927,19120927,,,,,,,,,,,,,
retrosheet/1912,1912,National League,cramer,cramb101,Cramer,Bill,,Cincinnati,19120625,19120625,,,,,,,,,,,,,
retrosheet/1912,1912,National League,crandall,crand101,Crandall,Doc,,New York,19120413,19121008,,,,,,,,,,,,,
retrosheet/1912,1912,National League,cravath,cravg101,Cravath,Gavvy,,Philadelphia,19120411,19121005,,,,,,,,,,,,,
retrosheet/1912,1912,National League,curtis,curtc101,Curtis,Cliff,,Brooklyn,19120715,19121004,,,,,,,,,,,,,
retrosheet/1912,1912,National League,curtis,curtc101,Curtis,Cliff,,Philadelphia,19120504,19120703,,,,,,,,,,,,,
retrosheet/1912,1912,National League,cutshaw,cutsg101,Cutshaw,George,,Brooklyn,19120425,19121005,,,,,,,,,,,,,
retrosheet/1912,1912,National League,dale,daleg101,Dale,Gene,,St. Louis,19120415,19120722,,,,,,,,,,,,,
retrosheet/1912,1912,National League,daley,dalej101,Daley,Jud,,Brooklyn,19120413,19120716,,,,,,,,,,,,,
retrosheet/1912,1912,National League,daubert,daubj101,Daubert,Jake,,Brooklyn,19120411,19121005,,,,,,,,,,,,,
retrosheet/1912,1912,National League,davis,david102,Davis,Dixie,,Cincinnati,19120711,19120805,,,,,,,,,,,,,
retrosheet/1912,1912,National League,dell,dellw101,Dell,Wheezer,,St. Louis,19120422,19120507,,,,,,,,,,,,,
retrosheet/1912,1912,National League,demaree,demaa101,Demaree,Al,,New York,19120926,19121003,,,,,,,,,,,,,
retrosheet/1912,1912,National League,dent,dente101,Dent,Eddie,,Brooklyn,19120411,19120411,,,,,,,,,,,,,
retrosheet/1912,1912,National League,devlin,devla101,Devlin,Art,,Boston,19120419,19121005,,,,,,,,,,,,,
retrosheet/1912,1912,National League,devore,devoj101,Devore,Josh,,New York,19120411,19121016,,,,,,,,,,,,,
retrosheet/1912,1912,National League,dickson,dickw101,Dickson,Walt,,Boston,19120416,19121003,,,,,,,,,,,,,
retrosheet/1912,1912,National League,doak,doakb101,Doak,Bill,,Cincinnati,19120901,19120901,,,,,,,,,,,,,
retrosheet/1912,1912,National League,dodd,doddo101,Dodd,Ona,,Pittsburgh,19120726,19120814,,,,,,,,,,,,,
retrosheet/1912,1912,National League,dodge,dodgj101,Dodge,John,,Philadelphia,19120829,19121005,,,,,,,,,,,,,
retrosheet/1912,1912,National League,dolan,dolac102,Dolan,Cozy,,Philadelphia,19120926,19121005,,,,,,,,,,,,,
retrosheet/1912,1912,National League,donalds,donae101,Donalds,Ed,,Cincinnati,19120901,19120901,,,,,,,,,,,,,
retrosheet/1912,1912,National League,donlin,donlm101,Donlin,Mike,,Pittsburgh,19120411,19120926,,,,,,,,,,,,,
retrosheet/1912,1912,National League,donnelly,donne102,Donnelly,Ed,,Boston,19120413,19121003,,,,,,,,,,,,,
retrosheet/1912,1912,National League,dooin,dooir101,Dooin,Red,,Philadelphia,19120411,19120920,,,,,,,,,,,,,
retrosheet/1912,1912,National League,doolin,doolm101,Doolin,Mickey,,Philadelphia,19120411,19121002,,,,,,,,,,,,,
retrosheet/1912,1912,National League,downey,downt101,Downey,Tom,,Chicago,19120801,19120928,,,,,,,,,,,,,
retrosheet/1912,1912,National League,downey,downt101,Downey,Tom,,Philadelphia,19120413,19120704,,,,,,,,,,,,,
retrosheet/1912,1912,National League,downs,downr101,Downs,Red,,Brooklyn,19120412,19120425,,,,,,,,,,,,,
retrosheet/1912,1912,National League,downs,downr101,Downs,Red,,Chicago,19120511,19120930,,,,,,,,,,,,,
retrosheet/1912,1912,National League,doyle,doyll101,Doyle,Larry,,New York,19120411,19121016,,,,,,,,,,,,,
retrosheet/1912,1912,National League,drucke,drucl101,Drucke,Louis,,New York,19120501,19120501,,,,,,,,,,,,,
retrosheet/1912,1912,National League,edington,edins101,Edington,Stump,,Pittsburgh,19120620,19120713,,,,,,,,,,,,,
retrosheet/1912,1912,National League,egan,egand102,Egan,Dick,,Cincinnati,19120411,19121006,,,,,,,,,,,,,
retrosheet/1912,1912,National League,ellis,ellir102,Ellis,Rube,,St. Louis,19120411,19121006,,,,,,,,,,,,,
retrosheet/1912,1912,National League,erwin,erwit101,Erwin,Tex,,Brooklyn,19120412,19121005,,,,,,,,,,,,,
retrosheet/1912,1912,National League,esmond,esmoj101,Esmond,Jimmy,,Cincinnati,19120411,19120904,,,,,,,,,,,,,
retrosheet/1912,1912,National League,evans,evans101,Evans,Steve,,St. Louis,19120411,19121006,,,,,,,,,,,,,
retrosheet/1912,1912,National League,evers,everj102,Evers,Johnny,,Chicago,19120411,19121006,,,,,,,,,,,,,
retrosheet/1912,1912,National League,ewing,ewinb102,Ewing,Bob,,St. Louis,19120513,19120513,,,,,,,,,,,,,
retrosheet/1912,1912,National League,ferry,ferrj101,Ferry,Jack,,Pittsburgh,19120504,19120919,,,,,,,,,,,,,
retrosheet/1912,1912,National League,finneran,finnh102,Finneran,Happy,,Philadelphia,19120820,19121005,,,,,,,,,,,,,
retrosheet/1912,1912,National League,fisher,fisht103,Fisher,Bob,,Brooklyn,19120603,19121005,,,,,,,,,,,,,
retrosheet/1912,1912,National League,fletcher-ny,fleta101,Fletcher,Art,,New York,19120501,19121016,,,,,,,,,,,,,
retrosheet/1912,1912,National League,fletcher-cin,flets101,Fletcher,Sam,,Cincinnati,19120605,19120610,,,,,,,,,,,,,
retrosheet/1912,1912,National League,frill,frilj101,Frill,John,,Cincinnati,19120810,19120821,,,,,,,,,,,,,
retrosheet/1912,1912,National League,fromme,froma101,Fromme,Art,,Cincinnati,19120415,19121005,,,,,,,,,,,,,
retrosheet/1912,1912,National League,galloway,gallj101,Galloway,Jim,,St. Louis,19120824,19121001,,,,,,,,,,,,,
retrosheet/1912,1912,National League,gardner,gardh101,Gardner,Harry,,Pittsburgh,19120414,19120414,,,,,,,,,,,,,
retrosheet/1912,1912,National League,gaspar,gasph101,Gaspar,Harry,,Cincinnati,19120428,19120620,,,,,,,,,,,,,
retrosheet/1912,1912,National League,geyer,geyer101,Geyer,Rube,,St. Louis,19120413,19121006,,,,,,,,,,,,,
retrosheet/1912,1912,National League,gibson,gibsg101,Gibson,George,,Pittsburgh,19120411,19121006,,,,,,,,,,,,,
retrosheet/1912,1912,National League,gilhooley,gilhf101,Gilhooley,Frank,,St. Louis,19120906,19120928,,,,,,,,,,,,,
retrosheet/1912,1912,National League,gonzalez,gonzm101,Gonzalez,Mike,,Boston,19120928,19120928,,,,,,,,,,,,,
retrosheet/1912,1912,National League,good,goodw101,Good,Wilbur,,Chicago,19120416,19121006,,,,,,,,,,,,,
retrosheet/1912,1912,National League,goulait,goult101,Goulait,Ted,,New York,19120928,19120928,,,,,,,,,,,,,
retrosheet/1912,1912,National League,gowdy,gowdh101,Gowdy,Hank,,Boston,19120413,19121003,,,,,,,,,,,,,
retrosheet/1912,1912,National League,graham,grahp101,Graham,Peaches,,Philadelphia,19120411,19120618,,,,,,,,,,,,,
retrosheet/1912,1912,National League,grant,grane101,Grant,Eddie,,Cincinnati,19120415,19121006,,,,,,,,,,,,,
retrosheet/1912,1912,National League,gray,grays101,Gray,Stan,,Pittsburgh,19120917,19121001,,,,,,,,,,,,,
retrosheet/1912,1912,National League,gregory,gregf101,Gregory,Frank,,Cincinnati,19120905,19121006,,,,,,,,,,,,,
retrosheet/1912,1912,National League,griffin,grifh101,Griffin,Hank,,Boston,19120516,19120520,,,,,,,,,,,,,
retrosheet/1912,1912,National League,griner,grind101,Griner,Dan,,St. Louis,19120817,19120929,,,,,,,,,,,,,
retrosheet/1912,1912,National League,groh,grohh101,Groh,Heinie,,New York,19120412,19121002,,,,,,,,,,,,,
retrosheet/1912,1912,National League,harmon,harmb101,Harmon,Bob,,St. Louis,19120411,19121006,,,,,,,,,,,,,
retrosheet/1912,1912,National League,harter,hartf102,Harter,Frank,,Cincinnati,19120831,19120929,,,,,,,,,,,,,
retrosheet/1912,1912,National League,hartley,hartg102,Hartley,Grover,,New York,19120508,19121005,,,,,,,,,,,,,
retrosheet/1912,1912,National League,hauser,hausa101,Hauser,Arnold,,St. Louis,19120411,19121006,,,,,,,,,,,,,
retrosheet/1912,1912,National League,hechinger,hechm101,Hechinger,Mike,,Chicago,19120927,19120928,,,,,,,,,,,,,
retrosheet/1912,1912,National League,hendrix,hendc101,Hendrix,Claude,,Pittsburgh,19120413,19120930,,,,,,,,,,,,,
retrosheet/1912,1912,National League,herzog,herzb101,Herzog,Buck,,New York,19120411,19121016,,,,,,,,,,,,,
retrosheet/1912,1912,National League,hess,hesso101,Hess,Otto,,Boston,19120503,19121004,,,,,,,,,,,,,
retrosheet/1912,1912,National League,higgins,higgb102,Higgins,Bob,,Brooklyn,19120502,19120502,,,,,,,,,,,,,
retrosheet/1912,1912,National League,hoblitzell,hobld101,Hoblitzell,Dick,,Cincinnati,19120411,19121006,,,,,,,,,,,,,
retrosheet/1912,1912,National League,hofman,hofms101,Hofman,Solly,,Chicago,19120411,19120530,,,,,,,,,,,,,
retrosheet/1912,1912,National League,hofman,hofms101,Hofman,Solly,,Pittsburgh,19120613,19120903,,,,,,,,,,,,,
retrosheet/1912,1912,National League,hogg,hoggb102,Hogg,Brad,,Boston,19120413,19120620,,,,,,,,,,,,,
retrosheet/1912,1912,National League,horsey,horsh101,Horsey,Hanson,,Cincinnati,19120427,19120427,,,,,,,,,,,,,
retrosheet/1912,1912,National League,houser,housb101,Houser,Ben,,Boston,19120411,19121005,,,,,,,,,,,,,
retrosheet/1912,1912,National League,howell,hower101,Howell,Roland,,St. Louis,19120614,19120625,,,,,,,,,,,,,
retrosheet/1912,1912,National League,huggins,huggm101,Huggins,Miller,,St. Louis,19120411,19121006,,,,,,,,,,,,,
retrosheet/1912,1912,National League,hummel,hummj101,Hummel,John,,Brooklyn,19120411,19121004,,,,,,,,,,,,,
retrosheet/1912,1912,National League,humphries,humpb101,Humphries,Bert,,Cincinnati,19120411,19120825,,,,,,,,,,,,,
retrosheet/1912,1912,National League,hyatt,hyath101,Hyatt,Ham,,Pittsburgh,19120414,19121006,,,,,,,,,,,,,
retrosheet/1912,1912,National League,jackson,jackg102,Jackson,George,,Boston,19120411,19120926,,,,,,,,,,,,,
retrosheet/1912,1912,National League,jones,joneb101,Jones,Bill,,Boston,19120501,19120614,,,,,,,,,,,,,
retrosheet/1912,1912,National League,kaiser,kaisa101,Kaiser,Al,,Boston,19120413,19120420,,,,,,,,,,,,,
retrosheet/1912,1912,National League,keefe,keefb101,Keefe,Bobby,,Cincinnati,19120414,19120726,,,,,,,,,,,,,
retrosheet/1912,1912,National League,keliher,kelim101,Keliher,Mickey,,Pittsburgh,19120503,19120509,,,,,,,,,,,,,
retrosheet/1912,1912,National League,kelleher,kellj107,Kelleher,John,,St. Louis,19120731,19120921,,,,,,,,,,,,,
retrosheet/1912,1912,National League,kelly,kellb104,Kelly,Billy,,Pittsburgh,19120503,19121005,,,,,,,,,,,,,
retrosheet/1912,1912,National League,kent,kentm101,Kent,Maury,,Brooklyn,19120415,19120731,,,,,,,,,,,,,
retrosheet/1912,1912,National League,killefer,killb101,Killefer,Bill,,Philadelphia,19120412,19121002,,,,,,,,,,,,,
retrosheet/1912,1912,National League,kirby,kirbl101,Kirby,LaRue,,New York,19120807,19120927,,,,,,,,,,,,,
retrosheet/1912,1912,National League,kirke,kirkj101,Kirke,Jay,,Boston,19120413,19121005,,,,,,,,,,,,,
retrosheet/1912,1912,National League,kirkpatrick,kirke101,Kirkpatrick,Enos,,Brooklyn,19120824,19121005,,,,,,,,,,,,,
retrosheet/1912,1912,National League,kling,klinj101,Kling,Johnny,,Boston,19120411,19120919,,,,,,,,,,,,,
retrosheet/1912,1912,National League,knabe,knabo101,Knabe,Otto,,Philadelphia,19120411,19121002,,,,,,,,,,,,,
retrosheet/1912,1912,National League,knetzer,knete101,Knetzer,Elmer,,Brooklyn,19120412,19121002,,,,,,,,,,,,,
retrosheet/1912,1912,National League,knisely,knisp101,Knisely,Pete,,Cincinnati,19120904,19121006,,,,,,,,,,,,,
retrosheet/1912,1912,National League,konetchy,konee101,Konetchy,Ed,,St. Louis,19120411,19121006,,,,,,,,,,,,,
retrosheet/1912,1912,National League,kroh,krohr101,Kroh,Rube,,Boston,19120815,19120822,,,,,,,,,,,,,
researchers/blau,1912,National League,kyle,TMNNMSK,Kyle,Andy,,Cincinnati,,,,,,,,,,,,,,,
retrosheet/1912,1912,National League,kyle,kylea101,Kyle,Andy,,Cincinnati,19120907,19121006,,,,,,,,,,,,,
retrosheet/1912,1912,National League,lavender,lavej101,Lavender,Jimmy,,Chicago,19120423,19121005,,,,,,,,,,,,,
retrosheet/1912,1912,National League,leach,leact101,Leach,Tommy,,Chicago,19120610,19120912,,,,,,,,,,,,,
retrosheet/1912,1912,National League,leach,leact101,Leach,Tommy,,Pittsburgh,19120418,19120530,,,,,,,,,,,,,
retrosheet/1912,1912,National League,leifield,leifl101,Leifield,Lefty,,Chicago,19120607,19121005,,,,,,,,,,,,,
retrosheet/1912,1912,National League,leifield,leifl101,Leifield,Lefty,,Pittsburgh,19120414,19120528,,,,,,,,,,,,,
retrosheet/1912,1912,National League,lennox,lenne102,Lennox,Ed,,Chicago,19120411,19120525,,,,,,,,,,,,,
retrosheet/1912,1912,National League,loan,loanm101,Loan,Mike,,Philadelphia,19120918,19120918,,,,,,,,,,,,,
retrosheet/1912,1912,National League,lobert,lobeh101,Lobert,Hans,,Philadelphia,19120502,19120825,,,,,,,,,,,,,
retrosheet/1912,1912,National League,lowdermilk-chi,lowdg101,Lowdermilk,Grover,,Chicago,19120826,19120928,,,,,,,,,,,,,
retrosheet/1912,1912,National League,lowdermilk-stl,lowdl101,Lowdermilk,Lou,,St. Louis,19120501,19120516,,,,,,,,,,,,,
retrosheet/1912,1912,National League,luderus,ludef101,Luderus,Fred,,Philadelphia,19120411,19121005,,,,,,,,,,,,,
retrosheet/1912,1912,National League,madden,maddl101,Madden,Len,,Chicago,19120831,19120919,,,,,,,,,,,,,
retrosheet/1912,1912,National League,magee-stl,magel101,Magee,Lee,,St. Louis,19120413,19121006,,,,,,,,,,,,,
retrosheet/1912,1912,National League,magee-phi,mages101,Magee,Sherry,,Philadelphia,19120507,19121005,,,,,,,,,,,,,
retrosheet/1912,1912,National League,mangus,mangg101,Mangus,George,,Philadelphia,19120820,19120920,,,,,,,,,,,,,
retrosheet/1912,1912,National League,maranville,marar101,Maranville,Rabbit,,Boston,19120910,19121005,,,,,,,,,,,,,
retrosheet/1912,1912,National League,marquard,marqr102,Marquard,Rube,,New York,19120411,19121014,,,,,,,,,,,,,
retrosheet/1912,1912,National League,marsans,marsa101,Marsans,Armando,,Cincinnati,19120411,19120907,,,,,,,,,,,,,
retrosheet/1912,1912,National League,marshall,marsr101,Marshall,Rube,,Philadelphia,19120928,19121004,,,,,,,,,,,,,
retrosheet/1912,1912,National League,mathewson,mathc102,Mathewson,Christy,,New York,19120415,19121016,,,,,,,,,,,,,
retrosheet/1912,1912,National League,mattern,matta101,Mattern,Al,,Boston,19120413,19120419,,,,,,,,,,,,,
retrosheet/1912,1912,National League,mayer,mayee101,Mayer,Erskine,,Philadelphia,19120904,19121005,,,,,,,,,,,,,
retrosheet/1912,1912,National League,mccarthy,mccaa103,McCarthy,Alex,,Pittsburgh,19120411,19121006,,,,,,,,,,,,,
retrosheet/1912,1912,National League,mccormick,mccom104,McCormick,Moose,,New York,19120415,19121016,,,,,,,,,,,,,
retrosheet/1912,1912,National League,mcdonald-bos,mcdoe101,McDonald,Ed,,Boston,19120411,19120914,,,,,,,,,,,,,
retrosheet/1912,1912,National League,mcdonald-cin,mcdot101,McDonald,Tex,,Cincinnati,19120411,19121006,,,,,,,,,,,,,
retrosheet/1912,1912,National League,mcgraner,mcgrh101,McGraner,Howard,,Cincinnati,19120912,19121006,,,,,,,,,,,,,
retrosheet/1912,1912,National League,mcintire,mcinh101,McIntire,Harry,,Chicago,19120412,19120517,,,,,,,,,,,,,
retrosheet/1912,1912,National League,mckechnie,mckeb101,McKechnie,Bill,,Pittsburgh,19120411,19120803,,,,,,,,,,,,,
retrosheet/1912,1912,National League,mclean,mclel101,McLean,Larry,,Cincinnati,19120411,19120906,,,,,,,,,,,,,
retrosheet/1912,1912,National League,mctigue,mctib101,McTigue,Bill,,Boston,19120506,19121005,,,,,,,,,,,,,
retrosheet/1912,1912,National League,mensor,mense101,Mensor,Ed,,Pittsburgh,19120715,19121005,,,,,,,,,,,,,
retrosheet/1912,1912,National League,mercer,mercj101,Mercer,John,,St. Louis,19120625,19120625,,,,,,,,,,,,,
retrosheet/1912,1912,National League,merkle,merkf101,Merkle,Fred,,New York,19120411,19121016,,,,,,,,,,,,,
retrosheet/1912,1912,National League,meyers,meyec101,Meyers,Chief,,New York,19120411,19121016,,,,,,,,,,,,,
retrosheet/1912,1912,National League,miller-pit,milld102,Miller,Dots,,Pittsburgh,19120411,19121006,,,,,,,,,,,,,
retrosheet/1912,1912,National League,miller-bos+phi,milld106,Miller,Doc,,Boston,19120411,19120621,,,,,,,,,,,,,
retrosheet/1912,1912,National League,miller-bos+phi,milld106,Miller,Doc,,Philadelphia,19120624,19121005,,,,,,,,,,,,,
retrosheet/1912,1912,National League,miller-stl,mille102,Miller,Elmer,,St. Louis,19120426,19120517,,,,,,,,,,,,,
retrosheet/1912,1912,National League,miller-bro,millo103,Miller,Otto,,Brooklyn,19120521,19121005,,,,,,,,,,,,,
retrosheet/1912,1912,National League,miller-chi,millw104,Miller,Ward,,Chicago,19120411,19121006,,,,,,,,,,,,,
retrosheet/1912,1912,National League,mitchell,mitcm102,Mitchell,Mike,,Cincinnati,19120414,19121006,,,,,,,,,,,,,
retrosheet/1912,1912,National League,moore-chi,moorc102,Moore,Charley,,Chicago,19120416,19120513,,,,,,,,,,,,,
retrosheet/1912,1912,National League,moore-phi,moore103,Moore,Earl,,Philadelphia,19120415,19120928,,,,,,,,,,,,,
retrosheet/1912,1912,National League,moore-cin,moorg103,Moore,Gene,,Cincinnati,19120731,19120902,,,,,,,,,,,,,
retrosheet/1912,1912,National League,moran-bro,morah101,Moran,Herbie,,Brooklyn,19120411,19121005,,,,,,,,,,,,,
retrosheet/1912,1912,National League,moran-phi,morap101,Moran,Pat,,Philadelphia,19120527,19121005,,,,,,,,,,,,,
retrosheet/1912,1912,National League,moroney,moroj101,Moroney,Jim,,Chicago,19120511,19120723,,,,,,,,,,,,,
retrosheet/1912,1912,National League,mowrey,mowrm101,Mowrey,Mike,,St. Louis,19120411,19121006,,,,,,,,,,,,,
retrosheet/1912,1912,National League,murphy,murpm102,Murphy,Mike,,St. Louis,19120517,19120517,,,,,,,,,,,,,
retrosheet/1912,1912,National League,murray,murrr103,Murray,Red,,New York,19120411,19121016,,,,,,,,,,,,,
retrosheet/1912,1912,National League,needham,needt101,Needham,Tom,,Chicago,19120504,19120904,,,,,,,,,,,,,
retrosheet/1912,1912,National League,nelson,nelsr104,Nelson,Red,,Philadelphia,19120827,19121003,,,,,,,,,,,,,
researchers/blau,1912,National League,nicholson-phi,DFZLPVT,Nicholson,Frank,,Philadelphia,,,,,,,,,,,,,,,
researchers/blau,1912,National League,nicholson-pit,KCZXJDS,Nicholson,Ovid,,Pittsburgh,,,,,,,,,,,,,,,
retrosheet/1912,1912,National League,nicholson-phi,nichf102,Nicholson,Frank,,Philadelphia,19120906,19120910,,,,,,,,,,,,,
retrosheet/1912,1912,National League,nicholson-pit,nicho101,Nicholson,Ovid,,Pittsburgh,19120917,19120926,,,,,,,,,,,,,
retrosheet/1912,1912,National League,northen,north101,Northen,Hub,,Brooklyn,19120411,19121005,,,,,,,,,,,,,
retrosheet/1912,1912,National League,orourke,orouf101,O'Rourke,Frank,,Boston,19120611,19120919,,,,,,,,,,,,,
retrosheet/1912,1912,National League,otoole,otoom101,O'Toole,Marty,,Pittsburgh,19120416,19121005,,,,,,,,,,,,,
retrosheet/1912,1912,National League,oakes,oaker101,Oakes,Rebel,,St. Louis,19120411,19121006,,,,,,,,,,,,,
retrosheet/1912,1912,National League,packard,packg101,Packard,Gene,,Cincinnati,19120927,19120927,,,,,,,,,,,,,
retrosheet/1912,1912,National League,paskert,paskd101,Paskert,Dode,,Philadelphia,19120411,19121005,,,,,,,,,,,,,
retrosheet/1912,1912,National League,perdue,perdh101,Perdue,Hub,,Boston,19120411,19121002,,,,,,,,,,,,,
retrosheet/1912,1912,National League,perritt,perrp101,Perritt,Pol,,St. Louis,19120907,19120930,,,,,,,,,,,,,
retrosheet/1912,1912,National League,phelan,phela101,Phelan,Art,,Cincinnati,19120411,19121001,,,,,,,,,,,,,
retrosheet/1912,1912,National League,phelps,phele101,Phelps,Ed,,Brooklyn,19120411,19120919,,,,,,,,,,,,,
retrosheet/1912,1912,National League,pierce,pearg101,Pierce,George,,Chicago,19120416,19120920,,,,,,,,,,,,,
retrosheet/1912,1912,National League,powell,poweb102,Powell,Bill,,Chicago,19120930,19120930,,,,,,,,,,,,,
retrosheet/1912,1912,National League,prough,proub101,Prough,Bill,,Cincinnati,19120427,19120427,,,,,,,,,,,,,
retrosheet/1912,1912,National League,ragan,ragap101,Ragan,Pat,,Brooklyn,19120514,19121005,,,,,,,,,,,,,
retrosheet/1912,1912,National League,rariden,rarib101,Rariden,Bill,,Boston,19120416,19121005,,,,,,,,,,,,,
retrosheet/1912,1912,National League,raedding,reddp101,Redding,Phil,,St. Louis,19120914,19121001,,,,,,,,,,,,,
retrosheet/1912,1912,National League,rehg,rehgw101,Rehg,Wally,,Pittsburgh,19120414,19120626,,,,,,,,,,,,,
retrosheet/1912,1912,National League,reulbach,reule101,Reulbach,Ed,,Chicago,19120502,19121006,,,,,,,,,,,,,
retrosheet/1912,1912,National League,richie,richl102,Richie,Lew,,Chicago,19120411,19120929,,,,,,,,,,,,,
retrosheet/1912,1912,National League,ritter,ritth101,Ritter,Hank,,Philadelphia,19120803,19120820,,,,,,,,,,,,,
retrosheet/1912,1912,National League,rixey,rixee101,Rixey,Eppa,,Philadelphia,19120621,19121005,,,,,,,,,,,,,
retrosheet/1912,1912,National League,robertson,robed103,Robertson,Dave,,New York,19120605,19120723,,,,,,,,,,,,,
retrosheet/1912,1912,National League,robinson,robih102,Robinson,Hank,,Pittsburgh,19120414,19120926,,,,,,,,,,,,,
retrosheet/1912,1912,National League,rolling,rollr102,Rolling,Ray,,St. Louis,19120906,19120926,,,,,,,,,,,,,
retrosheet/1912,1912,National League,rucker,ruckn101,Rucker,Nap,,Brooklyn,19120411,19121003,,,,,,,,,,,,,
retrosheet/1912,1912,National League,saier,saiev101,Saier,Vic,,Chicago,19120420,19121006,,,,,,,,,,,,,
retrosheet/1912,1912,National League,sallee,salls101,Sallee,Slim,,St. Louis,19120414,19121006,,,,,,,,,,,,,
retrosheet/1912,1912,National League,savage,savaj101,Savage,Jimmie,,Philadelphia,19120903,19120906,,,,,,,,,,,,,
retrosheet/1912,1912,National League,schardt,schab102,Schardt,Bill,,Brooklyn,19120412,19120518,,,,,,,,,,,,,
retrosheet/1912,1912,National League,schulte,schuf103,Schulte,Frank,,Chicago,19120411,19121006,,,,,,,,,,,,,
retrosheet/1912,1912,National League,schultz,schuj101,Schultz,Joe,,Boston,19120927,19121003,,,,,,,,,,,,,
retrosheet/1912,1912,National League,schwind,schwa101,Schwind,Art,,Boston,19121003,19121003,,,,,,,,,,,,,
retrosheet/1912,1912,National League,seaton,seatt102,Seaton,Tom,,Philadelphia,19120413,19121002,,,,,,,,,,,,,
retrosheet/1912,1912,National League,severid,seveh101,Severeid,Hank,,Cincinnati,19120416,19121006,,,,,,,,,,,,,
retrosheet/1912,1912,National League,shafer,shaft102,Shafer,Tillie,,New York,19120411,19121016,,,,,,,,,,,,,
retrosheet/1912,1912,National League,shean,shead101,Shean,Dave,,Boston,19120521,19120524,,,,,,,,,,,,,
retrosheet/1912,1912,National League,sheckard,shecj101,Sheckard,Jimmy,,Chicago,19120411,19121006,,,,,,,,,,,,,
retrosheet/1912,1912,National League,shore,shore101,Shore,Ernie,,New York,19120620,19120620,,,,,,,,,,,,,
retrosheet/1912,1912,National League,shultz,shult101,Shultz,Toots,,Philadelphia,19120424,19120913,,,,,,,,,,,,,
retrosheet/1912,1912,National League,simon,simom102,Simon,Mike,,Pittsburgh,19120415,19121005,,,,,,,,,,,,,
retrosheet/1912,1912,National League,smith-chi,smitc107,Smith,Charlie,,Chicago,19120411,19120929,,,,,,,,,,,,,
retrosheet/1912,1912,National League,smith-cin,smitf106,Smith,Frank,,Cincinnati,19120411,19120530,,,,,,,,,,,,,
retrosheet/1912,1912,National League,smith-bro,smitr108,Smith,Red,,Brooklyn,19120411,19121005,,,,,,,,,,,,,
retrosheet/1912,1912,National League,smith-pit,smits102,Smith,Sherry,,Pittsburgh,19120917,19120919,,,,,,,,,,,,,
retrosheet/1912,1912,National League,smith-stl,smitw103,Smith,Wally,,St. Louis,19120422,19120928,,,,,,,,,,,,,
retrosheet/1912,1912,National League,snodgrass,snodf101,Snodgrass,Fred,,New York,19120411,19121016,,,,,,,,,,,,,
retrosheet/1912,1912,National League,snyder,snydf101,Snyder,Frank,,St. Louis,19120818,19121001,,,,,,,,,,,,,
retrosheet/1912,1912,National League,sommers,sommr101,Sommers,Rudy,,Chicago,19120908,19120908,,,,,,,,,,,,,
retrosheet/1912,1912,National League,spratt,sprah101,Spratt,Harry,,Boston,19120411,19120603,,,,,,,,,,,,,
retrosheet/1912,1912,National League,stack,stace101,Stack,Eddie,,Brooklyn,19120420,19121002,,,,,,,,,,,,,
retrosheet/1912,1912,National League,stark,stard101,Stark,Dolly,,Brooklyn,19120411,19120524,,,,,,,,,,,,,
retrosheet/1912,1912,National League,steele,steeb102,Steele,Bill,,St. Louis,19120413,19120926,,,,,,,,,,,,,
retrosheet/1912,1912,National League,steinbrenner,steig101,Steinbrenner,Gene,,Philadelphia,19120425,19120511,,,,,,,,,,,,,
retrosheet/1912,1912,National League,stengel,stenc101,Stengel,Casey,,Brooklyn,19120917,19121005,,,,,,,,,,,,,
retrosheet/1912,1912,National League,suggs,suggg101,Suggs,George,,Cincinnati,19120414,19121005,,,,,,,,,,,,,
retrosheet/1912,1912,National League,sweeney,sweeb102,Sweeney,Bill,,Boston,19120411,19121005,,,,,,,,,,,,,
researchers/blau,1912,National League,taylor,DSXBDGB,Taylor,Ben,,St. Louis,,,,,,,,,,,,,,,
retrosheet/1912,1912,National League,taylor,taylb107,Taylor,Ben,,Cincinnati,19120628,19120704,,,,,,,,,,,,,
retrosheet/1912,1912,National League,tesreau,tesrj101,Tesreau,Jeff,,New York,19120412,19121015,,,,,,,,,,,,,
retrosheet/1912,1912,National League,tinker,tinkj101,Tinker,Joe,,Chicago,19120411,19121006,,,,,,,,,,,,,
retrosheet/1912,1912,National League,titus,tituj101,Titus,John,,Boston,19120624,19121005,,,,,,,,,,,,,
retrosheet/1912,1912,National League,titus,tituj101,Titus,John,,Philadelphia,19120411,19120619,,,,,,,,,,,,,
retrosheet/1912,1912,National League,tompkins,tompc101,Tompkins,Chuck,,Cincinnati,19120625,19120625,,,,,,,,,,,,,
retrosheet/1912,1912,National League,toney,tonef101,Toney,Fred,,Chicago,19120423,19120930,,,,,,,,,,,,,
retrosheet/1912,1912,National League,tooley,toolb101,Tooley,Bert,,Brooklyn,19120412,19120809,,,,,,,,,,,,,
retrosheet/1912,1912,National League,tyler,tylel101,Tyler,Lefty,,Boston,19120412,19121002,,,,,,,,,,,,,
retrosheet/1912,1912,National League,vernon,vernj101,Vernon,Joe,,Chicago,19120720,19120720,,,,,,,,,,,,,
retrosheet/1912,1912,National League,viox,vioxj101,Viox,Jim,,Pittsburgh,19120509,19120926,,,,,,,,,,,,,
retrosheet/1912,1912,National League,wagner,wagnh101,Wagner,Honus,,Pittsburgh,19120411,19121006,,,,,,,,,,,,,
retrosheet/1912,1912,National League,wallace,wallh102,Wallace,Huck,,Philadelphia,19120605,19120701,,,,,,,,,,,,,
retrosheet/1912,1912,National League,walsh,walsj101,Walsh,Jimmy,,Philadelphia,19120411,19121005,,,,,,,,,,,,,
retrosheet/1912,1912,National League,warner,warne101,Warner,Ed,,Pittsburgh,19120702,19120826,,,,,,,,,,,,,
retrosheet/1912,1912,National League,wheat,wheaz101,Wheat,Zack,,Brooklyn,19120411,19121005,,,,,,,,,,,,,
retrosheet/1912,1912,National League,white,whits102,White,Steve,,Boston,19120628,19120705,,,,,,,,,,,,,
retrosheet/1912,1912,National League,whitehouse,whitg103,Whitehouse,Gil,,Boston,19120620,19120620,,,,,,,,,,,,,
retrosheet/1912,1912,National League,whitted,whitp102,Whitted,Possum,,St. Louis,19120916,19120929,,,,,,,,,,,,,
retrosheet/1912,1912,National League,wilie,wilid101,Wilie,Denney,,St. Louis,19120414,19120707,,,,,,,,,,,,,
retrosheet/1912,1912,National League,williams,willc103,Williams,Cy,,Chicago,19120718,19120930,,,,,,,,,,,,,
retrosheet/1912,1912,National League,willis,willj103,Willis,Joe,,St. Louis,19120416,19120730,,,,,,,,,,,,,
retrosheet/1912,1912,National League,wilson-ny,wilsa102,Wilson,Art,,New York,19120411,19121015,,,,,,,,,,,,,
retrosheet/1912,1912,National League,wilson-pit,wilsc102,Wilson,Chief,,Pittsburgh,19120411,19121006,,,,,,,,,,,,,
retrosheet/1912,1912,National League,wiltse,wilth102,Wiltse,Hooks,,New York,19120417,19121004,,,,,,,,,,,,,
retrosheet/1912,1912,National League,wingo,wingi101,Wingo,Ivey,,St. Louis,19120413,19121006,,,,,,,,,,,,,
retrosheet/1912,1912,National League,woodburn,woodg103,Woodburn,Gene,,St. Louis,19120421,19120927,,,,,,,,,,,,,
retrosheet/1912,1912,National League,works,workr101,Works,Ralph,,Cincinnati,19120923,19120928,,,,,,,,,,,,,
retrosheet/1912,1912,National League,yantz,yantg101,Yantz,George,,Chicago,19120930,19120930,,,,,,,,,,,,,
retrosheet/1912,1912,National League,yingling,yinge101,Yingling,Earl,,Brooklyn,19120502,19120907,,,,,,,,,,,,,
retrosheet/1912,1912,National League,zacker,zackg101,Zackert,George,,St. Louis,19120717,19120717,,,,,,,,,,,,,
retrosheet/1912,1912,National League,zimmerman,zimmh101,Zimmerman,Heinie,,Chicago,19120412,19121006,,,,,,,,,,,,,
