source,league.year,league.name,ident,person.ref,person.name.last,person.name.given,S_STINT,entry.name,S_FIRST,S_LAST,B_G,P_G,F_1B_G,F_2B_G,F_3B_G,F_SS_G,F_OF_G,F_LF_G,F_CF_G,F_RF_G,F_C_G,F_P_G,F_ALL_G
minoraverages/1908Reach,1907,Wisconsin State League,ames,B01250,Ames,,0,Fond du Lac,,,24,,,,,,,,,,,,
minoraverages/1908Reach,1907,Wisconsin State League,bailey,B00335,Bailey,,0,Eau Claire,,,92,,,,,,,,,,,,
minoraverages/1908Reach,1907,Wisconsin State League,bailles,B01143,Bailles,,0,La Crosse,,,41,,,,,,,,,,,,
minoraverages/1908Reach,1907,Wisconsin State League,baker,B01108,Baker,,0,Madison,,,52,,,,,,,,,,,,
minoraverages/1908Reach,1907,Wisconsin State League,balliet,B00920,Balliet,,0,Wausau,,,24,,,,,,,,,,,,
minoraverages/1908Reach,1907,Wisconsin State League,balliet,B01313,Balliet,,0,Madison,,,28,,,,,,,,,,,,
minoraverages/1908Reach,1907,Wisconsin State League,becker,B01170,Becker,,0,La Crosse,,,43,,,,,,,,,,,,
minoraverages/1908Reach,1907,Wisconsin State League,bond,B01093,Bond,,0,La Crosse,,,109,,,,,,,,,,,,
minoraverages/1908Reach,1907,Wisconsin State League,boyle,B00531,Boyle,,0,Green Bay,,,73,,,,,,,,,,,,
minoraverages/1908Reach,1907,Wisconsin State League,brady,B00747,Brady,,0,Wausau,,,51,,,,,,,,,,,,
minoraverages/1908Reach,1907,Wisconsin State League,brodenhagen,B00130,Brodenhagen,,0,Wausau,,,66,,,,,,,,,,,,
minoraverages/1908Reach,1907,Wisconsin State League,brookins,B00125,Brookins,,0,Green Bay,,,30,,,,,,,,,,,,
minoraverages/1908Reach,1907,Wisconsin State League,bubser,B01078,Bubser,,0,Oshkosh,,,32,,,,,,,,,,,,
minoraverages/1908Reach,1907,Wisconsin State League,burgoise,B00475,Burgoise,,0,Oshkosh,,,111,,,,,,,,,,,,
minoraverages/1908Reach,1907,Wisconsin State League,burke,B00961,Burke,,1,La Crosse,,,,,,,,,,,,,,,
minoraverages/1908Reach,1907,Wisconsin State League,burke,B00961,Burke,,2,Eau Claire,,,,,,,,,,,,,,,
minoraverages/1908Reach,1907,Wisconsin State League,burke,B00961,Burke,,T,,,,96,,,,,,,,,,,,
minoraverages/1908Reach,1907,Wisconsin State League,cahill,B00084,Cahill,,0,La Crosse,,,115,,,,,,,,,,,,
minoraverages/1908Reach,1907,Wisconsin State League,caldwell,B00771,Caldwell,,0,Oshkosh,,,79,,,,,,,,,,,,
minoraverages/1908Reach,1907,Wisconsin State League,campbell,B00794,Campbell,,0,Wausau,,,68,,,,,,,,,,,,
minoraverages/1908Reach,1907,Wisconsin State League,carney,B00948,Carney,,0,Fond du Lac,,,35,,,,,,,,,,,,
minoraverages/1908Reach,1907,Wisconsin State League,charles,B00149,Charles,,0,Green Bay,,,18,,,,,,,,,,,,
minoraverages/1908Reach,1907,Wisconsin State League,chase,B00865,Chase,,0,Wausau,,,119,,,,,,,,,,,,
minoraverages/1908Reach,1907,Wisconsin State League,converse,B00985,Converse,,0,Oshkosh,,,36,,,,,,,,,,,,
minoraverages/1908Reach,1907,Wisconsin State League,cook,B00319,Cook,,0,Madison,,,86,,,,,,,,,,,,
minoraverages/1908Reach,1907,Wisconsin State League,corrigan,B00381,Corrigan,,0,Green Bay,,,40,,,,,,,,,,,,
minoraverages/1908Reach,1907,Wisconsin State League,crangle,B00356,Crangle,,0,Fond du Lac,,,67,,,,,,,,,,,,
minoraverages/1908Reach,1907,Wisconsin State League,cross,B00544,Cross,,0,Fond du Lac,,,20,,,,,,,,,,,,
minoraverages/1908Reach,1907,Wisconsin State League,darrah,B01181,Darrah,,0,Freeport,,,33,,,,,,,,,,,,
minoraverages/1908Reach,1907,Wisconsin State League,deisel,B00999,Deisel,,0,Fond du Lac,,,85,,,,,,,,,,,,
minoraverages/1908Reach,1907,Wisconsin State League,devlin,B00973,Devlin,,1,Freeport,,,,,,,,,,,,,,,
minoraverages/1908Reach,1907,Wisconsin State League,devlin,B00973,Devlin,,2,Fond du Lac,,,,,,,,,,,,,,,
minoraverages/1908Reach,1907,Wisconsin State League,devlin,B00973,Devlin,,T,,,,99,,,,,,,,,,,,
minoraverages/1908Reach,1907,Wisconsin State League,disch,B00021,Disch,,0,Freeport,,,75,,,,,,,,,,,,
minoraverages/1908Reach,1907,Wisconsin State League,dolan,B00403,Dolan,,0,Oshkosh,,,111,,,,,,,,,,,,
minoraverages/1908Reach,1907,Wisconsin State League,duchien,B00308,Du Chien,,0,La Crosse,,,97,,,,,,,,,,,,
researchers/blau,1907,Wisconsin State League,duchien,QBKRXBM,Duchien,Frank,,La Crosse,,,,,,,,,,,,,,,
minoraverages/1908Reach,1907,Wisconsin State League,dunber,B01197,Dunbar,,0,Fond du Lac,,,31,,,,,,,,,,,,
minoraverages/1908Reach,1907,Wisconsin State League,eberley,B00833,Eberley,,0,Eau Claire,,,72,,,,,,,,,,,,
minoraverages/1908Reach,1907,Wisconsin State League,eide,B01041,Eide,,0,Freeport,,,21,,,,,,,,,,,,
minoraverages/1908Reach,1907,Wisconsin State League,evans,B00515,Evans,,0,Freeport,,,23,,,,,,,,,,,,
minoraverages/1908Reach,1907,Wisconsin State League,ferguson,B00117,Ferguson,,0,Wausau,,,104,,,,,,,,,,,,
minoraverages/1908Reach,1907,Wisconsin State League,fiske,B00229,Fiske,,0,Freeport,,,121,,,,,,,,,,,,
minoraverages/1908Reach,1907,Wisconsin State League,fleming,B00887,Fleming,,0,Fond du Lac,,,39,,,,,,,,,,,,
minoraverages/1908Reach,1907,Wisconsin State League,flynn,B00822,Flynn,,0,La Crosse,,,40,,,,,,,,,,,,
minoraverages/1908Reach,1907,Wisconsin State League,fourscner,B00590,Fourscner,,0,Eau Claire,,,40,,,,,,,,,,,,
minoraverages/1908Reach,1907,Wisconsin State League,fox,B00207,Fox,,0,Wausau,,,102,,,,,,,,,,,,
minoraverages/1908Reach,1907,Wisconsin State League,francis,B00672,Francis,,0,Green Bay,,,22,,,,,,,,,,,,
minoraverages/1908Reach,1907,Wisconsin State League,gardner,B00553,Gardner,,0,Fond du Lac,,,82,,,,,,,,,,,,
minoraverages/1908Reach,1907,Wisconsin State League,gleason,B00589,Gleason,,0,Eau Claire,,,93,,,,,,,,,,,,
minoraverages/1908Reach,1907,Wisconsin State League,goodrich,B00416,Goodrich,,0,Fond du Lac,,,20,,,,,,,,,,,,
minoraverages/1908Reach,1907,Wisconsin State League,graves,B01007,Graves,,1,Eau Claire,,,,,,,,,,,,,,,
minoraverages/1908Reach,1907,Wisconsin State League,graves,B01007,Graves,,2,Green Bay,,,,,,,,,,,,,,,
minoraverages/1908Reach,1907,Wisconsin State League,graves,B01007,Graves,,T,,,,90,,,,,,,,,,,,
minoraverages/1908Reach,1907,Wisconsin State League,grimes,B01275,Grimes,,0,Madison,,,41,,,,,,,,,,,,
researchers/blau,1907,Wisconsin State League,grimes,FVKMRBP,Grimes,Paul,,Madison,,,,,,,,,,,,,,,
minoraverages/1908Reach,1907,Wisconsin State League,gruebner,B00502,Gruebner,,0,Madison,,,20,,,,,,,,,,,,
minoraverages/1908Reach,1907,Wisconsin State League,gwinn,B00434,Gwinn,,0,Freeport,,,38,,,,,,,,,,,,
minoraverages/1908Reach,1907,Wisconsin State League,gwinn,B00577,Gwinn,,0,Fond du Lac,,,72,,,,,,,,,,,,
researchers/blau,1907,Wisconsin State League,gwinn,KWQHVMW,Gwinn,George,,Freeport,,,,,,,,,,,,,,,
minoraverages/1908Reach,1907,Wisconsin State League,harlow,B00840,Harlow,,0,Freeport,,,97,,,,,,,,,,,,
minoraverages/1908Reach,1907,Wisconsin State League,hartman,B00488,Hartman,,0,Green Bay,,,72,,,,,,,,,,,,
minoraverages/1908Reach,1907,Wisconsin State League,hase,B00614,Hase,,0,Oshkosh,,,31,,,,,,,,,,,,
minoraverages/1908Reach,1907,Wisconsin State League,hastings-lc,B00912,Hastings,D.,0,La Crosse,,,60,,,,,,,,,,,,
minoraverages/1908Reach,1907,Wisconsin State League,hastings-gb,B01055,Hastings,C.,0,Green Bay,,,84,,,,,,,,,,,,
minoraverages/1908Reach,1907,Wisconsin State League,hazel,B00760,Hazel,,1,La Crosse,,,,,,,,,,,,,,,
minoraverages/1908Reach,1907,Wisconsin State League,hazel,B00760,Hazel,,2,Oshkosh,,,,,,,,,,,,,,,
minoraverages/1908Reach,1907,Wisconsin State League,hazel,B00760,Hazel,,T,,,,46,,,,,,,,,,,,
minoraverages/1908Reach,1907,Wisconsin State League,hille,B00255,Hille,,0,Wausau,,,125,,,,,,,,,,,,
minoraverages/1908Reach,1907,Wisconsin State League,hooker,B01288,Hooker,,0,Eau Claire,,,44,,,,,,,,,,,,
minoraverages/1908Reach,1907,Wisconsin State League,hotten,B00726,Hotten,,0,Eau Claire,,,67,,,,,,,,,,,,
minoraverages/1908Reach,1907,Wisconsin State League,ireland,B00623,Ireland,,0,Freeport,,,121,,,,,,,,,,,,
minoraverages/1908Reach,1907,Wisconsin State League,isaacs,B01227,Isaacs,,0,Fond du Lac,,,36,,,,,,,,,,,,
minoraverages/1908Reach,1907,Wisconsin State League,ives,B00068,Ives,,0,Freeport,,,92,,,,,,,,,,,,
minoraverages/1908Reach,1907,Wisconsin State League,johnson,B00528,Johnson,,0,Oshkosh,,,28,,,,,,,,,,,,
minoraverages/1908Reach,1907,Wisconsin State League,jones-mad+ec,B00783,Jones,,1,Madison,,,,,,,,,,,,,,,
minoraverages/1908Reach,1907,Wisconsin State League,jones-mad+ec,B00783,Jones,,2,Eau Claire,,,,,,,,,,,,,,,
minoraverages/1908Reach,1907,Wisconsin State League,jones-mad+ec,B00783,Jones,,T,,,,40,,,,,,,,,,,,
minoraverages/1908Reach,1907,Wisconsin State League,jones-lc,B01156,Jones,,0,La Crosse,,,45,,,,,,,,,,,,
minoraverages/1908Reach,1907,Wisconsin State League,karnell,B01242,Karnell,,1,Green Bay,,,,,,,,,,,,,,,
minoraverages/1908Reach,1907,Wisconsin State League,karnell,B01242,Karnell,,2,Fond du Lac,,,,,,,,,,,,,,,
minoraverages/1908Reach,1907,Wisconsin State League,karnell,B01242,Karnell,,T,,,,51,,,,,,,,,,,,
minoraverages/1908Reach,1907,Wisconsin State League,kernan,B01064,Kernan,,0,Green Bay,,,119,,,,,,,,,,,,
minoraverages/1908Reach,1907,Wisconsin State League,killian,B00936,Killian,,0,La Crosse,,,90,,,,,,,,,,,,
minoraverages/1908Reach,1907,Wisconsin State League,konetchy,B00013,Konetchy,,0,La Crosse,,,39,,,,,,,,,,,,
minoraverages/1908Reach,1907,Wisconsin State League,koons,B00904,Koons,,0,Fond du Lac,,,35,,,,,,,,,,,,
minoraverages/1908Reach,1907,Wisconsin State League,kroy,B00609,Kroy,,0,Wausau,,,109,,,,,,,,,,,,
minoraverages/1908Reach,1907,Wisconsin State League,lang-wau,B00566,Lang,,0,Wausau,,,58,,,,,,,,,,,,
minoraverages/1908Reach,1907,Wisconsin State League,lang-mad,B00806,Lang,,0,Madison,,,68,,,,,,,,,,,,
researchers/blau,1907,Wisconsin State League,lang-mad,SZQJHTF,Lang,,,Madison,,,,,,,,,,,,,,,
researchers/blau,1907,Wisconsin State League,lang-wau,KDKKGGJ,Lange,Frank,,Wausau,,,,,,,,,,,,,,,
minoraverages/1908Reach,1907,Wisconsin State League,lannon,B01010,Lannon,,0,Freeport,,,25,,,,,,,,,,,,
minoraverages/1908Reach,1907,Wisconsin State League,leahy,B01135,Leahy,,0,Madison,,,59,,,,,,,,,,,,
minoraverages/1908Reach,1907,Wisconsin State League,letcher,B00059,Letcher,,0,Fond du Lac,,,100,,,,,,,,,,,,
minoraverages/1908Reach,1907,Wisconsin State League,lewis,B00718,Lewis,,0,Oshkosh,,,41,,,,,,,,,,,,
researchers/blau,1907,Wisconsin State League,lewis,JRCMXMT,Lewis,W.,,Oshkosh,,,,,,,,,,,,,,,
minoraverages/1908Reach,1907,Wisconsin State League,liese,B00101,Liese,,0,Madison,,,84,,,,,,,,,,,,
minoraverages/1908Reach,1907,Wisconsin State League,lippert,B00174,Lippert,,0,Eau Claire,,,67,,,,,,,,,,,,
minoraverages/1908Reach,1907,Wisconsin State League,lynch,B00092,Lynch,,0,Eau Claire,,,115,,,,,,,,,,,,
researchers/blau,1907,Wisconsin State League,malvern,DNPPTYX,Malvern,Nick,,Madison,,,,,,,,,,,,,,,
minoraverages/1908Reach,1907,Wisconsin State League,mcauley,B00450,McAuley,,0,Wausau,,,122,,,,,,,,,,,,
researchers/blau,1907,Wisconsin State League,mcauley,VJKJYTN,McAuley,Robert,,Wausau,,,,,,,,,,,,,,,
minoraverages/1908Reach,1907,Wisconsin State League,medwtzski,B00397,Medwtzski,,0,La Crosse,,,81,,,,,,,,,,,,
minoraverages/1908Reach,1907,Wisconsin State League,miller.w-mad,B00286,Miller,W.,0,Madison,,,81,,,,,,,,,,,,
minoraverages/1908Reach,1907,Wisconsin State League,miller-osh,B01119,Miller,,0,Oshkosh,,,21,,,,,,,,,,,,
minoraverages/1908Reach,1907,Wisconsin State League,miller-wau,B01162,Miller,,0,Wausau,,,21,,,,,,,,,,,,
minoraverages/1908Reach,1907,Wisconsin State League,minhan,B01203,Minhan,,0,Green Bay,,,18,,,,,,,,,,,,
minoraverages/1908Reach,1907,Wisconsin State League,moore,B00469,Moore,,0,La Crosse,,,114,,,,,,,,,,,,
minoraverages/1908Reach,1907,Wisconsin State League,nagle,B01300,Nagle,,0,Wausau,,,38,,,,,,,,,,,,
minoraverages/1908Reach,1907,Wisconsin State League,ohayer,B00811,O'Hayer,,0,Green Bay,,,108,,,,,,,,,,,,
minoraverages/1908Reach,1907,Wisconsin State League,olaughlin,B00370,O'Laughlin,,0,Green Bay,,,16,,,,,,,,,,,,
minoraverages/1908Reach,1907,Wisconsin State League,oleary,B01032,O'Leary,,0,Eau Claire,,,92,,,,,,,,,,,,
minoraverages/1908Reach,1907,Wisconsin State League,ott,B00232,Ott,,0,Green Bay,,,91,,,,,,,,,,,,
minoraverages/1908Reach,1907,Wisconsin State League,parish,B01124,Parish,,0,Green Bay,,,35,,,,,,,,,,,,
minoraverages/1908Reach,1907,Wisconsin State League,pierce,B00362,Pierce,,0,Wausau,,,44,,,,,,,,,,,,
minoraverages/1908Reach,1907,Wisconsin State League,ramsey,B01216,Ramsey,,0,Eau Claire,,,18,,,,,,,,,,,,
minoraverages/1908Reach,1907,Wisconsin State League,reitz,B00158,Reitz,,0,Oshkosh,,,73,,,,,,,,,,,,
minoraverages/1908Reach,1907,Wisconsin State League,rogers,B00241,Rogers,,0,Fond du Lac,,,71,,,,,,,,,,,,
minoraverages/1908Reach,1907,Wisconsin State League,ryan,B00695,Ryan,,0,Fond du Lac,,,45,,,,,,,,,,,,
minoraverages/1908Reach,1907,Wisconsin State League,safford,B00196,Safford,,0,Oshkosh,,,115,,,,,,,,,,,,
minoraverages/1908Reach,1907,Wisconsin State League,sage,B01029,Sage,,0,Oshkosh,,,53,,,,,,,,,,,,
minoraverages/1908Reach,1907,Wisconsin State League,schaub,B00163,Schaub,,0,Madison,,,113,,,,,,,,,,,,
minoraverages/1908Reach,1907,Wisconsin State League,schoonhaven,B00427,Schoonhaven,,0,Freeport,,,123,,,,,,,,,,,,
researchers/blau,1907,Wisconsin State League,schriner,ZBMVTML,Schriner,F.,,Oshkosh,,,,,,,,,,,,,,,
minoraverages/1908Reach,1907,Wisconsin State League,scott,B01086,Scott,,0,Freeport,,,40,,,,,,,,,,,,
minoraverages/1908Reach,1907,Wisconsin State League,shaw,B00491,Shaw,,0,Madison,,,20,,,,,,,,,,,,
minoraverages/1908Reach,1907,Wisconsin State League,smith.e-mad,B00045,Smith,E.,0,Madison,,,18,,,,,,,,,,,,
minoraverages/1908Reach,1907,Wisconsin State League,smith.f-mad,B00739,Smith,F.,0,Madison,,,54,,,,,,,,,,,,
minoraverages/1908Reach,1907,Wisconsin State League,smith.t-ec,B01291,Smith,T.,0,Eau Claire,,,35,,,,,,,,,,,,
minoraverages/1908Reach,1907,Wisconsin State League,spanton,B00752,Spanton,,1,Fond du Lac,,,,,,,,,,,,,,,
minoraverages/1908Reach,1907,Wisconsin State League,spanton,B00752,Spanton,,2,Madison,,,,,,,,,,,,,,,
minoraverages/1908Reach,1907,Wisconsin State League,spanton,B00752,Spanton,,T,,,,97,,,,,,,,,,,,
minoraverages/1908Reach,1907,Wisconsin State League,speicer,B01321,Speicer,,0,Fond du Lac,,,26,,,,,,,,,,,,
minoraverages/1908Reach,1907,Wisconsin State League,stange,B00278,Stange,,0,Eau Claire,,,81,,,,,,,,,,,,
minoraverages/1908Reach,1907,Wisconsin State League,stark,B00646,Stark,,0,Freeport,,,123,,,,,,,,,,,,
minoraverages/1908Reach,1907,Wisconsin State League,steele,B00957,Steele,,0,Green Bay,,,42,,,,,,,,,,,,
minoraverages/1908Reach,1907,Wisconsin State League,stremmel,B00264,Stremmel,,0,Green Bay,,,58,,,,,,,,,,,,
minoraverages/1908Reach,1907,Wisconsin State League,sullivan,B00898,Sullivan,,0,Oshkosh,,,115,,,,,,,,,,,,
minoraverages/1908Reach,1907,Wisconsin State League,taylor,B00293,Taylor,,0,Green Bay,,,16,,,,,,,,,,,,
minoraverages/1908Reach,1907,Wisconsin State League,theobold,B01234,Theobold,,0,Madison,,,39,,,,,,,,,,,,
minoraverages/1908Reach,1907,Wisconsin State League,todd,B00182,Todd,,0,Wausau,,,24,,,,,,,,,,,,
minoraverages/1908Reach,1907,Wisconsin State League,tracey,B00210,Tracey,,0,La Crosse,,,16,,,,,,,,,,,,
researchers/blau,1907,Wisconsin State League,tracey,DXKJTNQ,Tracey,Grover,,La Crosse,,,,,,,,,,,,,,,
minoraverages/1908Reach,1907,Wisconsin State League,tuohy,B00343,Tuohy,,0,Eau Claire,,,26,,,,,,,,,,,,
minoraverages/1908Reach,1907,Wisconsin State League,uncapher,B00651,Uncapher,,0,Freeport,,,31,,,,,,,,,,,,
minoraverages/1908Reach,1907,Wisconsin State League,vizard,B00854,Vizard,,0,Madison,,,24,,,,,,,,,,,,
minoraverages/1908Reach,1907,Wisconsin State League,vogt,B00638,Vogt,,0,La Crosse,,,71,,,,,,,,,,,,
minoraverages/1908Reach,1907,Wisconsin State League,vospagel,B00442,Vospagel,,0,Madison,,,117,,,,,,,,,,,,
minoraverages/1908Reach,1907,Wisconsin State League,wallace,B01269,Wallace,,0,Green Bay,,,15,,,,,,,,,,,,
minoraverages/1908Reach,1907,Wisconsin State League,walters,B00667,Walters,,1,Green Bay,,,,,,,,,,,,,,,
minoraverages/1908Reach,1907,Wisconsin State League,walters,B00667,Walters,,2,Fond du Lac,,,,,,,,,,,,,,,
minoraverages/1908Reach,1907,Wisconsin State League,walters,B00667,Walters,,T,,,,102,,,,,,,,,,,,
minoraverages/1908Reach,1907,Wisconsin State League,warhop,B00324,Warhop,,0,Freeport,,,57,,,,,,,,,,,,
minoraverages/1908Reach,1907,Wisconsin State League,warren,B00705,Warren,,0,Oshkosh,,,72,,,,,,,,,,,,
minoraverages/1908Reach,1907,Wisconsin State League,watson,B00076,Watson,,0,Eau Claire,,,96,,,,,,,,,,,,
minoraverages/1908Reach,1907,Wisconsin State League,white,B00680,White,,0,Oshkosh,,,77,,,,,,,,,,,,
minoraverages/1908Reach,1907,Wisconsin State League,whitmore,B00037,Whitmore,,0,Madison,,,106,,,,,,,,,,,,
minoraverages/1908Reach,1907,Wisconsin State League,zook,B00879,Zook,,0,Wausau,,,34,,,,,,,,,,,,
