source,league.year,league.name,ident,person.ref,person.name.last,person.name.given,S_STINT,entry.name,S_FIRST,S_LAST,B_G,P_G,F_1B_G,F_2B_G,F_3B_G,F_SS_G,F_OF_G,F_LF_G,F_CF_G,F_RF_G,F_C_G,F_P_G,F_ALL_G
retrosheet/1910,1910,National League,,abbae101,Abbaticchio,Ed,,Boston,19100705,19100915,,,,,,,,,,,,,
retrosheet/1910,1910,National League,,abbae101,Abbaticchio,Ed,,Pittsburgh,19100427,19100617,,,,,,,,,,,,,
researchers/blau,1910,National League,,HDPWPGQ,Abbott,Ody,,St. Louis,,,,,,,,,,,,,,,
retrosheet/1910,1910,National League,,abboo101,Abbott,Ody,,St. Louis,19100910,19101015,,,,,,,,,,,,,
retrosheet/1910,1910,National League,,adamb104,Adams,Babe,,Pittsburgh,19100421,19101006,,,,,,,,,,,,,
retrosheet/1910,1910,National League,,albec101,Alberts,Cy,,St. Louis,19100917,19101012,,,,,,,,,,,,,
retrosheet/1910,1910,National League,,altid101,Altizer,Dave,,Cincinnati,19101004,19101009,,,,,,,,,,,,,
retrosheet/1910,1910,National League,,amesr101,Ames,Red,,New York,19100414,19101008,,,,,,,,,,,,,
retrosheet/1910,1910,National League,,andew101,Anderson,Wingo,,Cincinnati,19100416,19100601,,,,,,,,,,,,,
retrosheet/1910,1910,National League,,archj102,Archer,Jimmy,,Chicago,19100414,19101023,,,,,,,,,,,,,
retrosheet/1910,1910,National League,,backl101,Backman,Les,,St. Louis,19100415,19100828,,,,,,,,,,,,,
retrosheet/1910,1910,National League,,barbj101,Barbeau,Jap,,St. Louis,19100414,19100502,,,,,,,,,,,,,
retrosheet/1910,1910,National League,,bargc101,Barger,Cy,,Brooklyn,19100420,19101012,,,,,,,,,,,,,
retrosheet/1910,1910,National League,,batej101,Bates,Johnny,,Philadelphia,19100414,19101011,,,,,,,,,,,,,
retrosheet/1910,1910,National League,,beaug101,Beaumont,Ginger,,Chicago,19100414,19101020,,,,,,,,,,,,,
retrosheet/1910,1910,National League,,beckf101,Beck,Fred,,Boston,19100414,19101012,,,,,,,,,,,,,
retrosheet/1910,1910,National League,,beckb101,Becker,Beals,,New York,19100415,19101011,,,,,,,,,,,,,
retrosheet/1910,1910,National League,,beebf101,Beebe,Fred,,Cincinnati,19100414,19101009,,,,,,,,,,,,,
retrosheet/1910,1910,National League,,bellg101,Bell,George,,Brooklyn,19100415,19101012,,,,,,,,,,,,,
retrosheet/1910,1910,National League,,bentr102,Benton,Rube,,Cincinnati,19100628,19100910,,,,,,,,,,,,,
retrosheet/1910,1910,National League,,bergb102,Bergen,Bill,,Brooklyn,19100414,19101012,,,,,,,,,,,,,
retrosheet/1910,1910,National League,,bescb101,Bescher,Bob,,Cincinnati,19100414,19100929,,,,,,,,,,,,,
retrosheet/1910,1910,National League,,betcf101,Betcher,Frank,,St. Louis,19100521,19101013,,,,,,,,,,,,,
retrosheet/1910,1910,National League,,blisj101,Bliss,Jack,,St. Louis,19100622,19101013,,,,,,,,,,,,,
retrosheet/1910,1910,National League,,brank101,Bransfield,Kitty,,Philadelphia,19100414,19101011,,,,,,,,,,,,,
retrosheet/1910,1910,National League,,brena101,Brennan,Ad,,Philadelphia,19100519,19101010,,,,,,,,,,,,,
retrosheet/1910,1910,National League,,bresr102,Bresnahan,Roger,,St. Louis,19100414,19101015,,,,,,,,,,,,,
retrosheet/1910,1910,National League,,brida101,Bridwell,Al,,New York,19100414,19101010,,,,,,,,,,,,,
retrosheet/1910,1910,National League,,browb102,Brown,Buster,,Boston,19100415,19101003,,,,,,,,,,,,,
retrosheet/1910,1910,National League,,browm102,Brown,Mordecai,,Chicago,19100415,19101023,,,,,,,,,,,,,
retrosheet/1910,1910,National League,,burca101,Burch,Al,,Brooklyn,19100414,19101012,,,,,,,,,,,,,
retrosheet/1910,1910,National League,,burgp101,Burg,Joe,,Boston,19100926,19101012,,,,,,,,,,,,,
retrosheet/1910,1910,National League,,burks101,Burk,Sandy,,Brooklyn,19100912,19100929,,,,,,,,,,,,,
researchers/blau,1910,National League,,WFXXNRJ,Burke,William,,Boston,,,,,,,,,,,,,,,
retrosheet/1910,1910,National League,,burkb101,Burke,Billy,,Boston,19100430,19101004,,,,,,,,,,,,,
retrosheet/1910,1910,National League,,burnb101,Burns,Bill,,Cincinnati,19100608,19101008,,,,,,,,,,,,,
retrosheet/1910,1910,National League,,burnj103,Burns,Joseph,,Cincinnati,19100619,19100619,,,,,,,,,,,,,
retrosheet/1910,1910,National League,,byrnb101,Byrne,Bobby,,Pittsburgh,19100414,19101008,,,,,,,,,,,,,
retrosheet/1910,1910,National League,,camnh101,Camnitz,Howie,,Pittsburgh,19100414,19100927,,,,,,,,,,,,,
researchers/blau,1910,National League,,GRHLLWC,Campbell,Vin,,Pittsburgh,,,,,,,,,,,,,,,
retrosheet/1910,1910,National League,,campv101,Campbell,Vin,,Pittsburgh,19100421,19101009,,,,,,,,,,,,,
retrosheet/1910,1910,National League,,cantt101,Cantwell,Tom,,Cincinnati,19100417,19100524,,,,,,,,,,,,,
retrosheet/1910,1910,National League,,carem101,Carey,Max,,Pittsburgh,19101003,19101004,,,,,,,,,,,,,
retrosheet/1910,1910,National League,,carsa101,Carson,Al,,Chicago,19100506,19100512,,,,,,,,,,,,,
retrosheet/1910,1910,National League,,castj101,Castle,John,,Philadelphia,19100425,19100510,,,,,,,,,,,,,
retrosheet/1910,1910,National League,,castr101,Castleton,Roy,,Cincinnati,19100416,19100529,,,,,,,,,,,,,
retrosheet/1910,1910,National League,,chalg101,Chalmers,George,,Philadelphia,19100921,19101011,,,,,,,,,,,,,
retrosheet/1910,1910,National League,,chamb102,Chambers,Bill,,St. Louis,19100711,19100711,,,,,,,,,,,,,
retrosheet/1910,1910,National League,,chanf101,Chance,Frank,,Chicago,19100414,19101023,,,,,,,,,,,,,
retrosheet/1910,1910,National League,,charc101,Charles,Chappy,,Cincinnati,19100520,19100523,,,,,,,,,,,,,
retrosheet/1910,1910,National League,,cheeh101,Cheek,Harry,,Philadelphia,19100430,19100512,,,,,,,,,,,,,
retrosheet/1910,1910,National League,,clarf101,Clarke,Fred,,Pittsburgh,19100414,19100926,,,,,,,,,,,,,
retrosheet/1910,1910,National League,,clart101,Clarke,Tommy,,Cincinnati,19100414,19101009,,,,,,,,,,,,,
retrosheet/1910,1910,National League,,colek101,Cole,King,,Chicago,19100416,19101022,,,,,,,,,,,,,
retrosheet/1910,1910,National League,,collb101,Collins,Bill,,Boston,19100414,19101012,,,,,,,,,,,,,
retrosheet/1910,1910,National League,,coonb101,Cooney,Bill,,Boston,19100420,19100502,,,,,,,,,,,,,
retrosheet/1910,1910,National League,,corcm101,Corcoran,Mickey,,Cincinnati,19100915,19101009,,,,,,,,,,,,,
retrosheet/1910,1910,National League,,corrf101,Corridon,Frank,,St. Louis,19100415,19100907,,,,,,,,,,,,,
retrosheet/1910,1910,National League,,coulb101,Coulson,Bob,,Brooklyn,19100915,19101012,,,,,,,,,,,,,
retrosheet/1910,1910,National League,,coveh101,Coveleski,Harry,,Cincinnati,19100415,19100928,,,,,,,,,,,,,
retrosheet/1910,1910,National League,,crabg101,Crable,George,,Brooklyn,19100803,19100820,,,,,,,,,,,,,
retrosheet/1910,1910,National League,,crand101,Crandall,Doc,,New York,19100415,19101004,,,,,,,,,,,,,
retrosheet/1910,1910,National League,,cromn101,Crompton,Ned,,Cincinnati,19101008,19101008,,,,,,,,,,,,,
retrosheet/1910,1910,National League,,culpb101,Culp,Bill,,Philadelphia,19100908,19101011,,,,,,,,,,,,,
retrosheet/1910,1910,National League,,curtc101,Curtis,Cliff,,Boston,19100415,19101008,,,,,,,,,,,,,
retrosheet/1910,1910,National League,,dahlb102,Dahlen,Bill,,Brooklyn,19100429,19100608,,,,,,,,,,,,,
retrosheet/1910,1910,National League,,daltj101,Dalton,Jack,,Brooklyn,19100620,19101006,,,,,,,,,,,,,
retrosheet/1910,1910,National League,,daubj101,Daubert,Jake,,Brooklyn,19100414,19101012,,,,,,,,,,,,,
retrosheet/1910,1910,National League,,davib107,Davidson,Bill,,Brooklyn,19100415,19101012,,,,,,,,,,,,,
retrosheet/1910,1910,National League,,dessr101,Dessau,Rube,,Brooklyn,19100426,19101012,,,,,,,,,,,,,
retrosheet/1910,1910,National League,,devla101,Devlin,Art,,New York,19100414,19101011,,,,,,,,,,,,,
retrosheet/1910,1910,National League,,devoj101,Devore,Josh,,New York,19100414,19101011,,,,,,,,,,,,,
retrosheet/1910,1910,National League,,dickw101,Dickson,Walt,,New York,19100426,19100913,,,,,,,,,,,,,
retrosheet/1910,1910,National League,,dooir101,Dooin,Red,,Philadelphia,19100414,19101008,,,,,,,,,,,,,
retrosheet/1910,1910,National League,,doolm101,Doolin,Mickey,,Philadelphia,19100414,19101011,,,,,,,,,,,,,
retrosheet/1910,1910,National League,,dowdk101,Dowd,Skip,,Pittsburgh,19100705,19100705,,,,,,,,,,,,,
retrosheet/1910,1910,National League,,downt101,Downey,Tom,,Cincinnati,19100414,19101002,,,,,,,,,,,,,
retrosheet/1910,1910,National League,,doylj106,Doyle,Slow Joe,,Cincinnati,19100601,19100625,,,,,,,,,,,,,
retrosheet/1910,1910,National League,,doylj107,Doyle,Jim,,Cincinnati,19100504,19100609,,,,,,,,,,,,,
retrosheet/1910,1910,National League,,doyll101,Doyle,Larry,,New York,19100414,19101011,,,,,,,,,,,,,
retrosheet/1910,1910,National League,,drucl101,Drucke,Louis,,New York,19100423,19101006,,,,,,,,,,,,,
retrosheet/1910,1910,National League,,egand102,Egan,Dick,,Cincinnati,19100414,19101002,,,,,,,,,,,,,
retrosheet/1910,1910,National League,,ellir104,Elliott,Rowdy,,Boston,19100924,19100929,,,,,,,,,,,,,
retrosheet/1910,1910,National League,,ellir102,Ellis,Rube,,St. Louis,19100414,19101013,,,,,,,,,,,,,
retrosheet/1910,1910,National League,,erwit101,Erwin,Tex,,Brooklyn,19100415,19101003,,,,,,,,,,,,,
retrosheet/1910,1910,National League,,evanc101,Evans,Chick,,Boston,19100414,19100827,,,,,,,,,,,,,
retrosheet/1910,1910,National League,,evans101,Evans,Steve,,St. Louis,19100414,19101015,,,,,,,,,,,,,
retrosheet/1910,1910,National League,,everj102,Evers,Johnny,,Chicago,19100414,19101001,,,,,,,,,,,,,
retrosheet/1910,1910,National League,,ewinb102,Ewing,Bob,,Philadelphia,19100426,19101008,,,,,,,,,,,,,
retrosheet/1910,1910,National League,,fergg101,Ferguson,Cecil,,Boston,19100502,19101012,,,,,,,,,,,,,
retrosheet/1910,1910,National League,,ferrj101,Ferry,Jack,,Pittsburgh,19100904,19101008,,,,,,,,,,,,,
retrosheet/1910,1910,National League,,flahp101,Flaherty,Patsy,,Philadelphia,19100531,19100601,,,,,,,,,,,,,
retrosheet/1910,1910,National League,,fleta101,Fletcher,Art,,New York,19100502,19101011,,,,,,,,,,,,,
retrosheet/1910,1910,National League,,flynj102,Flynn,John,,Pittsburgh,19100422,19100920,,,,,,,,,,,,,
retrosheet/1910,1910,National League,,foxeb101,Foxen,Bill,,Chicago,19100805,19100827,,,,,,,,,,,,,
retrosheet/1910,1910,National League,,foxeb101,Foxen,Bill,,Philadelphia,19100416,19100727,,,,,,,,,,,,,
retrosheet/1910,1910,National League,,frocs101,Frock,Sam,,Boston,19100502,19101012,,,,,,,,,,,,,
retrosheet/1910,1910,National League,,frocs101,Frock,Sam,,Pittsburgh,19100415,19100415,,,,,,,,,,,,,
retrosheet/1910,1910,National League,,froma101,Fromme,Art,,Cincinnati,19100510,19100927,,,,,,,,,,,,,
retrosheet/1910,1910,National League,,gasph101,Gaspar,Harry,,Cincinnati,19100417,19101002,,,,,,,,,,,,,
retrosheet/1910,1910,National League,,getzg101,Getz,Gus,,Boston,19100429,19101012,,,,,,,,,,,,,
retrosheet/1910,1910,National League,,geyer101,Geyer,Rube,,St. Louis,19100424,19100803,,,,,,,,,,,,,
retrosheet/1910,1910,National League,,gibsg101,Gibson,George,,Pittsburgh,19100414,19101008,,,,,,,,,,,,,
retrosheet/1910,1910,National League,,girac101,Girard,Charlie,,Philadelphia,19100914,19101011,,,,,,,,,,,,,
retrosheet/1910,1910,National League,,goldr101,Golden,Roy,,St. Louis,19100907,19101011,,,,,,,,,,,,,
retrosheet/1910,1910,National League,,goodr101,Good,Ralph,,Boston,19100701,19100724,,,,,,,,,,,,,
retrosheet/1910,1910,National League,,goodw101,Good,Wilbur,,Boston,19100915,19101012,,,,,,,,,,,,,
retrosheet/1910,1910,National League,,gowdh101,Gowdy,Hank,,New York,19100913,19101011,,,,,,,,,,,,,
retrosheet/1910,1910,National League,,grahp101,Graham,Peaches,,Boston,19100414,19101012,,,,,,,,,,,,,
retrosheet/1910,1910,National League,,grane101,Grant,Eddie,,Philadelphia,19100414,19101011,,,,,,,,,,,,,
retrosheet/1910,1910,National League,,grifc101,Griffith,Clark,,Cincinnati,19100530,19100530,,,,,,,,,,,,,
retrosheet/1910,1910,National League,,harmb101,Harmon,Bob,,St. Louis,19100417,19101008,,,,,,,,,,,,,
retrosheet/1910,1910,National League,,hausa101,Hauser,Arnold,,St. Louis,19100421,19101015,,,,,,,,,,,,,
retrosheet/1910,1910,National League,,hearb102,Hearn,Bunny,,St. Louis,19100917,19101010,,,,,,,,,,,,,
retrosheet/1910,1910,National League,,hende102,Hendricks,Ed,,New York,19100915,19101011,,,,,,,,,,,,,
retrosheet/1910,1910,National League,,herzb101,Herzog,Buck,,Boston,19100414,19100920,,,,,,,,,,,,,
retrosheet/1910,1910,National League,,higge101,Higgins,Eddie,,St. Louis,19100424,19100731,,,,,,,,,,,,,
retrosheet/1910,1910,National League,,hobld101,Hoblitzell,Dick,,Cincinnati,19100414,19101009,,,,,,,,,,,,,
retrosheet/1910,1910,National League,,hofms101,Hofman,Solly,,Chicago,19100414,19101023,,,,,,,,,,,,,
retrosheet/1910,1910,National League,,huggm101,Huggins,Miller,,St. Louis,19100414,19101015,,,,,,,,,,,,,
retrosheet/1910,1910,National League,,hulsr101,Hulswitt,Rudy,,St. Louis,19100414,19100825,,,,,,,,,,,,,
retrosheet/1910,1910,National League,,hummj101,Hummel,John,,Brooklyn,19100414,19101012,,,,,,,,,,,,,
retrosheet/1910,1910,National League,,humpb101,Humphries,Bert,,Philadelphia,19100416,19100516,,,,,,,,,,,,,
retrosheet/1910,1910,National League,,huntg101,Hunter,George,,Brooklyn,19100509,19100509,,,,,,,,,,,,,
retrosheet/1910,1910,National League,,hyath101,Hyatt,Ham,,Pittsburgh,19100415,19101008,,,,,,,,,,,,,
retrosheet/1910,1910,National League,,jackf101,Jacklitsch,Fred,,Philadelphia,19100414,19101001,,,,,,,,,,,,,
retrosheet/1910,1910,National League,,jordt101,Jordan,Tim,,Brooklyn,19100415,19100502,,,,,,,,,,,,,
retrosheet/1910,1910,National League,,kadij101,Kading,Jack,,Pittsburgh,19100912,19100928,,,,,,,,,,,,,
retrosheet/1910,1910,National League,,kanej103,Kane,John,,Chicago,19100415,19101022,,,,,,,,,,,,,
retrosheet/1910,1910,National League,,keelw101,Keeler,Willie,,New York,19100515,19100905,,,,,,,,,,,,,
retrosheet/1910,1910,National League,,kellb104,Kelly,Billy,,St. Louis,19100502,19100525,,,,,,,,,,,,,
retrosheet/1910,1910,National League,,klawa101,Klawitter,Al,,New York,19100505,19100505,,,,,,,,,,,,,
retrosheet/1910,1910,National League,,klinj101,Kling,Johnny,,Chicago,19100508,19101023,,,,,,,,,,,,,
retrosheet/1910,1910,National League,,knabo101,Knabe,Otto,,Philadelphia,19100414,19101011,,,,,,,,,,,,,
retrosheet/1910,1910,National League,,knete101,Knetzer,Elmer,,Brooklyn,19100531,19101008,,,,,,,,,,,,,
retrosheet/1910,1910,National League,,konee101,Konetchy,Ed,,St. Louis,19100414,19101015,,,,,,,,,,,,,
retrosheet/1910,1910,National League,,konnm101,Konnick,Mike,,Cincinnati,19100524,19100524,,,,,,,,,,,,,
retrosheet/1910,1910,National League,,krohr101,Kroh,Rube,,Chicago,19100511,19100805,,,,,,,,,,,,,
retrosheet/1910,1910,National League,,kruga101,Kruger,Art,,Boston,19100721,19100721,,,,,,,,,,,,,
retrosheet/1910,1910,National League,,lakef101,Lake,Fred,,Boston,19100509,19100528,,,,,,,,,,,,,
retrosheet/1910,1910,National League,,leact101,Leach,Tommy,,Pittsburgh,19100414,19101009,,,,,,,,,,,,,
retrosheet/1910,1910,National League,,leevs101,Leever,Sam,,Pittsburgh,19100417,19100926,,,,,,,,,,,,,
retrosheet/1910,1910,National League,,leifl101,Leifield,Lefty,,Pittsburgh,19100415,19101007,,,,,,,,,,,,,
retrosheet/1910,1910,National League,,lenne102,Lennox,Ed,,Brooklyn,19100414,19100930,,,,,,,,,,,,,
retrosheet/1910,1910,National League,,liesf101,Liese,Fred,,Boston,19100414,19100426,,,,,,,,,,,,,
retrosheet/1910,1910,National League,,lobeh101,Lobert,Hans,,Cincinnati,19100414,19101009,,,,,,,,,,,,,
retrosheet/1910,1910,National League,,ludef101,Luderus,Fred,,Chicago,19100415,19100727,,,,,,,,,,,,,
retrosheet/1910,1910,National League,,ludef101,Luderus,Fred,,Philadelphia,19100803,19100905,,,,,,,,,,,,,
retrosheet/1910,1910,National League,,lumlh101,Lumley,Harry,,Brooklyn,19100414,19100519,,,,,,,,,,,,,
retrosheet/1910,1910,National League,,lushe101,Lush,Ernie,,St. Louis,19100720,19100720,,,,,,,,,,,,,
retrosheet/1910,1910,National League,,lushj101,Lush,Johnny,,St. Louis,19100420,19101013,,,,,,,,,,,,,
retrosheet/1910,1910,National League,,maddn101,Maddox,Nick,,Pittsburgh,19100505,19100912,,,,,,,,,,,,,
retrosheet/1910,1910,National League,,mages101,Magee,Sherry,,Philadelphia,19100414,19101010,,,,,,,,,,,,,
retrosheet/1910,1910,National League,,marqr102,Marquard,Rube,,New York,19100421,19101011,,,,,,,,,,,,,
retrosheet/1910,1910,National League,,martd102,Martel,Doc,,Boston,19100414,19100618,,,,,,,,,,,,,
retrosheet/1910,1910,National League,,mathc102,Mathewson,Christy,,New York,19100416,19101008,,,,,,,,,,,,,
retrosheet/1910,1910,National League,,matta101,Mattern,Al,,Boston,19100414,19101006,,,,,,,,,,,,,
retrosheet/1910,1910,National League,,mccas101,McCabe,Swat,,Cincinnati,19100414,19100520,,,,,,,,,,,,,
retrosheet/1910,1910,National League,,mccaa103,McCarthy,Alex,,Pittsburgh,19101007,19101009,,,,,,,,,,,,,
retrosheet/1910,1910,National League,,mcdoe102,McDonough,Ed,,Philadelphia,19100425,19101011,,,,,,,,,,,,,
retrosheet/1910,1910,National League,,mcelp101,McElveen,Pryor,,Brooklyn,19100427,19101012,,,,,,,,,,,,,
retrosheet/1910,1910,National League,,mcinh101,McIntire,Harry,,Chicago,19100417,19101020,,,,,,,,,,,,,
retrosheet/1910,1910,National League,,mckeb101,McKechnie,Bill,,Pittsburgh,19100512,19101009,,,,,,,,,,,,,
retrosheet/1910,1910,National League,,mclel101,McLean,Larry,,Cincinnati,19100421,19101008,,,,,,,,,,,,,
retrosheet/1910,1910,National League,,mcmit101,McMillan,Tommy,,Brooklyn,19100414,19100527,,,,,,,,,,,,,
retrosheet/1910,1910,National League,,mcmit101,McMillan,Tommy,,Cincinnati,19100625,19101003,,,,,,,,,,,,,
retrosheet/1910,1910,National League,,mcqug103,McQuillan,George,,Philadelphia,19100414,19100813,,,,,,,,,,,,,
retrosheet/1910,1910,National League,,meinb101,Meinke,Bob,,Cincinnati,19100822,19100903,,,,,,,,,,,,,
retrosheet/1910,1910,National League,,mercj102,Mercer,Jack,,Pittsburgh,19100802,19100802,,,,,,,,,,,,,
retrosheet/1910,1910,National League,,merkf101,Merkle,Fred,,New York,19100414,19101010,,,,,,,,,,,,,
retrosheet/1910,1910,National League,,meyec101,Meyers,Chief,,New York,19100416,19101010,,,,,,,,,,,,,
retrosheet/1910,1910,National League,,milld102,Miller,Dots,,Pittsburgh,19100414,19101009,,,,,,,,,,,,,
retrosheet/1910,1910,National League,,milld106,Miller,Doc,,Boston,19100513,19101012,,,,,,,,,,,,,
retrosheet/1910,1910,National League,,milld106,Miller,Doc,,Chicago,19100504,19100504,,,,,,,,,,,,,
retrosheet/1910,1910,National League,,millf101,Miller,Fred,,Brooklyn,19100708,19100815,,,,,,,,,,,,,
retrosheet/1910,1910,National League,,millo103,Miller,Otto,,Brooklyn,19100716,19101012,,,,,,,,,,,,,
retrosheet/1910,1910,National League,,millw104,Miller,Ward,,Cincinnati,19100415,19101009,,,,,,,,,,,,,
retrosheet/1910,1910,National League,,mitcm102,Mitchell,Mike,,Cincinnati,19100414,19101009,,,,,,,,,,,,,
researchers/blau,1910,National League,,PVHFDRP,Moore,Gene,,Pittsburgh,,,,,,,,,,,,,,,
retrosheet/1910,1910,National League,,moore103,Moore,Earl,,Philadelphia,19100416,19101008,,,,,,,,,,,,,
retrosheet/1910,1910,National League,,moorg103,Moore,Gene,,Pittsburgh,19100423,19100525,,,,,,,,,,,,,
retrosheet/1910,1910,National League,,morah101,Moran,Herbie,,Boston,19100414,19100512,,,,,,,,,,,,,
retrosheet/1910,1910,National League,,morap101,Moran,Pat,,Philadelphia,19100517,19101011,,,,,,,,,,,,,
retrosheet/1910,1910,National League,,morel101,Moren,Lew,,Philadelphia,19100415,19100923,,,,,,,,,,,,,
retrosheet/1910,1910,National League,,moroj101,Moroney,Jim,,Philadelphia,19100415,19100706,,,,,,,,,,,,,
retrosheet/1910,1910,National League,,mowrm101,Mowrey,Mike,,St. Louis,19100423,19101015,,,,,,,,,,,,,
retrosheet/1910,1910,National League,,murrr103,Murray,Red,,New York,19100414,19101011,,,,,,,,,,,,,
retrosheet/1910,1910,National League,,needt101,Needham,Tom,,Chicago,19100416,19101020,,,,,,,,,,,,,
retrosheet/1910,1910,National League,,oconp102,O'Connor,Paddy,,Pittsburgh,19100514,19100926,,,,,,,,,,,,,
retrosheet/1910,1910,National League,,oharb101,O'Hara,Bill,,St. Louis,19100414,19100508,,,,,,,,,,,,,
retrosheet/1910,1910,National League,,oaker101,Oakes,Rebel,,St. Louis,19100414,19101015,,,,,,,,,,,,,
retrosheet/1910,1910,National League,,overo101,Overall,Orval,,Chicago,19100414,19101017,,,,,,,,,,,,,
retrosheet/1910,1910,National League,,parsj102,Parson,Jiggs,,Boston,19100516,19101012,,,,,,,,,,,,,
retrosheet/1910,1910,National League,,paskd101,Paskert,Dode,,Cincinnati,19100416,19101009,,,,,,,,,,,,,
researchers/blau,1910,National League,,ZKDRZFT,Patton,Harry,,St. Louis,,,,,,,,,,,,,,,
retrosheet/1910,1910,National League,,patth102,Patton,Harry,,St. Louis,19100822,19100822,,,,,,,,,,,,,
retrosheet/1910,1910,National League,,pfeff102,Pfeffer,Big Jeff,,Chicago,19100502,19101013,,,,,,,,,,,,,
retrosheet/1910,1910,National League,,pfiej101,Pfiester,Jack,,Chicago,19100420,19101020,,,,,,,,,,,,,
retrosheet/1910,1910,National League,,phela101,Phelan,Art,,Cincinnati,19100625,19101004,,,,,,,,,,,,,
retrosheet/1910,1910,National League,,phele101,Phelps,Ed,,St. Louis,19100415,19101013,,,,,,,,,,,,,
retrosheet/1910,1910,National League,,phild101,Phillippe,Deacon,,Pittsburgh,19100421,19101006,,,,,,,,,,,,,
retrosheet/1910,1910,National League,,pickc102,Pickett,Charlie,,St. Louis,19100621,19100624,,,,,,,,,,,,,
retrosheet/1910,1910,National League,,poweb102,Powell,Bill,,Pittsburgh,19100422,19100711,,,,,,,,,,,,,
retrosheet/1910,1910,National League,,ralej101,Raleigh,John,,St. Louis,19100621,19100712,,,,,,,,,,,,,
retrosheet/1910,1910,National League,,rarib101,Rariden,Bill,,Boston,19100428,19101012,,,,,,,,,,,,,
retrosheet/1910,1910,National League,,raymb101,Raymond,Bugs,,New York,19100415,19100718,,,,,,,,,,,,,
retrosheet/1910,1910,National League,,reule101,Reulbach,Ed,,Chicago,19100609,19101020,,,,,,,,,,,,,
retrosheet/1910,1910,National League,,richl102,Richie,Lew,,Boston,19100423,19100512,,,,,,,,,,,,,
retrosheet/1910,1910,National League,,richl102,Richie,Lew,,Chicago,19100514,19101018,,,,,,,,,,,,,
retrosheet/1910,1910,National League,,riege101,Rieger,Elmer,,St. Louis,19100420,19100720,,,,,,,,,,,,,
retrosheet/1910,1910,National League,,rilej102,Riley,Jim,,Boston,19100802,19100802,,,,,,,,,,,,,
retrosheet/1910,1910,National League,,robir101,Robinson,Rabbit,,Cincinnati,19100608,19100609,,,,,,,,,,,,,
retrosheet/1910,1910,National League,,rothf101,Roth,Frank,,Cincinnati,19100415,19101009,,,,,,,,,,,,,
retrosheet/1910,1910,National League,,rowaj101,Rowan,Jack,,Cincinnati,19100416,19101004,,,,,,,,,,,,,
retrosheet/1910,1910,National League,,ruckn101,Rucker,Nap,,Brooklyn,19100414,19101008,,,,,,,,,,,,,
retrosheet/1910,1910,National League,,rudod101,Rudolph,Dick,,New York,19100930,19101010,,,,,,,,,,,,,
retrosheet/1910,1910,National League,,salls101,Sallee,Slim,,St. Louis,19100514,19100724,,,,,,,,,,,,,
retrosheet/1910,1910,National League,,scand101,Scanlan,Doc,,Brooklyn,19100415,19101001,,,,,,,,,,,,,
retrosheet/1910,1910,National League,,schel102,Schettler,Lou,,Philadelphia,19100425,19101001,,,,,,,,,,,,,
retrosheet/1910,1910,National League,,schla101,Schlei,Admiral,,New York,19100414,19100928,,,,,,,,,,,,,
retrosheet/1910,1910,National League,,schnf101,Schneiberg,Frank,,Brooklyn,19100608,19100608,,,,,,,,,,,,,
retrosheet/1910,1910,National League,,schuf103,Schulte,Frank,,Chicago,19100414,19101023,,,,,,,,,,,,,
retrosheet/1910,1910,National League,,sellr101,Sellers,Rube,,Boston,19100812,19101004,,,,,,,,,,,,,
retrosheet/1910,1910,National League,,seymc101,Seymour,Cy,,New York,19100414,19100817,,,,,,,,,,,,,
retrosheet/1910,1910,National League,,shaft102,Shafer,Tillie,,New York,19100421,19101011,,,,,,,,,,,,,
retrosheet/1910,1910,National League,,sharb101,Sharpe,Bud,,Boston,19100502,19100924,,,,,,,,,,,,,
retrosheet/1910,1910,National League,,sharb101,Sharpe,Bud,,Pittsburgh,19100414,19100421,,,,,,,,,,,,,
retrosheet/1910,1910,National League,,shead101,Shean,Dave,,Boston,19100414,19101012,,,,,,,,,,,,,
retrosheet/1910,1910,National League,,shecj101,Sheckard,Jimmy,,Chicago,19100415,19101023,,,,,,,,,,,,,
retrosheet/1910,1910,National League,,simom102,Simon,Mike,,Pittsburgh,19100604,19101009,,,,,,,,,,,,,
retrosheet/1910,1910,National League,,slagw101,Slagle,Walt,,Cincinnati,19100504,19100504,,,,,,,,,,,,,
retrosheet/1910,1910,National League,,slaub101,Slaughter,Barney,,Philadelphia,19100809,19101011,,,,,,,,,,,,,
retrosheet/1910,1910,National League,,smith101,Smith,Happy,,Brooklyn,19100415,19100722,,,,,,,,,,,,,
retrosheet/1910,1910,National League,,smith104,Smith,Harry,,Boston,19100414,19100915,,,,,,,,,,,,,
retrosheet/1910,1910,National League,,smitt101,Smith,Tony,,Brooklyn,19100415,19100926,,,,,,,,,,,,,
retrosheet/1910,1910,National League,,snodf101,Snodgrass,Fred,,New York,19100425,19101011,,,,,,,,,,,,,
retrosheet/1910,1910,National League,,spadb101,Spade,Bob,,Cincinnati,19100425,19100530,,,,,,,,,,,,,
retrosheet/1910,1910,National League,,spart101,Sparks,Tully,,Philadelphia,19100520,19100608,,,,,,,,,,,,,
retrosheet/1910,1910,National League,,stace101,Stack,Eddie,,Philadelphia,19100607,19100915,,,,,,,,,,,,,
retrosheet/1910,1910,National League,,stard101,Stark,Dolly,,Brooklyn,19100902,19101012,,,,,,,,,,,,,
retrosheet/1910,1910,National League,,steeb102,Steele,Bill,,St. Louis,19100910,19101015,,,,,,,,,,,,,
retrosheet/1910,1910,National League,,steee101,Steele,Elmer,,Pittsburgh,19100928,19101008,,,,,,,,,,,,,
retrosheet/1910,1910,National League,,steih101,Steinfeldt,Harry,,Chicago,19100414,19101023,,,,,,,,,,,,,
retrosheet/1910,1910,National League,,suggg101,Suggs,George,,Cincinnati,19100415,19101003,,,,,,,,,,,,,
retrosheet/1910,1910,National League,,sweeb102,Sweeney,Bill,,Boston,19100414,19101008,,,,,,,,,,,,,
retrosheet/1910,1910,National League,,thomr101,Thomas,Roy,,Philadelphia,19100628,19100928,,,,,,,,,,,,,
retrosheet/1910,1910,National League,,tinkj101,Tinker,Joe,,Chicago,19100414,19101023,,,,,,,,,,,,,
retrosheet/1910,1910,National League,,tituj101,Titus,John,,Philadelphia,19100414,19101011,,,,,,,,,,,,,
retrosheet/1910,1910,National League,,tylel101,Tyler,Lefty,,Boston,19100920,19100923,,,,,,,,,,,,,
retrosheet/1910,1910,National League,,wagnh101,Wagner,Honus,,Pittsburgh,19100414,19101009,,,,,,,,,,,,,
retrosheet/1910,1910,National League,,walkm102,Walker,Mysterious,,Cincinnati,19100628,19100628,,,,,,,,,,,,,
retrosheet/1910,1910,National League,,walsj101,Walsh,Jimmy,,Philadelphia,19100425,19101011,,,,,,,,,,,,,
retrosheet/1910,1910,National League,,wardj102,Ward,Joe,,Philadelphia,19100415,19100707,,,,,,,,,,,,,
retrosheet/1910,1910,National League,,weavo101,Weaver,Orlie,,Chicago,19100914,19101015,,,,,,,,,,,,,
retrosheet/1910,1910,National League,,webbl101,Webb,Lefty,,Pittsburgh,19100523,19100805,,,,,,,,,,,,,
retrosheet/1910,1910,National League,,wheaz101,Wheat,Zack,,Brooklyn,19100414,19101012,,,,,,,,,,,,,
retrosheet/1910,1910,National League,,wheeg103,Wheeler,George,,Cincinnati,19100727,19100803,,,,,,,,,,,,,
retrosheet/1910,1910,National League,,whitk101,White,Kirby,,Boston,19100416,19100427,,,,,,,,,,,,,
retrosheet/1910,1910,National League,,whitk101,White,Kirby,,Pittsburgh,19100504,19101009,,,,,,,,,,,,,
retrosheet/1910,1910,National League,,wilhk101,Wilhelm,Kaiser,,Brooklyn,19100416,19100721,,,,,,,,,,,,,
retrosheet/1910,1910,National League,,willv101,Willis,Vic,,St. Louis,19100414,19100905,,,,,,,,,,,,,
retrosheet/1910,1910,National League,,wilsa102,Wilson,Art,,New York,19100422,19101011,,,,,,,,,,,,,
retrosheet/1910,1910,National League,,wilsc102,Wilson,Chief,,Pittsburgh,19100414,19101009,,,,,,,,,,,,,
retrosheet/1910,1910,National League,,wilth102,Wiltse,Hooks,,New York,19100420,19101003,,,,,,,,,,,,,
retrosheet/1910,1910,National League,,woods102,Woodruff,Sam,,Cincinnati,19100613,19100717,,,,,,,,,,,,,
retrosheet/1910,1910,National League,,zache101,Zacher,Elmer,,New York,19100430,19100430,,,,,,,,,,,,,
retrosheet/1910,1910,National League,,zache101,Zacher,Elmer,,St. Louis,19100516,19100825,,,,,,,,,,,,,
retrosheet/1910,1910,National League,,zimmh101,Zimmerman,Heinie,,Chicago,19100429,19101023,,,,,,,,,,,,,
retrosheet/1910,1910,National League,,zmice101,Zmich,Ed,,St. Louis,19100723,19100920,,,,,,,,,,,,,
