source,league.year,league.name,ident,person.ref,person.name.last,person.name.given,S_STINT,entry.name,S_FIRST,S_LAST,B_G,P_G,F_1B_G,F_2B_G,F_3B_G,F_SS_G,F_OF_G,F_LF_G,F_CF_G,F_RF_G,F_C_G,F_P_G,F_ALL_G
retrosheet/1916,1916,American League,,acosm101,Acosta,Merito,,Washington,19160725,19160730,,,,,,,,,,,,,
retrosheet/1916,1916,American League,,agnes101,Agnew,Sam,,Boston,19160413,19161003,,,,,,,,,,,,,
researchers/mcconnell,1916,American League,,CYKQXPR,Ainsmith,Edward,,Washington,,,,,,,,,,,,,,,
retrosheet/1916,1916,American League,,ainse101,Ainsmith,Eddie,,Washington,19160422,19161004,,,,,,,,,,,,,
retrosheet/1916,1916,American League,,alexw101,Alexander,Walt,,New York,19160421,19161004,,,,,,,,,,,,,
retrosheet/1916,1916,American League,,allim101,Allison,Milo,,Cleveland,19160913,19161001,,,,,,,,,,,,,
retrosheet/1916,1916,American League,,araga101,Aragon,Angel,,New York,19160810,19161002,,,,,,,,,,,,,
researchers/mcconnell,1916,American League,,BGPBXQB,Austin,James,,St. Louis,,,,,,,,,,,,,,,
retrosheet/1916,1916,American League,,austj101,Austin,Jimmy,,St. Louis,19160413,19161001,,,,,,,,,,,,,
retrosheet/1916,1916,American League,,ayerd101,Ayers,Doc,,Washington,19160417,19161004,,,,,,,,,,,,,
retrosheet/1916,1916,American League,,bagbj101,Bagby,Jim,,Cleveland,19160412,19160930,,,,,,,,,,,,,
retrosheet/1916,1916,American League,,baked102,Baker,Del,,Detroit,19160415,19160930,,,,,,,,,,,,,
retrosheet/1916,1916,American League,,bakef102,Baker,Home Run,,New York,19160412,19161004,,,,,,,,,,,,,
retrosheet/1916,1916,American League,,barbw101,Barbare,Walter,,Cleveland,19160913,19160930,,,,,,,,,,,,,
researchers/mcconnell,1916,American League,,YRMGSVR,Barber,Tyrus,,Washington,,,,,,,,,,,,,,,
retrosheet/1916,1916,American League,,barbt101,Barber,Turner,,Washington,19160421,19160719,,,,,,,,,,,,,
retrosheet/1916,1916,American League,,barrj104,Barry,Jack,,Boston,19160412,19160829,,,,,,,,,,,,,
retrosheet/1916,1916,American League,,baump101,Baumann,Paddy,,New York,19160421,19160930,,,,,,,,,,,,,
retrosheet/1916,1916,American League,,baumg101,Baumgardner,George,,St. Louis,19160530,19160715,,,,,,,,,,,,,
retrosheet/1916,1916,American League,,beebf101,Beebe,Fred,,Cleveland,19160626,19160930,,,,,,,,,,,,,
retrosheet/1916,1916,American League,,bentj101,Bentley,Jack,,Washington,19160426,19160817,,,,,,,,,,,,,
retrosheet/1916,1916,American League,,benzj101,Benz,Joe,,Chicago,19160416,19160923,,,,,,,,,,,,,
retrosheet/1916,1916,American League,,berga101,Bergman,Al,,Cleveland,19160829,19160912,,,,,,,,,,,,,
retrosheet/1916,1916,American League,,billj103,Billings,Josh,,Cleveland,19160418,19160711,,,,,,,,,,,,,
retrosheet/1916,1916,American League,,boehg101,Boehler,George,,Detroit,19160415,19160516,,,,,,,,,,,,,
retrosheet/1916,1916,American League,,boehj101,Boehling,Joe,,Cleveland,19160819,19160930,,,,,,,,,,,,,
retrosheet/1916,1916,American League,,boehj101,Boehling,Joe,,Washington,19160419,19160817,,,,,,,,,,,,,
retrosheet/1916,1916,American League,,bolab101,Boland,Bernie,,Detroit,19160413,19160930,,,,,,,,,,,,,
retrosheet/1916,1916,American League,,boonl101,Boone,Luke,,New York,19160422,19160823,,,,,,,,,,,,,
retrosheet/1916,1916,American League,,bortb101,Borton,Babe,,St. Louis,19160415,19160930,,,,,,,,,,,,,
researchers/blau,1916,American League,,MQWTSNH,Bradley,Jack,,Cleveland,,,,,,,,,,,,,,,
retrosheet/1916,1916,American League,,bradj103,Bradley,Jack,,Cleveland,19160618,19160731,,,,,,,,,,,,,
retrosheet/1916,1916,American League,,bresr101,Bressler,Rube,,Philadelphia,19160427,19160928,,,,,,,,,,,,,
researchers/blau,1916,American League,,NVZRZHY,Brown,Jim,,Philadelphia,,,,,,,,,,,,,,,
retrosheet/1916,1916,American League,,browj108,Brown,Jim,,Philadelphia,19160905,19160922,,,,,,,,,,,,,
retrosheet/1916,1916,American League,,buckj102,Buckles,Jess,,New York,19160917,19161003,,,,,,,,,,,,,
retrosheet/1916,1916,American League,,burng102,Burns,George,,Detroit,19160413,19160925,,,,,,,,,,,,,
retrosheet/1916,1916,American League,,bushd102,Bush,Donie,,Detroit,19160412,19160925,,,,,,,,,,,,,
retrosheet/1916,1916,American League,,bushj102,Bush,Bullet Joe,,Philadelphia,19160412,19160921,,,,,,,,,,,,,
retrosheet/1916,1916,American League,,cadyh101,Cady,Hick,,Boston,19160415,19161012,,,,,,,,,,,,,
retrosheet/1916,1916,American League,,caldr101,Caldwell,Ray,,New York,19160412,19160731,,,,,,,,,,,,,
retrosheet/1916,1916,American League,,cantm101,Cantwell,Mike,,New York,19160917,19160917,,,,,,,,,,,,,
retrosheet/1916,1916,American League,,carrb101,Carrigan,Bill,,Boston,19160419,19161011,,,,,,,,,,,,,
retrosheet/1916,1916,American League,,carrd102,Carroll,Doc,,Philadelphia,19160627,19160726,,,,,,,,,,,,,
retrosheet/1916,1916,American League,,chaph102,Chapman,Harry,,St. Louis,19160531,19160719,,,,,,,,,,,,,
retrosheet/1916,1916,American League,,chapr101,Chapman,Ray,,Cleveland,19160412,19161001,,,,,,,,,,,,,
retrosheet/1916,1916,American League,,chapl101,Chappell,Larry,,Cleveland,19160412,19160418,,,,,,,,,,,,,
retrosheet/1916,1916,American League,,cicoe101,Cicotte,Eddie,,Chicago,19160415,19161001,,,,,,,,,,,,,
retrosheet/1916,1916,American League,,clemv101,Clemons,Verne,,St. Louis,19160422,19160512,,,,,,,,,,,,,
retrosheet/1916,1916,American League,,cobbt101,Cobb,Ty,,Detroit,19160412,19161001,,,,,,,,,,,,,
retrosheet/1916,1916,American League,,coleb102,Coleman,Bob,,Cleveland,19160805,19160909,,,,,,,,,,,,,
retrosheet/1916,1916,American League,,colle101,Collins,Eddie,,Chicago,19160412,19161001,,,,,,,,,,,,,
retrosheet/1916,1916,American League,,colls101,Collins,Shano,,Chicago,19160412,19161001,,,,,,,,,,,,,
retrosheet/1916,1916,American League,,cookd101,Cook,Doc,,New York,19160422,19160509,,,,,,,,,,,,,
retrosheet/1916,1916,American League,,coumf101,Coumbe,Fritz,,Cleveland,19160416,19161001,,,,,,,,,,,,,
retrosheet/1916,1916,American League,,coveh101,Coveleski,Harry,,Detroit,19160412,19160921,,,,,,,,,,,,,
retrosheet/1916,1916,American League,,coves101,Coveleski,Stan,,Cleveland,19160413,19160912,,,,,,,,,,,,,
retrosheet/1916,1916,American League,,crafm101,Craft,Molly,,Washington,19160808,19160907,,,,,,,,,,,,,
retrosheet/1916,1916,American League,,crand101,Crandall,Doc,,St. Louis,19160418,19160531,,,,,,,,,,,,,
retrosheet/1916,1916,American League,,crans102,Crane,Sam,,Philadelphia,19160412,19160413,,,,,,,,,,,,,
retrosheet/1916,1916,American League,,craws101,Crawford,Sam,,Detroit,19160412,19161001,,,,,,,,,,,,,
retrosheet/1916,1916,American League,,crowc101,Crowell,Cap,,Philadelphia,19160418,19160610,,,,,,,,,,,,,
retrosheet/1916,1916,American League,,culln101,Cullop,Nick,,New York,19160420,19161003,,,,,,,,,,,,,
retrosheet/1916,1916,American League,,cunng101,Cunningham,George,,Detroit,19160414,19160922,,,,,,,,,,,,,
retrosheet/1916,1916,American League,,daltj101,Dalton,Jack,,Detroit,19160424,19160517,,,,,,,,,,,,,
retrosheet/1916,1916,American League,,dalyt102,Daly,Tom,,Cleveland,19160601,19161001,,,,,,,,,,,,,
retrosheet/1916,1916,American League,,danfd101,Danforth,Dave,,Chicago,19160413,19160923,,,,,,,,,,,,,
retrosheet/1916,1916,American League,,daush101,Dauss,Hooks,,Detroit,19160413,19160925,,,,,,,,,,,,,
retrosheet/1916,1916,American League,,daved101,Davenport,Dave,,St. Louis,19160413,19160921,,,,,,,,,,,,,
retrosheet/1916,1916,American League,,davih101,Davis,Harry,,Philadelphia,19160729,19160729,,,,,,,,,,,,,
retrosheet/1916,1916,American League,,debeh101,DeBerry,Hank,,Cleveland,19160912,19161001,,,,,,,,,,,,,
retrosheet/1916,1916,American League,,dealc102,Deal,Charlie,,St. Louis,19160412,19160528,,,,,,,,,,,,,
retrosheet/1916,1916,American League,,desjs101,Des Jardien,Shorty,,Cleveland,19160520,19160520,,,,,,,,,,,,,
retrosheet/1916,1916,American League,,divim101,Divis,Moxie,,Philadelphia,19160804,19160806,,,,,,,,,,,,,
retrosheet/1916,1916,American League,,donob101,Donovan,Bill,,New York,19160908,19160908,,,,,,,,,,,,,
retrosheet/1916,1916,American League,,drism102,Driscoll,Michael,,Philadelphia,19160706,19160706,,,,,,,,,,,,,
retrosheet/1916,1916,American League,,dubuj101,Dubuc,Jean,,Detroit,19160413,19160925,,,,,,,,,,,,,
retrosheet/1916,1916,American League,,dumog101,Dumont,George,,Washington,19160417,19160731,,,,,,,,,,,,,
retrosheet/1916,1916,American League,,dyerb101,Dyer,Ben,,Detroit,19160925,19161001,,,,,,,,,,,,,
retrosheet/1916,1916,American League,,ehmkh101,Ehmke,Howard,,Detroit,19160910,19160924,,,,,,,,,,,,,
retrosheet/1916,1916,American League,,ellib102,Ellison,Babe,,Detroit,19160918,19161001,,,,,,,,,,,,,
retrosheet/1916,1916,American League,,englc103,Engle,Clyde,,Cleveland,19160520,19160609,,,,,,,,,,,,,
retrosheet/1916,1916,American League,,erice101,Erickson,Eric,,Detroit,19160430,19160703,,,,,,,,,,,,,
retrosheet/1916,1916,American League,,evanj101,Evans,Joe,,Cleveland,19160412,19160730,,,,,,,,,,,,,
retrosheet/1916,1916,American League,,faber101,Faber,Red,,Chicago,19160412,19161001,,,,,,,,,,,,,
retrosheet/1916,1916,American League,,fautj101,Fautsch,Joe,,Chicago,19160424,19160424,,,,,,,,,,,,,
retrosheet/1916,1916,American League,,felsh101,Felsch,Happy,,Chicago,19160412,19161001,,,,,,,,,,,,,
retrosheet/1916,1916,American League,,fincb101,Fincher,Bill,,St. Louis,19160423,19160930,,,,,,,,,,,,,
retrosheet/1916,1916,American League,,fishr101,Fisher,Ray,,New York,19160415,19160922,,,,,,,,,,,,,
retrosheet/1916,1916,American League,,foste103,Foster,Eddie,,Washington,19160412,19161004,,,,,,,,,,,,,
retrosheet/1916,1916,American League,,fostr103,Foster,Rube,,Boston,19160412,19161010,,,,,,,,,,,,,
retrosheet/1916,1916,American League,,fourj101,Fournier,Jack,,Chicago,19160412,19161001,,,,,,,,,,,,,
retrosheet/1916,1916,American League,,fullf101,Fuller,Frank,,Detroit,19160430,19160922,,,,,,,,,,,,,
retrosheet/1916,1916,American League,,gaind101,Gainer,Del,,Boston,19160531,19161009,,,,,,,,,,,,,
retrosheet/1916,1916,American League,,gallb103,Gallia,Bert,,Washington,19160415,19161003,,,,,,,,,,,,,
retrosheet/1916,1916,American League,,gandc101,Gandil,Chick,,Cleveland,19160412,19161001,,,,,,,,,,,,,
retrosheet/1916,1916,American League,,gardl101,Gardner,Larry,,Boston,19160412,19161012,,,,,,,,,,,,,
retrosheet/1916,1916,American League,,gedej101,Gedeon,Joe,,New York,19160412,19161004,,,,,,,,,,,,,
retrosheet/1916,1916,American League,,gharp101,Gharrity,Patsy,,Washington,19160516,19161003,,,,,,,,,,,,,
retrosheet/1916,1916,American League,,gilhf101,Gilhooley,Frank,,New York,19160412,19161003,,,,,,,,,,,,,
retrosheet/1916,1916,American League,,goodm102,Goodwin,Marv,,Washington,19160907,19161002,,,,,,,,,,,,,
retrosheet/1916,1916,American League,,goula101,Gould,Al,,Cleveland,19160711,19161001,,,,,,,,,,,,,
retrosheet/1916,1916,American League,,granj104,Graney,Jack,,Cleveland,19160412,19161001,,,,,,,,,,,,,
retrosheet/1916,1916,American League,,gregv101,Gregg,Vean,,Boston,19160426,19160904,,,,,,,,,,,,,
retrosheet/1916,1916,American League,,grimc101,Grimm,Charlie,,Philadelphia,19160730,19160923,,,,,,,,,,,,,
retrosheet/1916,1916,American League,,groob101,Groom,Bob,,St. Louis,19160412,19160923,,,,,,,,,,,,,
retrosheet/1916,1916,American League,,grovr101,Grover,Roy,,Philadelphia,19160913,19161003,,,,,,,,,,,,,
retrosheet/1916,1916,American League,,guisl101,Guisto,Lou,,Cleveland,19160910,19160915,,,,,,,,,,,,,
retrosheet/1916,1916,American League,,gunkr101,Gunkel,Red,,Cleveland,19160618,19160618,,,,,,,,,,,,,
retrosheet/1916,1916,American League,,hager101,Hagerman,Rip,,Cleveland,19160421,19160511,,,,,,,,,,,,,
retrosheet/1916,1916,American League,,haleg101,Hale,George,,St. Louis,19160922,19161001,,,,,,,,,,,,,
retrosheet/1916,1916,American League,,haler101,Haley,Raymond,,Boston,19160419,19160419,,,,,,,,,,,,,
retrosheet/1916,1916,American League,,haler101,Haley,Raymond,,Philadelphia,19160729,19160924,,,,,,,,,,,,,
retrosheet/1916,1916,American League,,hamie101,Hamilton,Earl,,Detroit,19160530,19160618,,,,,,,,,,,,,
retrosheet/1916,1916,American League,,hamie101,Hamilton,Earl,,St. Louis,19160423,19160930,,,,,,,,,,,,,
retrosheet/1916,1916,American League,,harpg101,Harper,George,,Detroit,19160415,19161001,,,,,,,,,,,,,
retrosheet/1916,1916,American League,,harph101,Harper,Harry,,Washington,19160415,19160909,,,,,,,,,,,,,
retrosheet/1916,1916,American League,,hartg102,Hartley,Grover,,St. Louis,19160412,19161001,,,,,,,,,,,,,
retrosheet/1916,1916,American League,,hartr102,Hartzell,Roy,,New York,19160422,19160725,,,,,,,,,,,,,
retrosheet/1916,1916,American League,,hasbz101,Hasbrook,Ziggy,,Chicago,19160906,19161001,,,,,,,,,,,,,
retrosheet/1916,1916,American League,,healt102,Healy,Thomas,,Philadelphia,19160928,19161003,,,,,,,,,,,,,
retrosheet/1916,1916,American League,,heilh101,Heilmann,Harry,,Detroit,19160412,19160930,,,,,,,,,,,,,
retrosheet/1916,1916,American League,,hendt101,Hendryx,Tim,,New York,19160916,19161004,,,,,,,,,,,,,
retrosheet/1916,1916,American League,,henro101,Henriksen,Olaf,,Boston,19160413,19161010,,,,,,,,,,,,,
retrosheet/1916,1916,American League,,henrj101,Henry,John,,Washington,19160415,19161004,,,,,,,,,,,,,
retrosheet/1916,1916,American League,,hessg101,Hesselbacher,George,,Philadelphia,19160629,19160719,,,,,,,,,,,,,
retrosheet/1916,1916,American League,,highh101,High,Hugh,,New York,19160421,19161004,,,,,,,,,,,,,
retrosheet/1916,1916,American League,,hobld101,Hoblitzell,Dick,,Boston,19160412,19161012,,,,,,,,,,,,,
retrosheet/1916,1916,American League,,hofms101,Hofman,Solly,,New York,19160804,19160809,,,,,,,,,,,,,
retrosheet/1916,1916,American League,,hooph101,Hooper,Harry,,Boston,19160412,19161012,,,,,,,,,,,,,
retrosheet/1916,1916,American League,,howai101,Howard,Ivan,,Cleveland,19160413,19160818,,,,,,,,,,,,,
retrosheet/1916,1916,American League,,jackj101,Jackson,Shoeless Joe,,Chicago,19160412,19161001,,,,,,,,,,,,,
retrosheet/1916,1916,American League,,jameb103,James,Bill,,Detroit,19160415,19161001,,,,,,,,,,,,,
retrosheet/1916,1916,American League,,jamic101,Jamieson,Charlie,,Washington,19160412,19161004,,,,,,,,,,,,,
retrosheet/1916,1916,American League,,janvh101,Janvrin,Hal,,Boston,19160413,19161012,,,,,,,,,,,,,
retrosheet/1916,1916,American League,,johnb109,Johnson,Bill,,Philadelphia,19160922,19160924,,,,,,,,,,,,,
retrosheet/1916,1916,American League,,johne102,Johnson,Ernie,,St. Louis,19160422,19160730,,,,,,,,,,,,,
retrosheet/1916,1916,American League,,johnj102,Johnson,Jing,,Philadelphia,19160627,19161002,,,,,,,,,,,,,
retrosheet/1916,1916,American League,,johnw102,Johnson,Walter,,Washington,19160412,19160924,,,,,,,,,,,,,
retrosheet/1916,1916,American League,,joned107,Jones,Deacon,,Detroit,19160923,19160923,,,,,,,,,,,,,
retrosheet/1916,1916,American League,,jones104,Jones,Sad Sam,,Boston,19160421,19161002,,,,,,,,,,,,,
retrosheet/1916,1916,American League,,jourt101,Jourdan,Ted,,Chicago,19160918,19160923,,,,,,,,,,,,,
retrosheet/1916,1916,American League,,judgj101,Judge,Joe,,Washington,19160412,19161004,,,,,,,,,,,,,
retrosheet/1916,1916,American League,,kavam101,Kavanagh,Marty,,Cleveland,19160903,19161001,,,,,,,,,,,,,
retrosheet/1916,1916,American League,,kavam101,Kavanagh,Marty,,Detroit,19160413,19160809,,,,,,,,,,,,,
retrosheet/1916,1916,American League,,keatr101,Keating,Ray,,New York,19160420,19160711,,,,,,,,,,,,,
retrosheet/1916,1916,American League,,kennr101,Kennedy,Ray,,St. Louis,19160908,19160908,,,,,,,,,,,,,
retrosheet/1916,1916,American League,,kingl101,King,Lee,,Philadelphia,19160624,19161003,,,,,,,,,,,,,
retrosheet/1916,1916,American League,,klepe101,Klepfer,Ed,,Cleveland,19160415,19161001,,,,,,,,,,,,,
retrosheet/1916,1916,American League,,koobe101,Koob,Ernie,,St. Louis,19160603,19160930,,,,,,,,,,,,,
retrosheet/1916,1916,American League,,lajon101,Lajoie,Nap,,Philadelphia,19160412,19160826,,,,,,,,,,,,,
retrosheet/1916,1916,American League,,lambo101,Lambeth,Otis,,Cleveland,19160716,19161001,,,,,,,,,,,,,
retrosheet/1916,1916,American League,,lannr101,Lanning,Red,,Philadelphia,19160620,19160805,,,,,,,,,,,,,
retrosheet/1916,1916,American League,,lappj101,Lapp,Jack,,Chicago,19160416,19161001,,,,,,,,,,,,,
retrosheet/1916,1916,American League,,lavad101,Lavan,Doc,,St. Louis,19160412,19161001,,,,,,,,,,,,,
retrosheet/1916,1916,American League,,lawro101,Lawry,Otis,,Philadelphia,19160628,19160908,,,,,,,,,,,,,
retrosheet/1916,1916,American League,,lee-b102,Lee,Billy,,St. Louis,19160915,19160930,,,,,,,,,,,,,
retrosheet/1916,1916,American League,,leibn101,Leibold,Nemo,,Chicago,19160417,19161001,,,,,,,,,,,,,
retrosheet/1916,1916,American League,,leond102,Leonard,Dutch,,Boston,19160419,19161011,,,,,,,,,,,,,
retrosheet/1916,1916,American League,,leonj101,Leonard,Joe,,Cleveland,19160809,19160816,,,,,,,,,,,,,
retrosheet/1916,1916,American League,,leonj101,Leonard,Joe,,Washington,19160822,19161004,,,,,,,,,,,,,
retrosheet/1916,1916,American League,,lewid101,Lewis,Duffy,,Boston,19160413,19161012,,,,,,,,,,,,,
retrosheet/1916,1916,American League,,linda101,Lindstrom,Axel,,Philadelphia,19161003,19161003,,,,,,,,,,,,,
retrosheet/1916,1916,American League,,lohrh101,Lohr,Howard,,Cleveland,19160731,19160805,,,,,,,,,,,,,
retrosheet/1916,1916,American League,,loves101,Love,Slim,,New York,19160420,19161003,,,,,,,,,,,,,
retrosheet/1916,1916,American League,,lowdg101,Lowdermilk,Grover,,Cleveland,19160424,19160731,,,,,,,,,,,,,
retrosheet/1916,1916,American League,,lowdg101,Lowdermilk,Grover,,Detroit,19160414,19160414,,,,,,,,,,,,,
retrosheet/1916,1916,American League,,lynnb101,Lynn,Byrd,,Chicago,19160416,19161001,,,,,,,,,,,,,
retrosheet/1916,1916,American League,,magel101,Magee,Lee,,New York,19160412,19161004,,,,,,,,,,,,,
retrosheet/1916,1916,American League,,maisf101,Maisel,Fritz,,New York,19160412,19161003,,,,,,,,,,,,,
retrosheet/1916,1916,American League,,maisg101,Maisel,George,,Detroit,19160423,19160505,,,,,,,,,,,,,
retrosheet/1916,1916,American League,,malol101,Malone,Lew,,Philadelphia,19160424,19160531,,,,,,,,,,,,,
retrosheet/1916,1916,American League,,markc101,Markle,Cliff,,New York,19160419,19160720,,,,,,,,,,,,,
retrosheet/1916,1916,American League,,marsa101,Marsans,Armando,,St. Louis,19160412,19160924,,,,,,,,,,,,,
retrosheet/1916,1916,American League,,maysc101,Mays,Carl,,Boston,19160413,19161010,,,,,,,,,,,,,
retrosheet/1916,1916,American League,,mcbrg101,McBride,George,,Washington,19160412,19160925,,,,,,,,,,,,,
retrosheet/1916,1916,American League,,mccat104,McCabe,Tim,,St. Louis,19160415,19160930,,,,,,,,,,,,,
retrosheet/1916,1916,American League,,mcell101,McElwee,Lee,,Philadelphia,19160703,19160928,,,,,,,,,,,,,
retrosheet/1916,1916,American League,,mcham101,McHale,Marty,,Boston,19160426,19160508,,,,,,,,,,,,,
retrosheet/1916,1916,American League,,mcham101,McHale,Marty,,Cleveland,19160601,19160621,,,,,,,,,,,,,
retrosheet/1916,1916,American League,,mcins101,McInnis,Stuffy,,Philadelphia,19160412,19161003,,,,,,,,,,,,,
retrosheet/1916,1916,American League,,mcker103,McKee,Red,,Detroit,19160415,19160919,,,,,,,,,,,,,
retrosheet/1916,1916,American League,,mcmuf101,McMullin,Fred,,Chicago,19160416,19161001,,,,,,,,,,,,,
retrosheet/1916,1916,American League,,mcnam101,McNally,Mike,,Boston,19160418,19161009,,,,,,,,,,,,,
retrosheet/1916,1916,American League,,mctib101,McTigue,Bill,,Detroit,19160430,19160505,,,,,,,,,,,,,
retrosheet/1916,1916,American League,,menom101,Menosky,Mike,,Washington,19160920,19161004,,,,,,,,,,,,,
retrosheet/1916,1916,American League,,meyeb101,Meyer,Billy,,Philadelphia,19160412,19160721,,,,,,,,,,,,,
retrosheet/1916,1916,American League,,milac101,Milan,Clyde,,Washington,19160412,19160925,,,,,,,,,,,,,
retrosheet/1916,1916,American League,,mille102,Miller,Elmer,,New York,19160728,19161004,,,,,,,,,,,,,
retrosheet/1916,1916,American League,,millw104,Miller,Ward,,St. Louis,19160413,19161001,,,,,,,,,,,,,
retrosheet/1916,1916,American League,,mitcw101,Mitchell,Willie,,Cleveland,19160412,19160618,,,,,,,,,,,,,
retrosheet/1916,1916,American League,,mitcw101,Mitchell,Willie,,Detroit,19160625,19160929,,,,,,,,,,,,,
retrosheet/1916,1916,American League,,mittr101,Mitterling,Ralph,,Philadelphia,19160707,19160721,,,,,,,,,,,,,
retrosheet/1916,1916,American League,,moeld101,Moeller,Danny,,Cleveland,19160819,19160930,,,,,,,,,,,,,
retrosheet/1916,1916,American League,,moeld101,Moeller,Danny,,Washington,19160412,19160817,,,,,,,,,,,,,
retrosheet/1916,1916,American League,,mogrg101,Mogridge,George,,New York,19160505,19161003,,,,,,,,,,,,,
retrosheet/1916,1916,American League,,morgr101,Morgan,Ray,,Washington,19160412,19161003,,,,,,,,,,,,,
retrosheet/1916,1916,American League,,morig101,Moriarty,George,,Chicago,19160416,19160504,,,,,,,,,,,,,
retrosheet/1916,1916,American League,,morrb102,Morrisette,Bill,,Philadelphia,19160502,19160502,,,,,,,,,,,,,
retrosheet/1916,1916,American League,,mortg101,Morton,Guy,,Cleveland,19160413,19160923,,,,,,,,,,,,,
retrosheet/1916,1916,American League,,mullc101,Mullen,Charlie,,New York,19160415,19160930,,,,,,,,,,,,,
retrosheet/1916,1916,American League,,murpe102,Murphy,Eddie,,Chicago,19160412,19160923,,,,,,,,,,,,,
retrosheet/1916,1916,American League,,murpm102,Murphy,Mike,,Philadelphia,19160413,19160711,,,,,,,,,,,,,
retrosheet/1916,1916,American League,,myere101,Myers,Elmer,,Philadelphia,19160413,19161003,,,,,,,,,,,,,
retrosheet/1916,1916,American League,,naboj101,Nabors,Jack,,Philadelphia,19160412,19161003,,,,,,,,,,,,,
retrosheet/1916,1916,American League,,nessj101,Ness,Jack,,Chicago,19160417,19160930,,,,,,,,,,,,,
retrosheet/1916,1916,American League,,nunal101,Nunamaker,Les,,New York,19160412,19161003,,,,,,,,,,,,,
retrosheet/1916,1916,American League,,oneis101,O'Neill,Steve,,Cleveland,19160412,19161001,,,,,,,,,,,,,
retrosheet/1916,1916,American League,,oldrr101,Oldring,Rube,,New York,19160715,19160909,,,,,,,,,,,,,
retrosheet/1916,1916,American League,,oldrr101,Oldring,Rube,,Philadelphia,19160412,19160622,,,,,,,,,,,,,
retrosheet/1916,1916,American League,,parkj102,Park,Jim,,St. Louis,19160415,19160915,,,,,,,,,,,,,
retrosheet/1916,1916,American League,,parnr101,Parnham,Rube,,Philadelphia,19160920,19161003,,,,,,,,,,,,,
retrosheet/1916,1916,American League,,paulg102,Paulette,Gene,,St. Louis,19160915,19160930,,,,,,,,,,,,,
retrosheet/1916,1916,American League,,peckr101,Peckinpaugh,Roger,,New York,19160412,19161004,,,,,,,,,,,,,
retrosheet/1916,1916,American League,,pennk102,Penner,Ken,,Cleveland,19160911,19161001,,,,,,,,,,,,,
retrosheet/1916,1916,American League,,pennh101,Pennock,Herb,,Boston,19160413,19161003,,,,,,,,,,,,,
retrosheet/1916,1916,American League,,piciv101,Picinich,Val,,Philadelphia,19160725,19161003,,,,,,,,,,,,,
retrosheet/1916,1916,American League,,pickc103,Pick,Charlie,,Philadelphia,19160412,19160924,,,,,,,,,,,,,
retrosheet/1916,1916,American League,,pippw101,Pipp,Wally,,New York,19160412,19161004,,,,,,,,,,,,,
retrosheet/1916,1916,American League,,plane101,Plank,Eddie,,St. Louis,19160416,19161001,,,,,,,,,,,,,
retrosheet/1916,1916,American League,,pratd101,Pratt,Del,,St. Louis,19160412,19161001,,,,,,,,,,,,,
retrosheet/1916,1916,American League,,ray-c101,Ray,Carl,,Philadelphia,19160413,19160509,,,,,,,,,,,,,
retrosheet/1916,1916,American League,,rices101,Rice,Sam,,Washington,19160529,19161004,,,,,,,,,,,,,
retrosheet/1916,1916,American League,,richj103,Richardson,Jack,,Philadelphia,19160413,19160413,,,,,,,,,,,,,
retrosheet/1916,1916,American League,,rondh101,Rondeau,Henri,,Washington,19160417,19160701,,,,,,,,,,,,,
retrosheet/1916,1916,American League,,rothb102,Roth,Braggo,,Cleveland,19160412,19161001,,,,,,,,,,,,,
retrosheet/1916,1916,American League,,roweh101,Rowe,Harland,,Philadelphia,19160623,19160927,,,,,,,,,,,,,
retrosheet/1916,1916,American League,,rumlw101,Rumler,William,,St. Louis,19160729,19160930,,,,,,,,,,,,,
retrosheet/1916,1916,American League,,russa101,Russell,Allen,,New York,19160501,19161004,,,,,,,,,,,,,
retrosheet/1916,1916,American League,,russr102,Russell,Reb,,Chicago,19160412,19160930,,,,,,,,,,,,,
retrosheet/1916,1916,American League,,ruthb101,Ruth,Babe,,Boston,19160412,19161009,,,,,,,,,,,,,
retrosheet/1916,1916,American League,,sawyc101,Sawyer,Carl,,Washington,19160428,19161004,,,,,,,,,,,,,
retrosheet/1916,1916,American League,,schag101,Schaefer,Germany,,New York,19160809,19160809,,,,,,,,,,,,,
retrosheet/1916,1916,American League,,schar103,Schalk,Ray,,Chicago,19160412,19161001,,,,,,,,,,,,,
retrosheet/1916,1916,American League,,schaw101,Schang,Wally,,Philadelphia,19160412,19161003,,,,,,,,,,,,,
retrosheet/1916,1916,American League,,scote101,Scott,Everett,,Boston,19160412,19161012,,,,,,,,,,,,,
retrosheet/1916,1916,American League,,scotj104,Scott,Jim,,Chicago,19160416,19160821,,,,,,,,,,,,,
retrosheet/1916,1916,American League,,seibs101,Seibold,Socks,,Philadelphia,19160916,19160930,,,,,,,,,,,,,
retrosheet/1916,1916,American League,,seveh101,Severeid,Hank,,St. Louis,19160418,19160916,,,,,,,,,,,,,
retrosheet/1916,1916,American League,,shanh101,Shanks,Howie,,Washington,19160412,19161004,,,,,,,,,,,,,
retrosheet/1916,1916,American League,,shawj101,Shaw,Jim,,Washington,19160519,19161004,,,,,,,,,,,,,
retrosheet/1916,1916,American League,,shawb102,Shawkey,Bob,,New York,19160418,19161002,,,,,,,,,,,,,
retrosheet/1916,1916,American League,,sheet102,Sheehan,Tom,,Philadelphia,19160418,19160919,,,,,,,,,,,,,
retrosheet/1916,1916,American League,,shocu101,Shocker,Urban,,New York,19160424,19161004,,,,,,,,,,,,,
retrosheet/1916,1916,American League,,shoor102,Shook,Ray,,Chicago,19160416,19160416,,,,,,,,,,,,,
retrosheet/1916,1916,American League,,shore101,Shore,Ernie,,Boston,19160413,19161012,,,,,,,,,,,,,
retrosheet/1916,1916,American League,,shorc101,Shorten,Chick,,Boston,19160412,19161012,,,,,,,,,,,,,
retrosheet/1916,1916,American League,,shotb101,Shotton,Burt,,St. Louis,19160412,19161001,,,,,,,,,,,,,
retrosheet/1916,1916,American League,,sislg101,Sisler,George,,St. Louis,19160412,19161001,,,,,,,,,,,,,
retrosheet/1916,1916,American League,,smite104,Smith,Elmer,,Cleveland,19160412,19160818,,,,,,,,,,,,,
retrosheet/1916,1916,American League,,smite104,Smith,Elmer,,Washington,19160819,19161004,,,,,,,,,,,,,
retrosheet/1916,1916,American League,,smitp107,Smith,Pop-boy,,Cleveland,19160915,19160930,,,,,,,,,,,,,
retrosheet/1916,1916,American League,,speat101,Speaker,Tris,,Cleveland,19160412,19161001,,,,,,,,,,,,,
retrosheet/1916,1916,American League,,spent101,Spencer,Tubby,,Detroit,19160813,19161001,,,,,,,,,,,,,
retrosheet/1916,1916,American League,,stano101,Stanage,Oscar,,Detroit,19160412,19160925,,,,,,,,,,,,,
retrosheet/1916,1916,American League,,stelb102,Stellbauer,Bill,,Philadelphia,19160412,19160616,,,,,,,,,,,,,
retrosheet/1916,1916,American League,,strua102,Strunk,Amos,,Philadelphia,19160412,19161003,,,,,,,,,,,,,
retrosheet/1916,1916,American League,,sullb102,Sullivan,Billy,,Detroit,19160415,19160415,,,,,,,,,,,,,
retrosheet/1916,1916,American League,,terrz101,Terry,Zeb,,Chicago,19160412,19161001,,,,,,,,,,,,,
retrosheet/1916,1916,American League,,thomc101,Thomas,Claude,,Washington,19160914,19161002,,,,,,,,,,,,,
retrosheet/1916,1916,American League,,thomp101,Thomas,Pinch,,Boston,19160412,19161010,,,,,,,,,,,,,
retrosheet/1916,1916,American League,,thoms101,Thompson,Shag,,Philadelphia,19160415,19160517,,,,,,,,,,,,,
retrosheet/1916,1916,American League,,thrab101,Thrasher,Buck,,Philadelphia,19160927,19161003,,,,,,,,,,,,,
retrosheet/1916,1916,American League,,tobij101,Tobin,Jack,,St. Louis,19160412,19161001,,,,,,,,,,,,,
retrosheet/1916,1916,American League,,turnt105,Turner,Terry,,Cleveland,19160412,19161001,,,,,,,,,,,,,
retrosheet/1916,1916,American League,,veacb101,Veach,Bobby,,Detroit,19160412,19161001,,,,,,,,,,,,,
retrosheet/1916,1916,American League,,vitto101,Vitt,Ossie,,Detroit,19160412,19160930,,,,,,,,,,,,,
retrosheet/1916,1916,American League,,vonkf101,Von Kolnitz,Fritz,,Chicago,19160627,19160917,,,,,,,,,,,,,
retrosheet/1916,1916,American League,,wagnh103,Wagner,Heinie,,Boston,19160729,19161003,,,,,,,,,,,,,
retrosheet/1916,1916,American League,,walkt101,Walker,Tillie,,Boston,19160412,19161011,,,,,,,,,,,,,
retrosheet/1916,1916,American League,,wallb101,Wallace,Bobby,,St. Louis,19160801,19160924,,,,,,,,,,,,,
retrosheet/1916,1916,American League,,walse101,Walsh,Ed,,Chicago,19160613,19160711,,,,,,,,,,,,,
retrosheet/1916,1916,American League,,walsj108,Walsh,Jimmy,,Boston,19160831,19161009,,,,,,,,,,,,,
retrosheet/1916,1916,American League,,walsj108,Walsh,Jimmy,,Philadelphia,19160412,19160830,,,,,,,,,,,,,
retrosheet/1916,1916,American League,,waltr102,Walters,Roxy,,New York,19160424,19161004,,,,,,,,,,,,,
retrosheet/1916,1916,American League,,wambb101,Wambsganss,Bill,,Cleveland,19160418,19161001,,,,,,,,,,,,,
researchers/blau,1916,American League,,DDCZGBR,Weaver,Harry,,Philadelphia,,,,,,,,,,,,,,,
retrosheet/1916,1916,American League,,weavb101,Weaver,Buck,,Chicago,19160412,19161001,,,,,,,,,,,,,
retrosheet/1916,1916,American League,,weavh101,Weaver,Harry,,Philadelphia,19160420,19160509,,,,,,,,,,,,,
retrosheet/1916,1916,American League,,weilc101,Weilman,Carl,,St. Louis,19160416,19160929,,,,,,,,,,,,,
retrosheet/1916,1916,American League,,welfo101,Welf,Ollie,,Cleveland,19160830,19160830,,,,,,,,,,,,,
retrosheet/1916,1916,American League,,whitw101,Whittaker,Walt,,Philadelphia,19160706,19160706,,,,,,,,,,,,,
retrosheet/1916,1916,American League,,willl104,Williams,Lefty,,Chicago,19160417,19160930,,,,,,,,,,,,,
retrosheet/1916,1916,American League,,willm104,Williams,Marsh,,Philadelphia,19160707,19160825,,,,,,,,,,,,,
retrosheet/1916,1916,American League,,willr104,Williams,Rip,,Washington,19160412,19160925,,,,,,,,,,,,,
retrosheet/1916,1916,American League,,wittw101,Witt,Whitey,,Philadelphia,19160412,19161003,,,,,,,,,,,,,
retrosheet/1916,1916,American League,,wolfm101,Wolfgang,Mellie,,Chicago,19160412,19160825,,,,,,,,,,,,,
researchers/blau,1916,American League,,TDVMGTV,Wright,Cy,,Chicago,,,,,,,,,,,,,,,
retrosheet/1916,1916,American League,,wrigc101,Wright,Cy,,Chicago,19160630,19160708,,,,,,,,,,,,,
retrosheet/1916,1916,American League,,wyckj101,Wyckoff,Weldon,,Boston,19160715,19161003,,,,,,,,,,,,,
retrosheet/1916,1916,American League,,wyckj101,Wyckoff,Weldon,,Philadelphia,19160527,19160627,,,,,,,,,,,,,
retrosheet/1916,1916,American League,,younr103,Young,Ralph,,Detroit,19160412,19161001,,,,,,,,,,,,,
