source,league.year,league.name,person.ref,person.name.last,person.name.given,S_STINT,entry.name,span,pos,ident
ProjectCobb,2016,British National Baseball League,B00013,ACKERMANN,Robert,0,Brighton,,,ackermann
ProjectCobb,2016,British National Baseball League,P10019,ACKERMANN,Robert,0,Brighton,,p,ackermann
ProjectCobb,2016,British National Baseball League,B00021,AGARIO,Atsushi,0,London Capitals,,,agario
ProjectCobb,2016,British National Baseball League,B00037,ALLEN,Trevor,0,London Mets,,,allen
ProjectCobb,2016,British National Baseball League,P10024,ALLEN,Trevor,0,London Mets,,p,allen
ProjectCobb,2016,British National Baseball League,B00045,ALMONTE,Edwin,0,Southampton,,,almonte
ProjectCobb,2016,British National Baseball League,B00059,ARIETA,Ross,0,Southampton,,,arieta
ProjectCobb,2016,British National Baseball League,B00068,AZCUY,Maikel,0,Southampton,,,azcuy
ProjectCobb,2016,British National Baseball League,B00076,BADENHORST,Duane,0,Herts,,,badenhorst.d
ProjectCobb,2016,British National Baseball League,B00084,BADENHORST,Tyler,0,Herts,,,badenhorst.t
ProjectCobb,2016,British National Baseball League,P10035,BADENHORST,Duane,0,Herts,,p,badenhorst.d
ProjectCobb,2016,British National Baseball League,P10043,BADENHORST,Tyler,0,Herts,,p,badenhorst.t
ProjectCobb,2016,British National Baseball League,B00092,BEDARD,David,0,London Capitals,,,bedard
ProjectCobb,2016,British National Baseball League,P10056,BEDARD,David,0,London Capitals,,p,bedard
ProjectCobb,2016,British National Baseball League,B00101,BIONDO,Stefano,0,London Mets,,,biondo
ProjectCobb,2016,British National Baseball League,B00117,BLOSE,John,0,Herts,,,blose
ProjectCobb,2016,British National Baseball League,P10062,BLOSE,John,0,Herts,,p,blose
ProjectCobb,2016,British National Baseball League,B00125,BOHN,Dexter,0,London Mets,,,bohn
ProjectCobb,2016,British National Baseball League,B00130,BROWN,Conner,0,Herts,,,brown
ProjectCobb,2016,British National Baseball League,P10070,BROWN,Conner,0,Herts,,p,brown
ProjectCobb,2016,British National Baseball League,B00149,BUT,Boris,0,South London,,,but
ProjectCobb,2016,British National Baseball League,B00158,BYRNE,Warwick,0,Herts,,,byrne
ProjectCobb,2016,British National Baseball League,B00163,CARESS,Brodie,0,Herts,,,caress.b
ProjectCobb,2016,British National Baseball League,B00174,CARESS,Jake,0,Herts,,,caress.j
ProjectCobb,2016,British National Baseball League,P10081,CARESS,Brodie,0,Herts,,p,caress.b
ProjectCobb,2016,British National Baseball League,P10097,CARESS,Jake,0,Herts,,p,caress.j
ProjectCobb,2016,British National Baseball League,B00182,CASAL,Carlos,0,Essex,,,casal.c
ProjectCobb,2016,British National Baseball League,B00196,CASAL,Junior,0,Essex,,,casal.j
ProjectCobb,2016,British National Baseball League,P10100,CASAL,Junior,0,Essex,,p,casal.j
ProjectCobb,2016,British National Baseball League,B00207,CATTERMOLE,Mike,0,Herts,,,cattermole
ProjectCobb,2016,British National Baseball League,P10113,CATTERMOLE,Mike,0,Herts,,p,cattermole
ProjectCobb,2016,British National Baseball League,B00210,CHANDLER,Rory,0,Essex,,,chandler
ProjectCobb,2016,British National Baseball League,P10121,CHANDLER,Rory,0,Essex,,p,chandler
ProjectCobb,2016,British National Baseball League,B00229,CHESTERTON,Richard,0,Essex,,,chesterton
ProjectCobb,2016,British National Baseball League,P10137,CHESTERTON,Richard,0,Essex,,p,chesterton
ProjectCobb,2016,British National Baseball League,B00232,CHU,Justin,0,South London,,,chu
ProjectCobb,2016,British National Baseball League,B00241,CLARK,Joseph,0,South London,,,clark-sl
ProjectCobb,2016,British National Baseball League,B00255,CLARK,Phil,0,Herts,,,clark-her
ProjectCobb,2016,British National Baseball League,P10145,CLARK,Phil,0,Herts,,p,clark-her
ProjectCobb,2016,British National Baseball League,B00264,CLONEN,Mac,0,Brighton,,,clonen
ProjectCobb,2016,British National Baseball League,B00278,COOK,Derrick,0,London Mets,,,cook
ProjectCobb,2016,British National Baseball League,B00286,CORISH,Spencer,0,Brighton,,,corish
ProjectCobb,2016,British National Baseball League,B00293,CORNELL,Conrad,0,London Mets,,,cornell
ProjectCobb,2016,British National Baseball League,P10159,CORNELL,Conrad,0,London Mets,,p,cornell
ProjectCobb,2016,British National Baseball League,B00308,COWELL,Angus,0,Brighton,,,cowell
ProjectCobb,2016,British National Baseball League,P10168,COWELL,Angus,0,Brighton,,p,cowell
ProjectCobb,2016,British National Baseball League,B00319,CRAMMAN,Jonathon,0,London Mets,,,cramman
ProjectCobb,2016,British National Baseball League,B00324,CURRAN,Brett,0,Essex,,,curran
ProjectCobb,2016,British National Baseball League,B00335,DALMASI,Carlos,0,South London,,,dalmasi
ProjectCobb,2016,British National Baseball League,B00343,DAVIS,Ben,0,Southampton,,,davis
ProjectCobb,2016,British National Baseball League,B00356,DAVISON,Gary,0,Southampton,,,davison
ProjectCobb,2016,British National Baseball League,P10176,DAVISON,Gary,0,Southampton,,p,davison
ProjectCobb,2016,British National Baseball League,B00362,DEAN,Jacob,0,Brighton,,,dean
ProjectCobb,2016,British National Baseball League,P10184,DEAN,Jacob,0,Brighton,,p,dean
ProjectCobb,2016,British National Baseball League,B00370,DELZOPPO,Grant,0,London Mets,,,delzoppo
ProjectCobb,2016,British National Baseball League,B00381,DEPABLOS,Reny,0,Brighton,,,delzoppo
ProjectCobb,2016,British National Baseball League,B00397,DIAZ,Juan,0,Southampton,,,diaz
ProjectCobb,2016,British National Baseball League,B00403,DIX,Jamie,0,London Mets,,,dix
ProjectCobb,2016,British National Baseball League,B00416,DUGGAN,Fraser,0,Essex,,,duggan
ProjectCobb,2016,British National Baseball League,B00427,EDGOOSE,Dan,0,Brighton,,,edgoose.d
ProjectCobb,2016,British National Baseball League,B00434,EDGOOSE,Sam,0,Brighton,,,edgoose.s
ProjectCobb,2016,British National Baseball League,B00442,EDMONDS,Jordan,0,Southampton,,,edmonds
ProjectCobb,2016,British National Baseball League,P10192,EDMONDS,Jordan,0,Southampton,,p,edmonds
ProjectCobb,2016,British National Baseball League,B00450,ESCALONA,Giovanni,0,Southampton,,,escalona
ProjectCobb,2016,British National Baseball League,B00469,FAUST,Tyler,0,South London,,,faust
ProjectCobb,2016,British National Baseball League,B00475,FLAYOL,Maxime,0,London Capitals,,,flayol
ProjectCobb,2016,British National Baseball League,P10202,FLAYOL,Maxime,0,London Capitals,,p,flayol
ProjectCobb,2016,British National Baseball League,P10215,FLAYOL,Maxime,0,London Capitals,,p,flayol
ProjectCobb,2016,British National Baseball League,B00488,FLYNN,Sean,0,South London,,,flynn
ProjectCobb,2016,British National Baseball League,P10228,FLYNN,Sean,0,South London,,p,flynn
ProjectCobb,2016,British National Baseball League,B00491,FOLEY,Luke,0,Essex,,,foley
ProjectCobb,2016,British National Baseball League,B00502,FREEMAN,Kevin,0,Herts,,,freeman
ProjectCobb,2016,British National Baseball League,P10231,FREEMAN,Kevin,0,Herts,,p,freeman
ProjectCobb,2016,British National Baseball League,B00515,FRETHEIM,Jonny,0,Brighton,,,fretheim
ProjectCobb,2016,British National Baseball League,B00528,FULFORD,Andrew,0,Herts,,,fulford
ProjectCobb,2016,British National Baseball League,P10244,FULFORD,Andrew,0,Herts,,p,fulford
ProjectCobb,2016,British National Baseball League,B00531,GARIBAY,Matthew,0,Essex,,,garibay
ProjectCobb,2016,British National Baseball League,B00544,GIBSON,Miguel,0,South London,,,gibson
ProjectCobb,2016,British National Baseball League,B00553,GILBERT,Matt,0,Herts,,,gilbert
ProjectCobb,2016,British National Baseball League,P10253,GILBERT,Matt,0,Herts,,p,gilbert
ProjectCobb,2016,British National Baseball League,B00566,GILFORD,Darren,0,London Capitals,,,gilford
ProjectCobb,2016,British National Baseball League,B00577,GILMAN,Adam,0,London Capitals,,,gilman
ProjectCobb,2016,British National Baseball League,B00589,GOGAN,Ben,0,Brighton,,,gogan
ProjectCobb,2016,British National Baseball League,B00590,GONCALVES,Luis,0,Herts,,,goncalves
ProjectCobb,2016,British National Baseball League,P10266,GONCALVES,Luis,0,Herts,,p,goncalves
ProjectCobb,2016,British National Baseball League,B00609,GONZALEZ,Francisco,0,Southampton,,,gonzalez-sou
ProjectCobb,2016,British National Baseball League,B00614,GONZALEZ,Franklin,0,Essex,,,gonzalez-ess
ProjectCobb,2016,British National Baseball League,B00623,GONZALEZ,Karim,0,London Mets,,,gonzalez-met
ProjectCobb,2016,British National Baseball League,P10277,GONZALEZ,Francisco,0,Southampton,,p,gonzalez-sou
ProjectCobb,2016,British National Baseball League,P10289,GONZALEZ,Karim,0,London Mets,,p,gonzalez-met
ProjectCobb,2016,British National Baseball League,B00638,GOUGH,Martyn,0,London Capitals,,,gough
ProjectCobb,2016,British National Baseball League,P10290,GOUGH,Martyn,0,London Capitals,,p,gough
ProjectCobb,2016,British National Baseball League,B00646,GRABOWSKI,Doug,0,Essex,,,grabowski
ProjectCobb,2016,British National Baseball League,P10304,GRABOWSKI,Doug,0,Essex,,p,grabowski
ProjectCobb,2016,British National Baseball League,B00651,GRADY,Todd,0,Brighton,,,grady
ProjectCobb,2016,British National Baseball League,B00667,GREENAN,Paul,0,South London,,,greenan
ProjectCobb,2016,British National Baseball League,B00672,GREGORY,Jamie,0,Essex,,,gregory
ProjectCobb,2016,British National Baseball League,P10312,GREGORY,Jamie,0,Essex,,p,gregory
ProjectCobb,2016,British National Baseball League,B00680,HACKNEY-ROSE,Elijah,0,London Mets,,,hackneyrose
ProjectCobb,2016,British National Baseball League,P10320,HACKNEY-ROSE,Elijah,0,London Mets,,p,hackneyrose
ProjectCobb,2016,British National Baseball League,B00695,HANIKA,Julius,0,South London,,,hanika
ProjectCobb,2016,British National Baseball League,P10336,HANIKA,Julius,0,South London,,p,hanika
ProjectCobb,2016,British National Baseball League,B00705,HARE,Louis,0,Herts,,,hare
ProjectCobb,2016,British National Baseball League,B00718,HARRIS,Justin,0,London Capitals,,,harris
ProjectCobb,2016,British National Baseball League,P10348,HARRIS,Justin,0,London Capitals,,p,harris
ProjectCobb,2016,British National Baseball League,B00726,HENSON,Erick,0,London Mets,,,henson
ProjectCobb,2016,British National Baseball League,P10357,HUDSON,Michael,0,South London,,p,hudson
ProjectCobb,2016,British National Baseball League,B00739,HURTADO,Ambiorix,0,South London,,,hurtado
ProjectCobb,2016,British National Baseball League,P10361,HURTADO,Ambiorix,0,South London,,p,hurtado
ProjectCobb,2016,British National Baseball League,B00747,IZUTTA,Tomas,0,Brighton,,,izutta
ProjectCobb,2016,British National Baseball League,P10373,IZUTTA,Tomas,0,Brighton,,p,izutta
ProjectCobb,2016,British National Baseball League,B00752,JACOBS,Aaron,0,Essex,,,jacobs
ProjectCobb,2016,British National Baseball League,B00760,JO,Kihuem,0,South London,,,jo
ProjectCobb,2016,British National Baseball League,B00771,JOHNSON,Phil,0,Southampton,,,johnson
ProjectCobb,2016,British National Baseball League,B00783,JONES,Ben,0,London Mets,,,jones
ProjectCobb,2016,British National Baseball League,B00794,KARSON,Sam,0,London Capitals,,,karson
ProjectCobb,2016,British National Baseball League,P10385,KARSON,Sam,0,London Capitals,,p,karson
ProjectCobb,2016,British National Baseball League,B00806,KAWCZYNSKI,Wojciech,0,London Capitals,,,kawczynski
ProjectCobb,2016,British National Baseball League,B00811,KETTLE,Greg,0,Brighton,,,kettle.g
ProjectCobb,2016,British National Baseball League,B00822,KETTLE,Nathan,0,Brighton,,,kettle.n
ProjectCobb,2016,British National Baseball League,B00833,KREISBERG,Spencer,0,Southampton,,,kreisberg
ProjectCobb,2016,British National Baseball League,P10399,KREISBERG,Spencer,0,Southampton,,p,kreisberg
ProjectCobb,2016,British National Baseball League,B00840,KUZMICKAS,Paul,0,South London,,,kuzmickas
ProjectCobb,2016,British National Baseball League,B00854,LANGTON,Simon,0,Herts,,,langton
ProjectCobb,2016,British National Baseball League,B00865,LAWSON,Tosh,0,London Mets,,,lawson
ProjectCobb,2016,British National Baseball League,B00879,LEAKE,Marshall,0,Essex,,,leake
ProjectCobb,2016,British National Baseball League,B00887,LEE,Andrew,0,London Mets,,,lee
ProjectCobb,2016,British National Baseball League,B00898,LENGYEL,Jeremy,0,South London,,,lengyel
ProjectCobb,2016,British National Baseball League,P10407,LENGYEL,Jeremy,0,South London,,p,lengyel
ProjectCobb,2016,British National Baseball League,B00904,LISI,Edoardo,0,South London,,,lisi
ProjectCobb,2016,British National Baseball League,B00912,LONGBOY,Zack,0,Herts,,,longboy
ProjectCobb,2016,British National Baseball League,P10410,LONGBOY,Zack,0,Herts,,p,longboy
ProjectCobb,2016,British National Baseball League,B00920,LORENZO,Arley,0,Southampton,,,lorenzo
ProjectCobb,2016,British National Baseball League,B00936,LOUW,Lance,0,Essex,,,louw
ProjectCobb,2016,British National Baseball League,P10429,LOUW,Lance,0,Essex,,p,louw
ProjectCobb,2016,British National Baseball League,B00948,MAITLAND,Matt,0,Essex,,,maitland
ProjectCobb,2016,British National Baseball League,P10432,MAITLAND,Matt,0,Essex,,p,maitland
ProjectCobb,2016,British National Baseball League,B00957,MANNING,Lee,0,Herts,,,manning
ProjectCobb,2016,British National Baseball League,B00961,MANUEL GERALDO,Luis,0,South London,,,manuel
ProjectCobb,2016,British National Baseball League,B00973,MARCAL,Ben,0,London Capitals,,,marcal
ProjectCobb,2016,British National Baseball League,B00985,MARTINEZ,Joksan,0,Southampton,,,martinez.j
ProjectCobb,2016,British National Baseball League,B00999,MARTINEZ,Reiniel,0,Southampton,,,martinez.r
ProjectCobb,2016,British National Baseball League,P10441,MARTINEZ,Reiniel,0,Southampton,,p,martinez.r
ProjectCobb,2016,British National Baseball League,B01007,MCCANN,Ian,0,Herts,,,mccann
ProjectCobb,2016,British National Baseball League,P10455,MCCANN,Ian,0,Herts,,p,mccann
ProjectCobb,2016,British National Baseball League,B01010,MEINTJES,Darren,0,Herts,,,meintjes
ProjectCobb,2016,British National Baseball League,B01029,MELLOR,Tom,0,Southampton,,,mellor
ProjectCobb,2016,British National Baseball League,P10464,MELLOR,Tom,0,Southampton,,p,mellor
ProjectCobb,2016,British National Baseball League,B01032,MIKI,Takaya,0,Herts,,,miki
ProjectCobb,2016,British National Baseball League,B01041,MILBY,James,0,South London,,,milby
ProjectCobb,2016,British National Baseball League,B01055,MIMEAULT,Eric,0,South London,,,mimeault
ProjectCobb,2016,British National Baseball League,B01064,MIZUNO,Marin,0,Brighton,,,mizuno
ProjectCobb,2016,British National Baseball League,B01078,MOLINA,Sebastian,0,Brighton,,,molina
ProjectCobb,2016,British National Baseball League,B01086,MONTANEZ,Rafael,0,South London,,,montanez
ProjectCobb,2016,British National Baseball League,P10478,MONTANEZ,Rafael,0,South London,,p,montanez
ProjectCobb,2016,British National Baseball League,B01093,MONTES DE OCA,Alex,0,London Capitals,,,montesdeoca
ProjectCobb,2016,British National Baseball League,B01108,MORAN,Matthew,0,London Mets,,,moran
ProjectCobb,2016,British National Baseball League,B01119,MOSIER,Freddy,0,London Mets,,,mosier
ProjectCobb,2016,British National Baseball League,B01124,O'BRIEN,Harry,0,Brighton,,,obrien.h
ProjectCobb,2016,British National Baseball League,B01135,O'BRIEN,Vince,0,Brighton,,,obrien.v
ProjectCobb,2016,British National Baseball League,P10486,O'BRIEN,Harry,0,Brighton,,p,obrien.h
ProjectCobb,2016,British National Baseball League,B01143,O'SHAUGHNESSY,Connor,0,South London,,,oshaughnessy
ProjectCobb,2016,British National Baseball League,P10493,O'SHAUGHNESSY,Connor,0,South London,,p,oshaughnessy
ProjectCobb,2016,British National Baseball League,B01156,OLIVER,Jed,0,Essex,,,oliver
ProjectCobb,2016,British National Baseball League,P10503,OLIVER,Jed,0,Essex,,p,oliver
ProjectCobb,2016,British National Baseball League,B01162,ORTEGA,Miguel,0,Southampton,,,ortega
ProjectCobb,2016,British National Baseball League,B01170,PARENT,Cole,0,Brighton,,,parent
ProjectCobb,2016,British National Baseball League,P10516,PARENT,Cole,0,Brighton,,p,parent
ProjectCobb,2016,British National Baseball League,B01181,PAUGH,Ricky,0,South London,,,paugh
ProjectCobb,2016,British National Baseball League,B01197,PEARCE,Aiden,0,London Mets,,,pearce
ProjectCobb,2016,British National Baseball League,B01203,PERELMUTER,Jake,0,London Mets,,,perelmuter
ProjectCobb,2016,British National Baseball League,B01216,PEREZ,Franklin,0,Essex,,,perez
ProjectCobb,2016,British National Baseball League,B01227,PIMENTEL,Jose,0,Southampton,,,pimentel
ProjectCobb,2016,British National Baseball League,P10527,PIMENTEL,Jose,0,Southampton,,p,pimentel
ProjectCobb,2016,British National Baseball League,B01234,POPOVITS,Pat,0,South London,,,popovits
ProjectCobb,2016,British National Baseball League,P10534,POPOVITS,Pat,0,South London,,p,popovits
ProjectCobb,2016,British National Baseball League,B01242,POSTORINO,Nick,0,Brighton,,,postorino
ProjectCobb,2016,British National Baseball League,B01250,PRESCOTT,Rhys,0,Brighton,,,prescott
ProjectCobb,2016,British National Baseball League,B01269,RAPAPORT,Joshua,0,London Mets,,,rapaport
ProjectCobb,2016,British National Baseball League,B01275,RATCLIFF,Jamie,0,Brighton,,,ratcliff.j
ProjectCobb,2016,British National Baseball League,B01288,RATCLIFF,Kester,0,Brighton,,,ratcliff.k
ProjectCobb,2016,British National Baseball League,P10542,RATCLIFF,Jamie,0,Brighton,,p,ratcliff.j
ProjectCobb,2016,British National Baseball League,B01291,RIFFLE,Conor,0,South London,,,riffle
ProjectCobb,2016,British National Baseball League,P10550,RIFFLE,Conor,0,South London,,p,riffle
ProjectCobb,2016,British National Baseball League,B01300,RODRIGUEZ,Alberto,0,Southampton,,,rodriguez-sou
ProjectCobb,2016,British National Baseball League,B01313,RODRIGUEZ,Miguel,0,Brighton,,,rodriguez-bri
ProjectCobb,2016,British National Baseball League,P10569,RODRIGUEZ,Alberto,0,Southampton,,p,rodriguez-sou
ProjectCobb,2016,British National Baseball League,P10575,RODRIGUEZ,Miguel,0,Brighton,,p,rodriguez-bri
ProjectCobb,2016,British National Baseball League,B01321,ROWLAND,Dustin,0,Essex,,,rowland
ProjectCobb,2016,British National Baseball League,P10588,ROWLAND,Dustin,0,Essex,,p,rowland
ProjectCobb,2016,British National Baseball League,B01337,ROWLANDS,Aaron,0,South London,,,rowlands
ProjectCobb,2016,British National Baseball League,B01345,RYAN,Cole,0,London Capitals,,,ryan
ProjectCobb,2016,British National Baseball League,B01359,SAIONJI,Kimiyoshi,0,Southampton,,,saionji
ProjectCobb,2016,British National Baseball League,B01368,SALES,Ian,0,Herts,,,sales
ProjectCobb,2016,British National Baseball League,P10591,SALES,Ian,0,Herts,,p,sales
ProjectCobb,2016,British National Baseball League,B01376,SANCHEZ,Antonio,0,London Capitals,,,sanchez
ProjectCobb,2016,British National Baseball League,B01384,SAYER,Ben,0,Essex,,,sayer
ProjectCobb,2016,British National Baseball League,P10606,SAYER,Ben,0,Essex,,p,sayer
ProjectCobb,2016,British National Baseball League,B01392,SAYERS,Jordan,0,Brighton,,,sayers
ProjectCobb,2016,British National Baseball League,B01402,SHAER,David,0,Essex,,,shaer
ProjectCobb,2016,British National Baseball League,B01415,SHEPPARD,Gordon,0,London Capitals,,,sheppard
ProjectCobb,2016,British National Baseball League,B01428,SHIELDS,Euan,0,South London,,,shields
ProjectCobb,2016,British National Baseball League,P10611,SHIELDS,Euan,0,South London,,p,shields
ProjectCobb,2016,British National Baseball League,B01431,SIANO,Brian,0,London Capitals,,,siano
ProjectCobb,2016,British National Baseball League,B01444,SIERRA,Oscar,0,Southampton,,,sierra
ProjectCobb,2016,British National Baseball League,B01453,SIMMONS,Steve,0,Essex,,,simmons
ProjectCobb,2016,British National Baseball League,P10622,SIMMONS,Steve,0,Essex,,p,simmons
ProjectCobb,2016,British National Baseball League,B01466,SOAN,Ryan,0,Brighton,,,soan
ProjectCobb,2016,British National Baseball League,P10633,SOAN,Ryan,0,Brighton,,p,soan
ProjectCobb,2016,British National Baseball League,B01477,SOMERS,Julian,0,London Mets,,,somers
ProjectCobb,2016,British National Baseball League,P10640,SOMERS,Julian,0,London Mets,,p,somers
ProjectCobb,2016,British National Baseball League,B01489,SOSA,Jose,0,Herts,,,sosa
ProjectCobb,2016,British National Baseball League,P10654,SOSA,Jose,0,Herts,,p,sosa
ProjectCobb,2016,British National Baseball League,B01490,SPROULE,Sam,0,London Mets,,,sproule
ProjectCobb,2016,British National Baseball League,P10665,SPROULE,Sam,0,London Mets,,p,sproule
ProjectCobb,2016,British National Baseball League,B01509,SSALI,Tim,0,South London,,,ssali
ProjectCobb,2016,British National Baseball League,P10679,SSALI,Tim,0,South London,,p,ssali
ProjectCobb,2016,British National Baseball League,B01514,STEWART,Dexter,0,Brighton,,,stewart
ProjectCobb,2016,British National Baseball League,B01523,STROMAN,Zach,0,London Mets,,,stroman
ProjectCobb,2016,British National Baseball League,B01538,TARRANT,Matt,0,London Mets,,,tarrant
ProjectCobb,2016,British National Baseball League,P10687,TARRANT,Matt,0,London Mets,,p,tarrant
ProjectCobb,2016,British National Baseball League,B01546,TAVARES,Bryan,0,South London,,,tavares
ProjectCobb,2016,British National Baseball League,P10698,TAVARES,Bryan,0,South London,,p,tavares
ProjectCobb,2016,British National Baseball League,B01551,THOMPSON,Ollie,0,South London,,,thompson
ProjectCobb,2016,British National Baseball League,B01567,TOMCHESSON,Jaxon,0,Essex,,,tomchesson
ProjectCobb,2016,British National Baseball League,P10709,TOMCHESSON,Jaxon,0,Essex,,p,tomchesson
ProjectCobb,2016,British National Baseball League,B01572,TUCKER,Martin,0,London Mets,,,tucker
ProjectCobb,2016,British National Baseball League,P10714,TUCKER,Martin,0,London Mets,,p,tucker
ProjectCobb,2016,British National Baseball League,B01580,TYLER,Maxwell,0,London Mets,,,tyler
ProjectCobb,2016,British National Baseball League,P10723,TYLER,Maxwell,0,London Mets,,p,tyler
ProjectCobb,2016,British National Baseball League,B01595,UENO,Yusuke,0,London Capitals,,,ueno
ProjectCobb,2016,British National Baseball League,P10738,UENO,Yusuke,0,London Capitals,,p,ueno
ProjectCobb,2016,British National Baseball League,B01601,VAN CANNEYT,Tijs,0,London Capitals,,,vancanneyt
ProjectCobb,2016,British National Baseball League,P10746,VAN CANNEYT,Tijs,0,London Capitals,,p,vancanneyt
ProjectCobb,2016,British National Baseball League,B01617,VANGUNDY,Callum,0,Herts,,,vangundy
ProjectCobb,2016,British National Baseball League,P10751,VANGUNDY,Callum,0,Herts,,p,vangundy
ProjectCobb,2016,British National Baseball League,B01625,VASQUEZ,Moise,0,Herts,,,vasquez.m
ProjectCobb,2016,British National Baseball League,B01630,VAZQUEZ,Osmel,0,Herts,,,vasquez.o
ProjectCobb,2016,British National Baseball League,P10767,VAZQUEZ,Osmel,0,Herts,,p,vasquez.o
ProjectCobb,2016,British National Baseball League,B01649,VILLANUEVA,Johan,0,London Capitals,,,villanueva
ProjectCobb,2016,British National Baseball League,P10772,VILLANUEVA,Johan,0,London Capitals,,p,villanueva
ProjectCobb,2016,British National Baseball League,B01658,VINALL,Callum,0,Southampton,,,vinall
ProjectCobb,2016,British National Baseball League,B01663,VLIJT,Jurenko,0,South London,,,vlijt
ProjectCobb,2016,British National Baseball League,P10780,VLIJT,Jurenko,0,South London,,p,vlijt
ProjectCobb,2016,British National Baseball League,B01674,VON ROSENBACH,Alex,0,South London,,,vonrosenbach
ProjectCobb,2016,British National Baseball League,B01682,WALKER,Tyson,0,London Mets,,,walker
ProjectCobb,2016,British National Baseball League,P10795,WALKER,Tyson,0,London Mets,,p,walker
ProjectCobb,2016,British National Baseball League,B01696,WARD,Darrin,0,Herts,,,ward
ProjectCobb,2016,British National Baseball League,P10805,WARD,Darrin,0,Herts,,p,ward
ProjectCobb,2016,British National Baseball League,B01706,WHITTON,Daniel,0,Brighton,,,whitton
ProjectCobb,2016,British National Baseball League,P10818,WHITTON,Daniel,0,Brighton,,p,whitton
ProjectCobb,2016,British National Baseball League,B01711,WILSON,Rhys,0,London Capitals,,,wilson
ProjectCobb,2016,British National Baseball League,P10826,WILSON,Rhys,0,London Capitals,,p,wilson
ProjectCobb,2016,British National Baseball League,B01722,WODZYNSKI,Shane,0,Essex,,,wodzynski
ProjectCobb,2016,British National Baseball League,P10839,WODZYNSKI,Shane,0,Essex,,p,wodzynski
ProjectCobb,2016,British National Baseball League,B01733,ZAJKO,Krzysz,0,South London,,,zajko
ProjectCobb,2016,British National Baseball League,B01740,ZUCKER,Will,0,Herts,,,zucker
ProjectCobb,2016,British National Baseball League,P10847,ZUCKER,Will,0,Herts,,p,zucker
