source,league.year,league.name,ident,person.ref,person.name.last,person.name.given,S_STINT,entry.name,span,pos
minoraverages/CoastalPlain,2019,Coastal Plain League,abbott,P12074,Abbott,Will,0,Lexington County,,P14p
minoraverages/CoastalPlain,2019,Coastal Plain League,acevedo,B02113,Acevedo,Luis,0,Lexington County,,B31
minoraverages/CoastalPlain,2019,Coastal Plain League,achuff,B01203,Achuff,Chase,0,Gastonia,,B44
minoraverages/CoastalPlain,2019,Coastal Plain League,achuff,P11369,Achuff,Chase,0,Gastonia,,P11p
minoraverages/CoastalPlain,2019,Coastal Plain League,adams-ede,B00319,Adams,Colin,0,Edenton,,B35
minoraverages/CoastalPlain,2019,Coastal Plain League,adams-lex,B02137,Adams,Aaron,0,Lexington County,,B11
minoraverages/CoastalPlain,2019,Coastal Plain League,adams-fay,P10687,Adams,Price,0,Fayetteville,,P16p
minoraverages/CoastalPlain,2019,Coastal Plain League,alders,B00229,Alders,Alex,0,Edenton,,B44
minoraverages/CoastalPlain,2019,Coastal Plain League,allen-fay,B00577,Allen,JoJo,0,Fayetteville,,B3
minoraverages/CoastalPlain,2019,Coastal Plain League,allen-fay,B00589,Allen,JoJo,0,Fayetteville,,B7
minoraverages/CoastalPlain,2019,Coastal Plain League,allen-fay,P10665,Allen,JoJo,0,Fayetteville,,P1p
minoraverages/CoastalPlain,2019,Coastal Plain League,allen-flo,P10949,Allen,Robin,0,Florence,,P10p
minoraverages/CoastalPlain,2019,Coastal Plain League,allman,B02611,Allman,Colin,0,Martinsville,,B14
minoraverages/CoastalPlain,2019,Coastal Plain League,anderson,P12500,Anderson,Kyle,0,Macon,,P1p
minoraverages/CoastalPlain,2019,Coastal Plain League,andrzejczyk,P13577,Andrzejczyk,Ryan,0,Savannah,,P1p
minoraverages/CoastalPlain,2019,Coastal Plain League,antle,P10062,Antle,Chase,0,Asheboro,,P4p
minoraverages/CoastalPlain,2019,Coastal Plain League,antonopou,P11784,Antonopou,J,0,Holly Springs,,P1p
minoraverages/CoastalPlain,2019,Coastal Plain League,appel,P12895,Appel,Mike,0,Morehead City,,P14p
minoraverages/CoastalPlain,2019,Coastal Plain League,arceneaux,P13319,Arceneaux,DC,0,Peninsula,,P3p
minoraverages/CoastalPlain,2019,Coastal Plain League,arceneaux,P13335,Arceneaux,Donald,0,Peninsula,,P4p
minoraverages/CoastalPlain,2019,Coastal Plain League,ard,P10097,Ard,Spencer,0,Asheboro,,P22p
minoraverages/CoastalPlain,2019,Coastal Plain League,arnold,P13920,Arnold,Josh,0,Wilson,,P17p
minoraverages/CoastalPlain,2019,Coastal Plain League,arsenault,P12769,Arsenault,Gavin,0,Martinsville,,P7p
minoraverages/CoastalPlain,2019,Coastal Plain League,arsenault,P12791,Arsenault,Gavin,0,Martinsville,,P2p
minoraverages/CoastalPlain,2019,Coastal Plain League,asbill,B02081,Asbill,Josh,0,Lexington County,,B3
minoraverages/CoastalPlain,2019,Coastal Plain League,ashley,B03177,Ashley,Drew,0,Peninsula,,B4
minoraverages/CoastalPlain,2019,Coastal Plain League,ashley,B03189,Ashley,Drew,0,Peninsula,,B29
minoraverages/CoastalPlain,2019,Coastal Plain League,ashy,B02357,Ashy,Brandon,0,Macon,,B14
minoraverages/CoastalPlain,2019,Coastal Plain League,austin,B00646,Austin,Gabe,0,Fayetteville,,B11
minoraverages/CoastalPlain,2019,Coastal Plain League,avant,B03908,Avant,Christian,0,Wilson,,B35
minoraverages/CoastalPlain,2019,Coastal Plain League,aviles,B03375,Aviles,Luis,0,Savannah,,B5
minoraverages/CoastalPlain,2019,Coastal Plain League,ayala,P13013,Ayala,AG,0,Morehead City,,P7p
minoraverages/CoastalPlain,2019,Coastal Plain League,baber,B00021,Baber,Dustin,0,Asheboro,,B28
minoraverages/CoastalPlain,2019,Coastal Plain League,baber,P10056,Baber,Dustin,0,Asheboro,,P1p
minoraverages/CoastalPlain,2019,Coastal Plain League,babin,B03014,Babin,Ty,0,Morehead City,,B15
minoraverages/CoastalPlain,2019,Coastal Plain League,baggett,B00957,Baggett,Patrick,0,Florence,,B4
minoraverages/CoastalPlain,2019,Coastal Plain League,bailey.p,B01722,Bailey,Patrick,0,Holly Springs,,B6
minoraverages/CoastalPlain,2019,Coastal Plain League,bailey.i,B01779,Bailey,Ian,0,Holly Springs,,B43
minoraverages/CoastalPlain,2019,Coastal Plain League,baker-hpt,B01489,Baker,Josh,0,High Point-Thomasville,,B35
minoraverages/CoastalPlain,2019,Coastal Plain League,baker-mc,B02847,Baker,Dusty,0,Morehead City,,B38
minoraverages/CoastalPlain,2019,Coastal Plain League,ballance,B02795,Ballance,Matt,0,Martinsville,,B6
minoraverages/CoastalPlain,2019,Coastal Plain League,barbee,P13672,Barbee,Hunter,0,Wilmington,,P9p
minoraverages/CoastalPlain,2019,Coastal Plain League,barclay,B02894,Barclay,Ty,0,Morehead City,,B21
minoraverages/CoastalPlain,2019,Coastal Plain League,barlow,P12420,Barlow,Walker,0,Macon,,P12p
minoraverages/CoastalPlain,2019,Coastal Plain League,barnes,B00590,Barnes,Nick,0,Fayetteville,,B9
minoraverages/CoastalPlain,2019,Coastal Plain League,barr,P10780,Barr,John,0,Fayetteville,,P3p
minoraverages/CoastalPlain,2019,Coastal Plain League,barrett,B01836,Barrett,Tyshawn,0,Holly Springs,,B7
minoraverages/CoastalPlain,2019,Coastal Plain League,barrow,B00879,Barrow,Mitch,0,Florence,,B33
minoraverages/CoastalPlain,2019,Coastal Plain League,bartels,B00475,Bartels,Carson,0,Fayetteville,,B36
minoraverages/CoastalPlain,2019,Coastal Plain League,bartels,P10516,Bartels,Carson,0,Fayetteville,,P2p
minoraverages/CoastalPlain,2019,Coastal Plain League,bartholomew,P12379,Bartholomew,Cory,0,Macon,,P6p
minoraverages/CoastalPlain,2019,Coastal Plain League,bartlett,B04001,Bartlett,Corrigan,0,Wilson,,B8
minoraverages/CoastalPlain,2019,Coastal Plain League,battle,B03128,Battle,Kyle,0,Peninsula,,B36
minoraverages/CoastalPlain,2019,Coastal Plain League,baucom,B03474,Baucom,Ethan,0,Savannah,,B36
minoraverages/CoastalPlain,2019,Coastal Plain League,beakler,P12333,Beakler,Wyatt,0,Macon,,P6p
minoraverages/CoastalPlain,2019,Coastal Plain League,beamon,B03713,Beamon,Jonah,0,Wilmington,,B42
minoraverages/CoastalPlain,2019,Coastal Plain League,beard,P10588,Beard,Seth,0,Fayetteville,,P8p
minoraverages/CoastalPlain,2019,Coastal Plain League,beard,P12993,Beard,Seth,0,Morehead City,,P3p
minoraverages/CoastalPlain,2019,Coastal Plain League,beasley,P11153,Beasley,Aaron,0,Forest City,,P10p
minoraverages/CoastalPlain,2019,Coastal Plain League,beatson,P12171,Beatson,Jordan,0,Lexington County,,P4p
minoraverages/CoastalPlain,2019,Coastal Plain League,beaver,B00370,Beaver,Claytin,0,Edenton,,B2
minoraverages/CoastalPlain,2019,Coastal Plain League,beers,P10357,Beers,Blake,0,Edenton,,P7p
minoraverages/CoastalPlain,2019,Coastal Plain League,belden,P13609,Belden,Brayden,0,Savannah,,P5p
minoraverages/CoastalPlain,2019,Coastal Plain League,bell-pen,B03080,Bell,Tommy,0,Peninsula,,B38
minoraverages/CoastalPlain,2019,Coastal Plain League,bell-hs,P11832,Bell,Brendan,0,Holly Springs,,P16p
minoraverages/CoastalPlain,2019,Coastal Plain League,benson,B01899,Benson,Charlie,0,Holly Springs,,B22
minoraverages/CoastalPlain,2019,Coastal Plain League,bergmann,B02665,Bergmann,Kenny,0,Martinsville,,B36
minoraverages/CoastalPlain,2019,Coastal Plain League,betts,B03072,Betts,Gray,0,Peninsula,,B15
minoraverages/CoastalPlain,2019,Coastal Plain League,biddison,B03102,Biddison,Nick,0,Peninsula,,B48
minoraverages/CoastalPlain,2019,Coastal Plain League,biddison,P13068,Biddison,Nick,0,Peninsula,,P1p
minoraverages/CoastalPlain,2019,Coastal Plain League,bishop-hpt,B01538,Bishop,Collin,0,High Point-Thomasville,,B4
minoraverages/CoastalPlain,2019,Coastal Plain League,bishop-wil,P13695,Bishop,Caleb,0,Wilmington,,P3p
minoraverages/CoastalPlain,2019,Coastal Plain League,bivins,B02407,Bivins,Cory,0,Macon,,B37
minoraverages/CoastalPlain,2019,Coastal Plain League,blair,P11128,Blair,Matt,0,Florence,,P6p
minoraverages/CoastalPlain,2019,Coastal Plain League,blalock,B02277,Blalock,Jordan,0,Lexington County,,B2
minoraverages/CoastalPlain,2019,Coastal Plain League,blalock,P12049,Blalock,Jordan,0,Lexington County,,P1p
minoraverages/CoastalPlain,2019,Coastal Plain League,blatchford,B02432,Blatchford,Cole,0,Macon,,B14
minoraverages/CoastalPlain,2019,Coastal Plain League,blaum,B02805,Blaum,Tyler,0,Martinsville,,B2
minoraverages/CoastalPlain,2019,Coastal Plain League,blaylock,B00973,Blaylock,Garrett,0,Forest City,,B36
minoraverages/CoastalPlain,2019,Coastal Plain League,blmoster,P12978,Blomster,Tyler,0,Morehead City,,P10p
minoraverages/CoastalPlain,2019,Coastal Plain League,bock,P11046,Bock,Nathan,0,Florence,,P13p
minoraverages/CoastalPlain,2019,Coastal Plain League,boisclair,P10527,Boisclair,Taylor,0,Fayetteville,,P1p
minoraverages/CoastalPlain,2019,Coastal Plain League,boles,B01625,Boles,Eli,0,High Point-Thomasville,,B8
minoraverages/CoastalPlain,2019,Coastal Plain League,boles,P11594,Boles,Eli,0,High Point-Thomasville,,P6p
minoraverages/CoastalPlain,2019,Coastal Plain League,boone,B03166,Boone,Jake,0,Peninsula,,B50
minoraverages/CoastalPlain,2019,Coastal Plain League,bost,B00469,Bost,Austin,0,Fayetteville,,B27
minoraverages/CoastalPlain,2019,Coastal Plain League,boswell,P11673,Boswell,Michael,0,High Point-Thomasville,,P11p
minoraverages/CoastalPlain,2019,Coastal Plain League,bounasera,B02818,Bounasera,Alec,0,Martinsville,,B3
minoraverages/CoastalPlain,2019,Coastal Plain League,bourne,B01983,Bourne,C,0,Holly Springs,,B1
minoraverages/CoastalPlain,2019,Coastal Plain League,bowen,P12485,Bowen,Bryce,0,Macon,,P8p
minoraverages/CoastalPlain,2019,Coastal Plain League,bracken,P11233,Bracken,Isaac,0,Forest City,,P10p
minoraverages/CoastalPlain,2019,Coastal Plain League,braden,P12322,Braden,Jackson,0,Macon,,P3p
minoraverages/CoastalPlain,2019,Coastal Plain League,bradley-fay,P10709,Bradley,Matt,0,Fayetteville,,P10p
minoraverages/CoastalPlain,2019,Coastal Plain League,bradley-fc,P11279,Bradley,Jacob,0,Forest City,,P4p
minoraverages/CoastalPlain,2019,Coastal Plain League,brandenburg,B01546,Brandenburg,Kip,0,High Point-Thomasville,,B42
minoraverages/CoastalPlain,2019,Coastal Plain League,bridges.n,B03604,Bridges,Noah,0,Wilmington,,B19
minoraverages/CoastalPlain,2019,Coastal Plain League,bridges.z,B03721,Bridges,Zachary,0,Wilmington,,B29
minoraverages/CoastalPlain,2019,Coastal Plain League,britts,B03571,Britts,Troy,0,Wilmington,,B14
minoraverages/CoastalPlain,2019,Coastal Plain League,britts,P13646,Britts,Troy,0,Wilmington,,P12p
minoraverages/CoastalPlain,2019,Coastal Plain League,brown.k-fay,B00491,Brown,KC,0,Fayetteville,,B25
minoraverages/CoastalPlain,2019,Coastal Plain League,brown.b-fay,B00651,Brown,Brett,0,Fayetteville,,B28
minoraverages/CoastalPlain,2019,Coastal Plain League,brown-gas,B01197,Brown,Michael,0,Gastonia,,B42
minoraverages/CoastalPlain,2019,Coastal Plain League,brown-pen,B03144,Brown,Hogan,0,Peninsula,,B32
minoraverages/CoastalPlain,2019,Coastal Plain League,brown-ash,P10202,Brown,Greg,0,Asheboro,,P10p
minoraverages/CoastalPlain,2019,Coastal Plain League,brown.b-fay,P10534,Brown,Brett,0,Fayetteville,,P1p
minoraverages/CoastalPlain,2019,Coastal Plain League,brown.k-fay,P10826,Brown,KC,0,Fayetteville,,P1p
minoraverages/CoastalPlain,2019,Coastal Plain League,brown-hs,P11997,Brown,Aidan,0,Holly Springs,,P5p
minoraverages/CoastalPlain,2019,Coastal Plain League,brown-mac,P12568,Brown,Garrett,0,Macon,,P1p
minoraverages/CoastalPlain,2019,Coastal Plain League,bryant-hs,B01787,Bryant,Chance,0,Holly Springs,,B13
minoraverages/CoastalPlain,2019,Coastal Plain League,bryant-ede,P10407,Bryant,Tyler,0,Edenton,,P1p
minoraverages/CoastalPlain,2019,Coastal Plain League,bryant-hs,P11792,Bryant,Chance,0,Holly Springs,,P1p
minoraverages/CoastalPlain,2019,Coastal Plain League,buckler,P13528,Buckler,Brooks,0,Savannah,,P2p
minoraverages/CoastalPlain,2019,Coastal Plain League,burch,B03153,Burch,Matt,0,Peninsula,,B43
minoraverages/CoastalPlain,2019,Coastal Plain League,burts,B01740,Burts,"David ""Itchy""",0,Holly Springs,,B29
minoraverages/CoastalPlain,2019,Coastal Plain League,bush,P12592,Bush,Calvin,0,Martinsville,,P3p
minoraverages/CoastalPlain,2019,Coastal Plain League,butler-hpt,B01477,Butler,Bryce,0,High Point-Thomasville,,B18
minoraverages/CoastalPlain,2019,Coastal Plain League,butler-fc,P11206,Butler,Kenan,0,Forest City,,P13p
minoraverages/CoastalPlain,2019,Coastal Plain League,butler-mar,P12734,Butler,Tom,0,Martinsville,,P4p
minoraverages/CoastalPlain,2019,Coastal Plain League,calamari,B03878,Calamari,Michael,0,Wilson,,B30
minoraverages/CoastalPlain,2019,Coastal Plain League,callahan-wil,B03759,Callahan,Dallas,0,Wilmington,,B19
minoraverages/CoastalPlain,2019,Coastal Plain League,callahan-flo,P10894,Callahan,Duncan,0,Florence,,P13p
minoraverages/CoastalPlain,2019,Coastal Plain League,callaly,P12105,Callaly,Bryan,0,Lexington County,,P11p
minoraverages/CoastalPlain,2019,Coastal Plain League,campbell,P11496,Campbell,Evan,0,Gastonia,,P8p
minoraverages/CoastalPlain,2019,Coastal Plain League,canty,B02410,Canty,Alex,0,Macon,,B22
minoraverages/CoastalPlain,2019,Coastal Plain League,capell,B02202,Capell,Kitt,0,Lexington County,,B19
minoraverages/CoastalPlain,2019,Coastal Plain League,capobianco,B02687,Capobianco,Jack,0,Martinsville,,B38
minoraverages/CoastalPlain,2019,Coastal Plain League,cargin,B02503,Cargin,Alec,0,Macon,,B17
minoraverages/CoastalPlain,2019,Coastal Plain League,carr,B03935,Carr,Jared,0,Wilson,,B49
minoraverages/CoastalPlain,2019,Coastal Plain League,carter-flo,B00912,Carter,Jon Mitchell,0,Florence,,B22
minoraverages/CoastalPlain,2019,Coastal Plain League,carter-mac,P12404,Carter,Logan,0,Macon,,P7p
minoraverages/CoastalPlain,2019,Coastal Plain League,carter-ede,P10244,Cartrer,Noah,0,Edenton,,P1p
minoraverages/CoastalPlain,2019,Coastal Plain League,cartrett,B03768,Cartrett,Henry,0,Wilmington,,B13
minoraverages/CoastalPlain,2019,Coastal Plain League,cartrett,P13739,Cartrett,Henry,0,Wilmington,,P12p
minoraverages/CoastalPlain,2019,Coastal Plain League,causey,P12448,Causey,Jay,0,Macon,,P6p
minoraverages/CoastalPlain,2019,Coastal Plain League,chamblee,P13515,Chamblee,Stephen,0,Savannah,,P12p
minoraverages/CoastalPlain,2019,Coastal Plain League,chestnut,P11023,Chestnut,Seth,0,Florence,,P3p
minoraverages/CoastalPlain,2019,Coastal Plain League,chevalier,B01181,Chevalier,Nathan,0,Gastonia,,B45
minoraverages/CoastalPlain,2019,Coastal Plain League,choboy,B01291,Choboy,Landon,0,Gastonia,,B37
minoraverages/CoastalPlain,2019,Coastal Plain League,christian,B01466,Christian,Myles,0,High Point-Thomasville,,B22
minoraverages/CoastalPlain,2019,Coastal Plain League,christopher-fc,B01078,Christopher,Gehrig,0,Forest City,,B16
minoraverages/CoastalPlain,2019,Coastal Plain League,christopher-wil,B03893,Christopher,Shamoy,0,Wilson,,B23
minoraverages/CoastalPlain,2019,Coastal Plain League,clayton,P10361,Clayton,Cyle,0,Edenton,,P11p
minoraverages/CoastalPlain,2019,Coastal Plain League,cleveland,P10336,Cleveland,Walker,0,Edenton,,P3p
minoraverages/CoastalPlain,2019,Coastal Plain League,cline,B01848,Cline,Cody,0,Holly Springs,,B8
minoraverages/CoastalPlain,2019,Coastal Plain League,coates,P14036,Coates,Chandler,0,Wilson,,P8p
minoraverages/CoastalPlain,2019,Coastal Plain League,coker,P11009,Coker,Andrew,0,Florence,,P3p
minoraverages/CoastalPlain,2019,Coastal Plain League,cole,P10611,Cole,Jonathan,0,Fayetteville,,P6p
minoraverages/CoastalPlain,2019,Coastal Plain League,coleman,P10883,Coleman,Rashard,0,Florence,,P9p
minoraverages/CoastalPlain,2019,Coastal Plain League,coles,P13450,Coles,Chad,0,Savannah,,P3p
minoraverages/CoastalPlain,2019,Coastal Plain League,conlon,P13614,Conlon,Jack,0,Savannah,,P5p
minoraverages/CoastalPlain,2019,Coastal Plain League,connolly,P12118,Connolly,Shane,0,Lexington County,,P11p
minoraverages/CoastalPlain,2019,Coastal Plain League,conrad,B03685,Conrad,CJ,0,Wilmington,,B44
minoraverages/CoastalPlain,2019,Coastal Plain League,cook-hs,P11893,Cook,Holden,0,Holly Springs,,P5p
minoraverages/CoastalPlain,2019,Coastal Plain League,cook-mc,P13021,Cook,Cole,0,Morehead City,,P8p
minoraverages/CoastalPlain,2019,Coastal Plain League,copeland,B02266,Copeland,Aaron,0,Lexington County,,B7
minoraverages/CoastalPlain,2019,Coastal Plain League,copeland,P12306,Copeland,Aaron,0,Lexington County,,P3p
minoraverages/CoastalPlain,2019,Coastal Plain League,corbitt,B02231,Corbitt,Tyler,0,Lexington County,,B18
minoraverages/CoastalPlain,2019,Coastal Plain League,cornell,B02429,Cornell,Zach,0,Macon,,B11
minoraverages/CoastalPlain,2019,Coastal Plain League,cosby,B02527,Cosby,Parker,0,Macon,,B6
minoraverages/CoastalPlain,2019,Coastal Plain League,covington,P11552,Covington,Chase,0,Gastonia,,P11p
minoraverages/CoastalPlain,2019,Coastal Plain League,cox,B02751,Cox,Dominic,0,Martinsville,,B33
minoraverages/CoastalPlain,2019,Coastal Plain League,crabtree,B01754,Crabtree,Chris,0,Holly Springs,,B37
minoraverages/CoastalPlain,2019,Coastal Plain League,cranston,B00045,Cranston,Tyler,0,Asheboro,,B34
minoraverages/CoastalPlain,2019,Coastal Plain League,creel,P11807,Creel,John,0,Holly Springs,,P1p
minoraverages/CoastalPlain,2019,Coastal Plain League,crosby,P10385,Crosby,Grant,0,Edenton,,P23p
minoraverages/CoastalPlain,2019,Coastal Plain League,cross,B00381,Cross,Brock,0,Edenton,,B5
minoraverages/CoastalPlain,2019,Coastal Plain League,cucinotta,B01971,Cucinotta,Jack,0,Holly Springs,,B7
minoraverages/CoastalPlain,2019,Coastal Plain League,cunningham,P10455,Cunningham,Lee,0,Edenton,,P4p
minoraverages/CoastalPlain,2019,Coastal Plain League,cuomo,P12473,Cuomo,Joseph,0,Macon,,P8p
minoraverages/CoastalPlain,2019,Coastal Plain League,cuozzi,B01617,Cuozzi,Anthony,0,High Point-Thomasville,,B15
minoraverages/CoastalPlain,2019,Coastal Plain League,curry,B03661,Curry,Steven,0,Wilmington,,B17
minoraverages/CoastalPlain,2019,Coastal Plain League,cyr,B01216,Cyr,Jeff,0,Gastonia,,B50
minoraverages/CoastalPlain,2019,Coastal Plain League,czanstkowski,P10081,Czanstkowski,Ryan,0,Asheboro,,P9p
minoraverages/CoastalPlain,2019,Coastal Plain League,dalessandro,B02746,D'Alessandro,Tyler,0,Martinsville,,B8
minoraverages/CoastalPlain,2019,Coastal Plain League,dailey,P11265,Dailey,Matthew,0,Forest City,,P4p
minoraverages/CoastalPlain,2019,Coastal Plain League,darnall,P12742,Darnall,Charlie,0,Martinsville,,P9p
minoraverages/CoastalPlain,2019,Coastal Plain League,davilla,P11474,Davilla,Timothy,0,Gastonia,,P6p
minoraverages/CoastalPlain,2019,Coastal Plain League,davis-hs,B01674,Davis,Kyle,0,Holly Springs,,B19
minoraverages/CoastalPlain,2019,Coastal Plain League,davis.l-hpt,P11583,Davis,Luke,0,High Point-Thomasville,,P9p
minoraverages/CoastalPlain,2019,Coastal Plain League,davis.n-hpt,P11721,Davis,Noah,0,High Point-Thomasville,,P12p
minoraverages/CoastalPlain,2019,Coastal Plain League,davis-hs,P11829,Davis,Kyle,0,Holly Springs,,P18p
minoraverages/CoastalPlain,2019,Coastal Plain League,demichele,P10852,DeMichele,Chase,0,Florence,,P2p
minoraverages/CoastalPlain,2019,Coastal Plain League,devine,B03943,DeVine,Drew,0,Wilson,,B23
minoraverages/CoastalPlain,2019,Coastal Plain League,dearman,P13566,Dearman,Christian,0,Savannah,,P2p
minoraverages/CoastalPlain,2019,Coastal Plain League,dedas,B03298,Dedas,Dalton,0,Peninsula,,B2
minoraverages/CoastalPlain,2019,Coastal Plain League,dees,B01994,Dees,Bailey,0,Holly Springs,,B1
minoraverages/CoastalPlain,2019,Coastal Plain League,degen,P13416,Degen,Alex,0,Savannah,,P17p
minoraverages/CoastalPlain,2019,Coastal Plain League,dellerman,B02767,Dellerman,Tyler,0,Martinsville,,B2
minoraverages/CoastalPlain,2019,Coastal Plain League,devine,P13182,Devine,Ryan,0,Peninsula,,P15p
minoraverages/CoastalPlain,2019,Coastal Plain League,dickey,P13045,Dickey,Austin,0,Morehead City,,P7p
minoraverages/CoastalPlain,2019,Coastal Plain League,dill,B00566,Dill,Nathan,0,Fayetteville,,B9
minoraverages/CoastalPlain,2019,Coastal Plain League,dill,B00695,Dill,Nathan,0,Fayetteville,,B1
minoraverages/CoastalPlain,2019,Coastal Plain League,dix,P12703,Dix,Evan,0,Martinsville,,P14p
minoraverages/CoastalPlain,2019,Coastal Plain League,dodd,B01275,Dodd,Mason,0,Gastonia,,B1
minoraverages/CoastalPlain,2019,Coastal Plain League,donathan.d,B01108,Donathan,Drew,0,Forest City,,B21
minoraverages/CoastalPlain,2019,Coastal Plain League,donathan.t,P11316,Donathan,Trey,0,Forest City,,P2p
minoraverages/CoastalPlain,2019,Coastal Plain League,dornak,P10289,Dornak,CJ,0,Edenton,,P8p
minoraverages/CoastalPlain,2019,Coastal Plain League,dossenbach,P12058,Dossenbach,Adam,0,Lexington County,,P1p
minoraverages/CoastalPlain,2019,Coastal Plain League,dotson,P11240,Dotson,Josh,0,Forest City,,P5p
minoraverages/CoastalPlain,2019,Coastal Plain League,dowless,P10348,Dowless,John,0,Edenton,,P19p
minoraverages/CoastalPlain,2019,Coastal Plain League,downum,B00356,Downum,Patrick,0,Edenton,,B12
minoraverages/CoastalPlain,2019,Coastal Plain League,drake,P10478,Drake,Holden,0,Edenton,,P8p
minoraverages/CoastalPlain,2019,Coastal Plain League,drayton,P12096,Drayton,Jared,0,Lexington County,,P10p
minoraverages/CoastalPlain,2019,Coastal Plain League,drpich,B00278,Drpich,Justin,0,Edenton,,B41
minoraverages/CoastalPlain,2019,Coastal Plain League,dues,B00609,Dues,Damon,0,Fayetteville,,B5
minoraverages/CoastalPlain,2019,Coastal Plain League,dumont,B01572,Dumont,Christian,0,High Point-Thomasville,,B30
minoraverages/CoastalPlain,2019,Coastal Plain League,durfee,B00840,Durfee,Zachary,0,Florence,,B37
minoraverages/CoastalPlain,2019,Coastal Plain League,easley,B02591,Easley,Christian,0,Martinsville,,B6
minoraverages/CoastalPlain,2019,Coastal Plain League,ehrhard,B01313,Ehrhard,Drew,0,Gastonia,,B5
minoraverages/CoastalPlain,2019,Coastal Plain League,ehrhard,P11518,Ehrhard,Drew,0,Gastonia,,P1p
minoraverages/CoastalPlain,2019,Coastal Plain League,eisenbarger,P10373,Eisenbarger,Jack,0,Edenton,,P12p
minoraverages/CoastalPlain,2019,Coastal Plain League,elliott-ash,B00158,Elliot,Jack,0,Asheboro,,B11
minoraverages/CoastalPlain,2019,Coastal Plain League,elliott-mar,P12750,Elliott,Austin,0,Martinsville,,P7p
minoraverages/CoastalPlain,2019,Coastal Plain League,elwood,B00999,Elwood,Todd,0,Forest City,,B37
minoraverages/CoastalPlain,2019,Coastal Plain League,encarnacion,B03560,Encarnacion,Bryan,0,Savannah,,B7
minoraverages/CoastalPlain,2019,Coastal Plain League,engel,B00076,Engel,Clayton,0,Asheboro,,B38
minoraverages/CoastalPlain,2019,Coastal Plain League,epps,B00854,Epps,Grey,0,Florence,,B35
minoraverages/CoastalPlain,2019,Coastal Plain League,erickson-fay,P10633,Erickson,Adam,0,Fayetteville,,P8p
minoraverages/CoastalPlain,2019,Coastal Plain League,erickson-pen,P13196,Erickson,David,0,Peninsula,,P7p
minoraverages/CoastalPlain,2019,Coastal Plain League,estrada,B02348,Estrada,Calvin,0,Macon,,B42
minoraverages/CoastalPlain,2019,Coastal Plain League,estridge,P11661,Estridge,Evan,0,High Point-Thomasville,,P8p
minoraverages/CoastalPlain,2019,Coastal Plain League,ethington,B00705,Ethington,Anthony,0,Fayetteville,,B10
minoraverages/CoastalPlain,2019,Coastal Plain League,ethington,P10654,Ethington,Anthony,0,Fayetteville,,P9p
minoraverages/CoastalPlain,2019,Coastal Plain League,evans-ede,B00241,Evans,Jake,0,Edenton,,B37
minoraverages/CoastalPlain,2019,Coastal Plain League,evans-lc,B02253,Evans,Peyton,0,Lexington County,,B10
minoraverages/CoastalPlain,2019,Coastal Plain League,evans-lc,P12208,Evans,Peyton,0,Lexington County,,P6p
minoraverages/CoastalPlain,2019,Coastal Plain League,evans-mar,P12690,Evans,Ryan,0,Martinsville,,P19p
minoraverages/CoastalPlain,2019,Coastal Plain League,everett,B03657,Everett,Cory,0,Wilmington,,B45
minoraverages/CoastalPlain,2019,Coastal Plain League,ewald,P11067,Ewald,Sam,0,Florence,,P3p
minoraverages/CoastalPlain,2019,Coastal Plain League,faile,B01682,Faile,John Michael,0,Holly Springs,,B22
minoraverages/CoastalPlain,2019,Coastal Plain League,fairey,B03612,Fairey,Chad,0,Wilmington,,B37
minoraverages/CoastalPlain,2019,Coastal Plain League,fant,P11970,Fant,Harrison,0,Holly Springs,,P2p
minoraverages/CoastalPlain,2019,Coastal Plain League,farmer-wil,B03997,Farmer,Reese,0,Wilson,,B14
minoraverages/CoastalPlain,2019,Coastal Plain League,farmer-mac,P12521,Farmer,Josh,0,Macon,,P10p
minoraverages/CoastalPlain,2019,Coastal Plain League,fehribach,P10591,Fehribach,CJ,0,Fayetteville,,P12p
minoraverages/CoastalPlain,2019,Coastal Plain League,fenton,B03855,Fenton,Alex,0,Wilmington,,B10
minoraverages/CoastalPlain,2019,Coastal Plain League,fenton,P13752,Fenton,Alex,0,Wilmington,,P9p
minoraverages/CoastalPlain,2019,Coastal Plain League,fiala,P14048,Fiala,Nate,0,Wilson,,P9p
minoraverages/CoastalPlain,2019,Coastal Plain League,field,B01861,Field,Jake,0,Holly Springs,,B5
minoraverages/CoastalPlain,2019,Coastal Plain League,fields,B02008,Fields,Javon,0,Holly Springs,,B2
minoraverages/CoastalPlain,2019,Coastal Plain League,figueroa,B00783,Figueroa,Eldridge,0,Florence,,B46
minoraverages/CoastalPlain,2019,Coastal Plain League,fink,B02486,Fink,Logan,0,Macon,,B39
minoraverages/CoastalPlain,2019,Coastal Plain League,fink,P12559,Fink,Logan,0,Macon,,P1p
minoraverages/CoastalPlain,2019,Coastal Plain League,fisch,P10698,Fisch,Ryan,0,Fayetteville,,P6p
minoraverages/CoastalPlain,2019,Coastal Plain League,fisher,P12584,Fisher,Logan,0,Martinsville,,P1p
minoraverages/CoastalPlain,2019,Coastal Plain League,fitzgerald,P10432,Fitzgerald,Ian,0,Edenton,,P11p
minoraverages/CoastalPlain,2019,Coastal Plain League,fitzpatrick,B00286,Fitzpatrick,Jordan,0,Edenton,,B38
minoraverages/CoastalPlain,2019,Coastal Plain League,flaherty,B02569,Flaherty,Keith,0,Martinsville,,B4
minoraverages/CoastalPlain,2019,Coastal Plain League,flaherty,P12809,Flaherty,Keith,0,Martinsville,,P1p
minoraverages/CoastalPlain,2019,Coastal Plain League,flores,P12243,Flores,Ryan,0,Lexington County,,P11p
minoraverages/CoastalPlain,2019,Coastal Plain League,foge,P12880,Foge,Keegan,0,Morehead City,,P19p
minoraverages/CoastalPlain,2019,Coastal Plain League,foster-fc,B01041,Foster,Carter,0,Forest City,,B16
minoraverages/CoastalPlain,2019,Coastal Plain League,foster-sav,B03552,Foster,Logan,0,Savannah,,B13
minoraverages/CoastalPlain,2019,Coastal Plain League,fowich,B01630,Fowich,Colin,0,High Point-Thomasville,,B4
minoraverages/CoastalPlain,2019,Coastal Plain League,fox,P10231,Fox,Justin,0,Asheboro,,P8p
minoraverages/CoastalPlain,2019,Coastal Plain League,freedman,B00343,Freedman,Sam,0,Edenton,,B12
minoraverages/CoastalPlain,2019,Coastal Plain League,freeman,B01368,Freeman,Matt,0,Gastonia,,B13
minoraverages/CoastalPlain,2019,Coastal Plain League,freeman,P11342,Freeman,Matt,0,Gastonia,,P2p
minoraverages/CoastalPlain,2019,Coastal Plain League,fremion,P14061,Fremion,Grant,0,Wilson,,P8p
minoraverages/CoastalPlain,2019,Coastal Plain League,frongello,P10542,Frongello,Robbie,0,Fayetteville,,P5p
minoraverages/CoastalPlain,2019,Coastal Plain League,fry,B01601,Fry,Jared,0,High Point-Thomasville,,B16
minoraverages/CoastalPlain,2019,Coastal Plain League,fulk,P12152,Fulk,Brett,0,Lexington County,,P6p
minoraverages/CoastalPlain,2019,Coastal Plain League,gaddis,P11810,Gaddis,John,0,Holly Springs,,P6p
minoraverages/CoastalPlain,2019,Coastal Plain League,gallaccio,P12457,Gallaccio,Ryan,0,Macon,,P10p
minoraverages/CoastalPlain,2019,Coastal Plain League,garner,P12281,Garner,Josh,0,Lexington County,,P4p
minoraverages/CoastalPlain,2019,Coastal Plain League,garrett,P13264,Garrett,Cole,0,Peninsula,,P10p
minoraverages/CoastalPlain,2019,Coastal Plain League,geber,P10100,Geber,Jordan,0,Asheboro,,P7p
minoraverages/CoastalPlain,2019,Coastal Plain League,gentry-mac,B02441,Gentry,Cal,0,Macon,,B29
minoraverages/CoastalPlain,2019,Coastal Plain League,gentry-flo,P11038,Gentry,Dylan,0,Florence,,P3p
minoraverages/CoastalPlain,2019,Coastal Plain League,gerstner,B02145,Gerstner,Bailey,0,Lexington County,,B12
minoraverages/CoastalPlain,2019,Coastal Plain League,gilmore,P13912,Gilmore,Jacob,0,Wilson,,P6p
minoraverages/CoastalPlain,2019,Coastal Plain League,girouard,B03233,Girouard,Cole,0,Peninsula,,B8
minoraverages/CoastalPlain,2019,Coastal Plain League,glanton,B02320,Glanton,Roury,0,Macon,,B10
minoraverages/CoastalPlain,2019,Coastal Plain League,glass,P11287,Glass`,Wes,0,Forest City,,P8p
minoraverages/CoastalPlain,2019,Coastal Plain League,glenn,B02925,Glenn,Blaze,0,Morehead City,,B36
minoraverages/CoastalPlain,2019,Coastal Plain League,gonzales,P14012,Gonzales,CJ,0,Wilson,,P20p
minoraverages/CoastalPlain,2019,Coastal Plain League,gonzalez-flo,B00811,Gonzalez,Leniel,0,Florence,,B8
minoraverages/CoastalPlain,2019,Coastal Plain League,gonzalez.n-pen,B03206,Gonzalez,Nick,0,Peninsula,,B41
minoraverages/CoastalPlain,2019,Coastal Plain League,gonzalez.b-pen,P13278,Gonzalez,Bo,0,Peninsula,,P3p
minoraverages/CoastalPlain,2019,Coastal Plain League,goodwin,P13475,Goodwin,Hunter,0,Savannah,,P11p
minoraverages/CoastalPlain,2019,Coastal Plain League,gordon,B01055,Gordon,Chaston,0,Forest City,,B22
minoraverages/CoastalPlain,2019,Coastal Plain League,gore,B03970,Gore,Hunter,0,Wilson,,B43
minoraverages/CoastalPlain,2019,Coastal Plain League,gough,B00739,Gough,Andrew,0,Florence,,B1
minoraverages/CoastalPlain,2019,Coastal Plain League,gowen,P13589,Gowen,Jack,0,Savannah,,P9p
minoraverages/CoastalPlain,2019,Coastal Plain League,graziano,B00515,Graziano,Joe,0,Fayetteville,,B8
minoraverages/CoastalPlain,2019,Coastal Plain League,graziano,P10738,Graziano,Joe,0,Fayetteville,,P8p
minoraverages/CoastalPlain,2019,Coastal Plain League,green-gas,B01170,Green,Tanner,0,Gastonia,,B20
minoraverages/CoastalPlain,2019,Coastal Plain League,green-lc,B02035,Green,Michael,0,Lexington County,,B27
minoraverages/CoastalPlain,2019,Coastal Plain League,green-gas,P11547,Green,Tanner,0,Gastonia,,P2p
minoraverages/CoastalPlain,2019,Coastal Plain League,greene,P10974,Greene,Brady,0,Florence,,P8p
minoraverages/CoastalPlain,2019,Coastal Plain League,greer,B03673,Greer,Tucker,0,Wilmington,,B43
minoraverages/CoastalPlain,2019,Coastal Plain League,gregory,B02159,Gregory,Josh,0,Lexington County,,B34
minoraverages/CoastalPlain,2019,Coastal Plain League,guckin,B01947,Guckin,Ryan,0,Holly Springs,,B12
minoraverages/CoastalPlain,2019,Coastal Plain League,gugliomello,P11943,Gugliomello,Tom,0,Holly Springs,,P12p
minoraverages/CoastalPlain,2019,Coastal Plain League,gutcher,B03287,Gutcher,Danny,0,Peninsula,,B7
minoraverages/CoastalPlain,2019,Coastal Plain League,guy,B01093,Guy,Justin,0,Forest City,,B11
minoraverages/CoastalPlain,2019,Coastal Plain League,hagedorn,P13101,Hagedorn,Tyler,0,Peninsula,,P9p
minoraverages/CoastalPlain,2019,Coastal Plain League,haines,P10818,Haines,Matthew,0,Fayetteville,,P3p
minoraverages/CoastalPlain,2019,Coastal Plain League,haines,P10839,Haines,Matthew,0,Fayetteville,,P1p
minoraverages/CoastalPlain,2019,Coastal Plain League,haire,P11700,Haire,Rian,0,High Point-Thomasville,,P5p
minoraverages/CoastalPlain,2019,Coastal Plain League,hall.p,P13125,Hall,Paul Jr.,0,Peninsula,,P4p
minoraverages/CoastalPlain,2019,Coastal Plain League,hall.c,P13343,Hall,Charles,0,Peninsula,,P1p
minoraverages/CoastalPlain,2019,Coastal Plain League,hamilton,B00207,Hamilton,Quincy,0,Edenton,,B46
minoraverages/CoastalPlain,2019,Coastal Plain League,hancock,B01415,Hancock,Luke,0,High Point-Thomasville,,B23
minoraverages/CoastalPlain,2019,Coastal Plain League,hancock,P11768,Hancock,Luke,0,High Point-Thomasville,,P1p
minoraverages/CoastalPlain,2019,Coastal Plain League,handa,P11388,Handa,Rohan,0,Gastonia,,P16p
minoraverages/CoastalPlain,2019,Coastal Plain League,haney,B01321,Haney,Josh,0,Gastonia,,B17
minoraverages/CoastalPlain,2019,Coastal Plain League,hanna,B01288,Hanna,Bill,0,Gastonia,,B45
minoraverages/CoastalPlain,2019,Coastal Plain League,hardwick,B00936,Hardwick,Reid,0,Florence,,B22
minoraverages/CoastalPlain,2019,Coastal Plain League,harford,B02575,Harford,Casey,0,Martinsville,,B28
minoraverages/CoastalPlain,2019,Coastal Plain League,harpalani,P13623,Harpalani,Maxx,0,Wilmington,,P4p
minoraverages/CoastalPlain,2019,Coastal Plain League,harrill,P11560,Harrill,Lawson,0,Gastonia,,P1p
minoraverages/CoastalPlain,2019,Coastal Plain League,harris-ash,B00149,Harris,Ben,0,Asheboro,,B10
minoraverages/CoastalPlain,2019,Coastal Plain League,harris-fay,B00672,Harris,Trent,0,Fayetteville,,B5
minoraverages/CoastalPlain,2019,Coastal Plain League,harris-mac,B02385,Harris,Daniel,0,Macon,,B28
minoraverages/CoastalPlain,2019,Coastal Plain League,harris-mc,B02871,Harris,Jack,0,Morehead City,,B48
minoraverages/CoastalPlain,2019,Coastal Plain League,harris-ash,P10228,Harris,Ben,0,Asheboro,,P3p
minoraverages/CoastalPlain,2019,Coastal Plain League,harris-mac,P12365,Harris,Chace,0,Macon,,P10p
minoraverages/CoastalPlain,2019,Coastal Plain League,harrison,B01029,Harrison,Matt,0,Forest City,,B32
minoraverages/CoastalPlain,2019,Coastal Plain League,harrison,P11303,Harrison,Matt,0,Forest City,,P15p
minoraverages/CoastalPlain,2019,Coastal Plain League,hart-fay,P10847,Hart,Cole,0,Fayetteville,,P1p
minoraverages/CoastalPlain,2019,Coastal Plain League,hart-wil,P13904,Hart,Alex,0,Wilson,,P6p
minoraverages/CoastalPlain,2019,Coastal Plain League,hasty,P12644,Hasty,Charles,0,Martinsville,,P16p
minoraverages/CoastalPlain,2019,Coastal Plain League,havlicek,P13879,Havlicek,Alex,0,Wilmington,,P13p
minoraverages/CoastalPlain,2019,Coastal Plain League,hawkins,P13726,Hawkins,Bryar,0,Wilmington,,P1p
minoraverages/CoastalPlain,2019,Coastal Plain League,hearst,P11648,Hearst,Tyrese,0,High Point-Thomasville,,P10p
minoraverages/CoastalPlain,2019,Coastal Plain League,heffron,B03417,Heffron,Cory,0,Savannah,,B23
minoraverages/CoastalPlain,2019,Coastal Plain League,hehnke,P12907,Hehnke,Cal,0,Morehead City,,P17p
minoraverages/CoastalPlain,2019,Coastal Plain League,henderson,B01032,Henderson,Elijah,0,Forest City,,B34
minoraverages/CoastalPlain,2019,Coastal Plain League,herbert,P11254,Herbert,Mason,0,Forest City,,P2p
minoraverages/CoastalPlain,2019,Coastal Plain League,herlong,P11855,Herlong,Brent,0,Holly Springs,,P8p
minoraverages/CoastalPlain,2019,Coastal Plain League,hershman,P13434,Hershman,Jake,0,Savannah,,P7p
minoraverages/CoastalPlain,2019,Coastal Plain League,hickert,P11463,Hickert,Grayson,0,Gastonia,,P5p
minoraverages/CoastalPlain,2019,Coastal Plain League,hicks,B01696,Hicks,Liam,0,Holly Springs,,B36
minoraverages/CoastalPlain,2019,Coastal Plain League,hogan,B03067,Hogan,Riley,0,Peninsula,,B48
minoraverages/CoastalPlain,2019,Coastal Plain League,holcomb,P11417,Holcomb,Mitchell,0,Gastonia,,P5p
minoraverages/CoastalPlain,2019,Coastal Plain League,holden,P10917,Holden,Connor,0,Florence,,P13p
minoraverages/CoastalPlain,2019,Coastal Plain League,holladay,B02070,Holladay,Jordan,0,Lexington County,,B18
minoraverages/CoastalPlain,2019,Coastal Plain League,hollas,P13936,Hollas,Nicholas,0,Wilson,,P8p
minoraverages/CoastalPlain,2019,Coastal Plain League,holloway,B02516,Holloway,Austin,0,Macon,,B8
minoraverages/CoastalPlain,2019,Coastal Plain League,holt,B00308,Holt,Mason,0,Edenton,,B14
minoraverages/CoastalPlain,2019,Coastal Plain League,holtzapple,B01733,Holtzapple,Jake,0,Holly Springs,,B25
minoraverages/CoastalPlain,2019,Coastal Plain League,hood,B00013,Hood,Josh,0,Asheboro,,B42
minoraverages/CoastalPlain,2019,Coastal Plain League,hopman,P10277,Hopman,Tyler,0,Edenton,,P9p
minoraverages/CoastalPlain,2019,Coastal Plain League,housman,P10503,Housman,Trystan,0,Edenton,,P1p
minoraverages/CoastalPlain,2019,Coastal Plain League,howard-fay,B00403,Howard,Pearce,0,Fayetteville,,B33
minoraverages/CoastalPlain,2019,Coastal Plain League,howard-sav,B03391,Howard,Jake,0,Savannah,,B15
minoraverages/CoastalPlain,2019,Coastal Plain League,howard-fay,P10550,Howard,Pearce,0,Fayetteville,,P1p
minoraverages/CoastalPlain,2019,Coastal Plain League,howell-sav,B03425,Howell,Gabe,0,Savannah,,B46
minoraverages/CoastalPlain,2019,Coastal Plain League,howell-mar,P12727,Howell,Cameron,0,Martinsville,,P3p
minoraverages/CoastalPlain,2019,Coastal Plain League,hoyle,B01820,Hoyle,Wil,0,Holly Springs,,B28
minoraverages/CoastalPlain,2019,Coastal Plain League,hoyt,B01663,Hoyt,R,0,Holly Springs,,B1
minoraverages/CoastalPlain,2019,Coastal Plain League,hrica,B01706,Hrica,AJ,0,Holly Springs,,B22
minoraverages/CoastalPlain,2019,Coastal Plain League,hudson-lc,B02168,Hudson,Tristen,0,Lexington County,,B22
minoraverages/CoastalPlain,2019,Coastal Plain League,hudson-mc,B03009,Hudson,Logan,0,Morehead City,,B19
minoraverages/CoastalPlain,2019,Coastal Plain League,hudson-lc,P12219,Hudson,Tristen,0,Lexington County,,P3p
minoraverages/CoastalPlain,2019,Coastal Plain League,huffman,P11072,Huffman,Ryan,0,Florence,,P13p
minoraverages/CoastalPlain,2019,Coastal Plain League,hughes-ede,P10304,Hughes,Sean,0,Edenton,,P7p
minoraverages/CoastalPlain,2019,Coastal Plain League,hughes-flo,P10958,Hughes,Culver,0,Florence,,P8p
minoraverages/CoastalPlain,2019,Coastal Plain League,hursey,P11080,Hursey,Matt,0,Florence,,P2p
minoraverages/CoastalPlain,2019,Coastal Plain League,imig,P13985,Imig,Nate,0,Wilson,,P8p
minoraverages/CoastalPlain,2019,Coastal Plain League,inclan,B03699,Inclan,Clemente,0,Wilmington,,B35
minoraverages/CoastalPlain,2019,Coastal Plain League,isbell,P11864,Isbell,Jake,0,Holly Springs,,P6p
minoraverages/CoastalPlain,2019,Coastal Plain League,isenhour,P11657,Isenhour,Riley,0,High Point-Thomasville,,P8p
minoraverages/CoastalPlain,2019,Coastal Plain League,janss,P13651,Janss,Erik,0,Wilmington,,P13p
minoraverages/CoastalPlain,2019,Coastal Plain League,jenkins,B02215,Jenkins,Ian,0,Lexington County,,B25
minoraverages/CoastalPlain,2019,Coastal Plain League,jensen,B03737,Jensen,Cam,0,Wilmington,,B38
minoraverages/CoastalPlain,2019,Coastal Plain League,johnson.c-mc,B02949,Johnson,Colby,0,Morehead City,,B43
minoraverages/CoastalPlain,2019,Coastal Plain League,johnson.m-mc,P13000,Johnson,Michael,0,Morehead City,,P6p
minoraverages/CoastalPlain,2019,Coastal Plain League,johnson-pen,P13149,Johnson,Dylan,0,Peninsula,,P6p
minoraverages/CoastalPlain,2019,Coastal Plain League,jones-hpt,B01431,Jones,Blayne,0,High Point-Thomasville,,B38
minoraverages/CoastalPlain,2019,Coastal Plain League,jones-hs,B01939,Jones,Noah,0,Holly Springs,,B13
minoraverages/CoastalPlain,2019,Coastal Plain League,jones-pen,B03190,Jones,Josh,0,Peninsula,,B7
minoraverages/CoastalPlain,2019,Coastal Plain League,jones-sav,P13356,Jones,Ethan,0,Savannah,,P3p
minoraverages/CoastalPlain,2019,Coastal Plain League,jordan,B03919,Jordan,Kevin,0,Wilson,,B45
minoraverages/CoastalPlain,2019,Coastal Plain League,joyner,P11886,Joyner,Chris,0,Holly Springs,,P11p
minoraverages/CoastalPlain,2019,Coastal Plain League,kachler,B00427,Kachler,Alex,0,Fayetteville,,B43
minoraverages/CoastalPlain,2019,Coastal Plain League,kachler,P10569,Kachler,Alex,0,Fayetteville,,P2p
minoraverages/CoastalPlain,2019,Coastal Plain League,kaminsky,P13794,Kaminsky,Andrew,0,Wilmington,,P11p
minoraverages/CoastalPlain,2019,Coastal Plain League,kapela,P13084,Kapela,Austin,0,Peninsula,,P5p
minoraverages/CoastalPlain,2019,Coastal Plain League,kaplan-gas+hs,B01250,Kaplan,Austin,0,Gastonia,,B15
minoraverages/CoastalPlain,2019,Coastal Plain League,kaplan-gas+hs,B01857,Kaplan,Austin,0,Holly Springs,,B3
minoraverages/CoastalPlain,2019,Coastal Plain League,kaplan-mar,P12775,Kaplan,Sam,0,Martinsville,,P23p
minoraverages/CoastalPlain,2019,Coastal Plain League,karp,B00488,Karp,Will,0,Fayetteville,,B21
minoraverages/CoastalPlain,2019,Coastal Plain League,kauffman,B00117,Kauffman,Jared,0,Asheboro,,B23
minoraverages/CoastalPlain,2019,Coastal Plain League,keller,P11482,Keller,Dylan,0,Gastonia,,P10p
minoraverages/CoastalPlain,2019,Coastal Plain League,kelly-hpt,P11612,Kelly,Brennan,0,High Point-Thomasville,,P4p
minoraverages/CoastalPlain,2019,Coastal Plain League,kelly-mac,P12461,Kelly,Braxton,0,Macon,,P2p
minoraverages/CoastalPlain,2019,Coastal Plain League,kelly-wil,P13638,Kelly,Zachary,0,Wilmington,,P1p
minoraverages/CoastalPlain,2019,Coastal Plain League,kennedy-wil,B03776,Kennedy,Colin,0,Wilmington,,B8
minoraverages/CoastalPlain,2019,Coastal Plain League,kennedy-flo,P10996,Kennedy,Brenden,0,Florence,,P4p
minoraverages/CoastalPlain,2019,Coastal Plain League,kennedy-sav,P13531,Kennedy,Ryan,0,Savannah,,P8p
minoraverages/CoastalPlain,2019,Coastal Plain League,kennedy-wil,P13833,Kennedy,Colin,0,Wilmington,,P7p
minoraverages/CoastalPlain,2019,Coastal Plain League,kight.s,P11327,Kight,Stephen,0,Forest City,,P8p
minoraverages/CoastalPlain,2019,Coastal Plain League,kight.d,P11334,Kight,Daniel,0,Forest City,,P2p
minoraverages/CoastalPlain,2019,Coastal Plain League,killeen,B02654,Killeen,Josh,0,Martinsville,,B25
minoraverages/CoastalPlain,2019,Coastal Plain League,king-wil,B03784,King,Matt,0,Wilmington,,B8
minoraverages/CoastalPlain,2019,Coastal Plain League,king-gas,P11375,King,Kyle,0,Gastonia,,P5p
minoraverages/CoastalPlain,2019,Coastal Plain League,king-wil,P13760,King,Matt,0,Wilmington,,P7p
minoraverages/CoastalPlain,2019,Coastal Plain League,kirk,P11505,Kirk,Ryan,0,Gastonia,,P7p
minoraverages/CoastalPlain,2019,Coastal Plain League,kirven,B02184,Kirven,Jared,0,Lexington County,,B24
minoraverages/CoastalPlain,2019,Coastal Plain League,kirven,P12224,Kirven,Jared,0,Lexington County,,P1p
minoraverages/CoastalPlain,2019,Coastal Plain League,kobleur,P10860,Kobleur,Boyce,0,Florence,,P2p
minoraverages/CoastalPlain,2019,Coastal Plain League,koch,P10043,Koch,Tyler,0,Asheboro,,P6p
minoraverages/CoastalPlain,2019,Coastal Plain League,koide,P13898,Koide,Tommy,0,Wilson,,P2p
minoraverages/CoastalPlain,2019,Coastal Plain League,kouba,B02455,Kouba,Ryan,0,Macon,,B14
minoraverages/CoastalPlain,2019,Coastal Plain League,kouba,P12398,Kouba,Ryan,0,Macon,,P11p
minoraverages/CoastalPlain,2019,Coastal Plain League,kowalski,B01551,Kowalski,Bryan,0,High Point-Thomasville,,B5
minoraverages/CoastalPlain,2019,Coastal Plain League,kowalski,B03023,Kowalski,Bryan,0,Morehead City,,B28
minoraverages/CoastalPlain,2019,Coastal Plain League,kowalski,P12814,Kowalski,Bryan,0,Morehead City,,P3p
minoraverages/CoastalPlain,2019,Coastal Plain League,krizan,B03240,Krizan,Bryce,0,Peninsula,,B5
minoraverages/CoastalPlain,2019,Coastal Plain League,krowka,P13488,Krowka,Kaden,0,Savannah,,P13p
minoraverages/CoastalPlain,2019,Coastal Plain League,krzyzanowski,P11401,Krzyzanowski,Jarret,0,Gastonia,,P19p
minoraverages/CoastalPlain,2019,Coastal Plain League,lamber,B01119,Lambert,Kirby,0,Forest City,,B6
minoraverages/CoastalPlain,2019,Coastal Plain League,lancaster,P11745,Lancaster,Will,0,High Point-Thomasville,,P18p
minoraverages/CoastalPlain,2019,Coastal Plain League,lanier,B03962,Lanier,Marquise,0,Wilson,,B15
minoraverages/CoastalPlain,2019,Coastal Plain League,lansdowne,B02826,Lansdowne,Dalton,0,Martinsville,,B2
minoraverages/CoastalPlain,2019,Coastal Plain League,laxton,P11956,Laxton,D,0,Holly Springs,,P1p
minoraverages/CoastalPlain,2019,Coastal Plain League,leroy,B03505,LeRoy,Bill,0,Savannah,,B33
minoraverages/CoastalPlain,2019,Coastal Plain League,leckie,B01885,Leckie,Dan,0,Holly Springs,,B26
minoraverages/CoastalPlain,2019,Coastal Plain League,lehrmann,P13362,Lehrmann,Tyler,0,Savannah,,P9p
minoraverages/CoastalPlain,2019,Coastal Plain League,leinen,P13293,Leinen,Buck,0,Peninsula,,P4p
minoraverages/CoastalPlain,2019,Coastal Plain League,leisenring-gas,B01269,Leisenring,Luke,0,Gastonia,,B43
minoraverages/CoastalPlain,2019,Coastal Plain League,leisenring-mac,B02542,Leisenring,Levi,0,Macon,,B10
minoraverages/CoastalPlain,2019,Coastal Plain League,leisenring-mac,P12576,Leisenring,Levi,0,Macon,,P1p
minoraverages/CoastalPlain,2019,Coastal Plain League,lembcke,P10871,Lembcke,Jared,0,Florence,,P11p
minoraverages/CoastalPlain,2019,Coastal Plain League,lewis,B00434,Lewis,Bailey,0,Fayetteville,,B1
minoraverages/CoastalPlain,2019,Coastal Plain League,lewis,B00553,Lewis,Bailey,0,Fayetteville,,B14
minoraverages/CoastalPlain,2019,Coastal Plain League,lipetzky,P12602,Lipetzky,Jake,0,Martinsville,,P7p
minoraverages/CoastalPlain,2019,Coastal Plain League,little,B02963,Little,Daniel,0,Morehead City,,B43
minoraverages/CoastalPlain,2019,Coastal Plain League,litwicki,P13255,Litwicki,Matt,0,Peninsula,,P10p
minoraverages/CoastalPlain,2019,Coastal Plain League,lloyd,P13469,Lloyd,Daniel,0,Savannah,,P12p
minoraverages/CoastalPlain,2019,Coastal Plain League,lohmeier,P10290,Lohmeier,Grant,0,Edenton,,P1p
minoraverages/CoastalPlain,2019,Coastal Plain League,lommen,P11699,Lommen,Nick,0,High Point-Thomasville,,P10p
minoraverages/CoastalPlain,2019,Coastal Plain League,lookout,B03956,Lookout,Deshawn,0,Wilson,,B45
minoraverages/CoastalPlain,2019,Coastal Plain League,lopez,B03254,Lopez,Manny,0,Peninsula,,B10
minoraverages/CoastalPlain,2019,Coastal Plain League,lopez,P13308,Lopez,Manny,0,Peninsula,,P1p
minoraverages/CoastalPlain,2019,Coastal Plain League,loutos,P12823,Loutos,Ryan,0,Morehead City,,P2p
minoraverages/CoastalPlain,2019,Coastal Plain League,love,P13553,Love,Nick,0,Savannah,,P4p
minoraverages/CoastalPlain,2019,Coastal Plain League,lucky,B01765,Lucky,Nick,0,Holly Springs,,B25
minoraverages/CoastalPlain,2019,Coastal Plain League,luigs,P13397,Luigs,Kyle,0,Savannah,,P11p
minoraverages/CoastalPlain,2019,Coastal Plain League,lumsden,B01010,Lumsden,Matthew,0,Forest City,,B28
minoraverages/CoastalPlain,2019,Coastal Plain League,lutze,P10464,Lutze,RD,0,Edenton,,P11p
minoraverages/CoastalPlain,2019,Coastal Plain League,lyle,B01007,Lyle,Jake,0,Forest City,,B40
minoraverages/CoastalPlain,2019,Coastal Plain League,lyle,P11131,Lyle,Jake,0,Forest City,,P2p
minoraverages/CoastalPlain,2019,Coastal Plain League,lynch,B01428,Lynch,Danny,0,High Point-Thomasville,,B29
minoraverages/CoastalPlain,2019,Coastal Plain League,mack,B02982,Mack,Tony,0,Morehead City,,B34
minoraverages/CoastalPlain,2019,Coastal Plain League,majkowski,B02043,Majkowski,Bo,0,Lexington County,,B3
minoraverages/CoastalPlain,2019,Coastal Plain League,mangum,B01873,Mangum,Devin,0,Holly Springs,,B4
minoraverages/CoastalPlain,2019,Coastal Plain League,manis,P10930,Manis,Brett,0,Florence,,P12p
minoraverages/CoastalPlain,2019,Coastal Plain League,mann,B01960,Mann,Steve,0,Holly Springs,,B5
minoraverages/CoastalPlain,2019,Coastal Plain League,marcelli,B02176,Marcelli,Jimmy,0,Lexington County,,B14
minoraverages/CoastalPlain,2019,Coastal Plain League,marley,P12689,Marley,Calvin,0,Martinsville,,P3p
minoraverages/CoastalPlain,2019,Coastal Plain League,marquis,B03401,Marquis,Kyler,0,Savannah,,B24
minoraverages/CoastalPlain,2019,Coastal Plain League,marsh-ash,B00163,Marsh,Bryce,0,Asheboro,,B28
minoraverages/CoastalPlain,2019,Coastal Plain League,marsh-ash,P10035,Marsh,Bryce,0,Asheboro,,P9p
minoraverages/CoastalPlain,2019,Coastal Plain League,marsh-sav,P13370,Marsh,Dillon,0,Savannah,,P2p
minoraverages/CoastalPlain,2019,Coastal Plain League,martin-ash,B00059,Martin,Jonathan,0,Asheboro,,B41
minoraverages/CoastalPlain,2019,Coastal Plain League,martin-ash,P10184,Martin,Jonathan,0,Asheboro,,P2p
minoraverages/CoastalPlain,2019,Coastal Plain League,martin-pen,P13117,Martin,Hunter,0,Peninsula,,P9p
minoraverages/CoastalPlain,2019,Coastal Plain League,martinez.y-fay,B00667,Martinez,Yareb,0,Fayetteville,,B14
minoraverages/CoastalPlain,2019,Coastal Plain League,martinez.c-fay,P10575,Martinez,Corey,0,Fayetteville,,P1p
minoraverages/CoastalPlain,2019,Coastal Plain League,martinez-wil,P13999,Martinez,Sebastian,0,Wilson,,P14p
minoraverages/CoastalPlain,2019,Coastal Plain League,masters,B01918,Masters,Dirk,0,Holly Springs,,B8
minoraverages/CoastalPlain,2019,Coastal Plain League,mcallister,B03792,McAllister,Aidan,0,Wilmington,,B14
minoraverages/CoastalPlain,2019,Coastal Plain League,mcallister,P13822,McAllister,Aidan,0,Wilmington,,P12p
minoraverages/CoastalPlain,2019,Coastal Plain League,mcclure,P14073,McClure,Carson,0,Wilson,,P3p
minoraverages/CoastalPlain,2019,Coastal Plain League,mcconnell-mac,B02478,McConnell,Ben,0,Macon,,B32
minoraverages/CoastalPlain,2019,Coastal Plain League,mcconnell-sav,B03496,McConnell,Justin,0,Savannah,,B39
minoraverages/CoastalPlain,2019,Coastal Plain League,mcconnon,B02062,McConnon,James,0,Lexington County,,B33
minoraverages/CoastalPlain,2019,Coastal Plain League,mcdaniels,P13718,McDaniels,Garrett,0,Wilmington,,P5p
minoraverages/CoastalPlain,2019,Coastal Plain League,mcdonald,B01952,McDonald,Ryan,0,Holly Springs,,B4
minoraverages/CoastalPlain,2019,Coastal Plain League,mcdyre,B02019,McDyre,T,0,Holly Springs,,B1
minoraverages/CoastalPlain,2019,Coastal Plain League,mcgeehan,B00442,McGeehan,Sean,0,Fayetteville,,B19
minoraverages/CoastalPlain,2019,Coastal Plain League,mcginnis,P11166,McGinnis,Chipper,0,Forest City,,P5p
minoraverages/CoastalPlain,2019,Coastal Plain League,mcgowan-fc,B00985,McGowan,Kendall,0,Forest City,,B39
minoraverages/CoastalPlain,2019,Coastal Plain League,mcgowan-gas,P11391,McGowan,Bryce,0,Gastonia,,P1p
minoraverages/CoastalPlain,2019,Coastal Plain League,mcguire,B01509,McGuire,JP,0,High Point-Thomasville,,B20
minoraverages/CoastalPlain,2019,Coastal Plain League,mcilwain,B00771,McIlwain,Brandon,0,Florence,,B21
minoraverages/CoastalPlain,2019,Coastal Plain League,mckeithan,B03636,McKeithan,Aaron,0,Wilmington,,B27
minoraverages/CoastalPlain,2019,Coastal Plain League,mclaughlin,B02996,McLaughlin,Sean,0,Morehead City,,B5
minoraverages/CoastalPlain,2019,Coastal Plain League,mcquillan,B02464,McQuillan,Sean,0,Macon,,B16
minoraverages/CoastalPlain,2019,Coastal Plain League,medlin,P14020,Medlin,Mason,0,Wilson,,P13p
minoraverages/CoastalPlain,2019,Coastal Plain League,medrano,B00948,Medrano,Nathan,0,Florence,,B27
minoraverages/CoastalPlain,2019,Coastal Plain League,meece,P13811,Meece,Ethan,0,Wilmington,,P4p
minoraverages/CoastalPlain,2019,Coastal Plain League,meitzler,B00182,Meitzler,Scott,0,Asheboro,,B7
minoraverages/CoastalPlain,2019,Coastal Plain League,meitzler,P10159,Meitzler,Scott,0,Asheboro,,P3p
minoraverages/CoastalPlain,2019,Coastal Plain League,melton,B01345,Melton,Nick,0,Gastonia,,B2
minoraverages/CoastalPlain,2019,Coastal Plain League,mercer,B02917,Mercer,Jace,0,Morehead City,,B39
minoraverages/CoastalPlain,2019,Coastal Plain League,merritt,P13427,Merritt,Jordan,0,Savannah,,P9p
minoraverages/CoastalPlain,2019,Coastal Plain League,metts,B02289,Metts,Luke,0,Lexington County,,B1
minoraverages/CoastalPlain,2019,Coastal Plain League,meyers,B03886,Meyers,Chris,0,Wilson,,B40
minoraverages/CoastalPlain,2019,Coastal Plain League,meyn,P12513,Meyn,Keegan,0,Macon,,P8p
minoraverages/CoastalPlain,2019,Coastal Plain League,mikell,B02714,Mikell,Davis,0,Martinsville,,B15
minoraverages/CoastalPlain,2019,Coastal Plain League,mikell,P12666,Mikell,Davis,0,Martinsville,,P5p
minoraverages/CoastalPlain,2019,Coastal Plain League,miles,P12910,Miles,Eric,0,Morehead City,,P10p
minoraverages/CoastalPlain,2019,Coastal Plain League,miller-mac,B02361,Miller,Jared,0,Macon,,B44
minoraverages/CoastalPlain,2019,Coastal Plain League,miller-mc,B02930,Miller,Zack,0,Morehead City,,B29
minoraverages/CoastalPlain,2019,Coastal Plain League,miller-sav,B03430,Miller,Mason,0,Savannah,,B11
minoraverages/CoastalPlain,2019,Coastal Plain League,miller-ash,P10070,Miller,Joe,0,Asheboro,,P7p
minoraverages/CoastalPlain,2019,Coastal Plain League,mills-flo,B00747,Mills,Alex,0,Florence,,B4
minoraverages/CoastalPlain,2019,Coastal Plain League,mills-hpt,B01523,Mills,Cam,0,High Point-Thomasville,,B6
minoraverages/CoastalPlain,2019,Coastal Plain League,mintz,B03864,Mintz,Kevin,0,Wilmington,,B9
minoraverages/CoastalPlain,2019,Coastal Plain League,mintz,P13747,Mintz,Kevin,0,Wilmington,,P7p
minoraverages/CoastalPlain,2019,Coastal Plain League,mirochnick,P10679,Mirochnick,Nathan,0,Fayetteville,,P7p
minoraverages/CoastalPlain,2019,Coastal Plain League,mitchell,B03327,Mitchell,Rick,0,Savannah,,B3
minoraverages/CoastalPlain,2019,Coastal Plain League,montenery,B03807,Montenery,Jaret,0,Wilmington,,B10
minoraverages/CoastalPlain,2019,Coastal Plain League,montenery,P13840,Montenery,Jaret,0,Wilmington,,P9p
minoraverages/CoastalPlain,2019,Coastal Plain League,moody,P10963,Moody,Austin,0,Florence,,P5p
minoraverages/CoastalPlain,2019,Coastal Plain League,moore,B02588,Moore,Hank,0,Martinsville,,B23
minoraverages/CoastalPlain,2019,Coastal Plain League,moravick,P11776,Moravick,Eli,0,High Point-Thomasville,,P3p
minoraverages/CoastalPlain,2019,Coastal Plain League,morgan-ash,B00196,Morgan,Matt,0,Asheboro,,B3
minoraverages/CoastalPlain,2019,Coastal Plain League,morgan-pen,B03303,Morgan,Trey,0,Peninsula,,B21
minoraverages/CoastalPlain,2019,Coastal Plain League,morgan-pen,P13092,Morgan,Trey,0,Peninsula,,P15p
minoraverages/CoastalPlain,2019,Coastal Plain League,morrison,B00125,Morrison,Cam,0,Asheboro,,B31
minoraverages/CoastalPlain,2019,Coastal Plain League,morrison,P10019,Morrison,Cam,0,Asheboro,,P1p
minoraverages/CoastalPlain,2019,Coastal Plain League,moscot,P12838,Moscot,Jed,0,Morehead City,,P2p
minoraverages/CoastalPlain,2019,Coastal Plain League,moyer,B03518,Moyer,Toi,0,Savannah,,B5
minoraverages/CoastalPlain,2019,Coastal Plain League,murphy,P11222,Murphy,Caleb,0,Forest City,,P11p
minoraverages/CoastalPlain,2019,Coastal Plain League,myers-sav,B03539,Myers,Daryl,0,Savannah,,B8
minoraverages/CoastalPlain,2019,Coastal Plain League,myers-mc,P13037,Myers,Jack,0,Morehead City,,P2p
minoraverages/CoastalPlain,2019,Coastal Plain League,nabors,B02852,Nabors,Hunter,0,Morehead City,,B10
minoraverages/CoastalPlain,2019,Coastal Plain League,nance,P12126,Nance,Bennett,0,Lexington County,,P12p
minoraverages/CoastalPlain,2019,Coastal Plain League,nanny,B03547,Nanny,Daylan,0,Savannah,,B9
minoraverages/CoastalPlain,2019,Coastal Plain League,nash,B03458,Nash,Trenton,0,Savannah,,B14
minoraverages/CoastalPlain,2019,Coastal Plain League,neal,B00961,Neal,Derek,0,Florence,,B4
minoraverages/CoastalPlain,2019,Coastal Plain League,nelson,P11924,Nelson,Baker,0,Holly Springs,,P11p
minoraverages/CoastalPlain,2019,Coastal Plain League,newbert,B01595,Newbert,Ben,0,High Point-Thomasville,,B25
minoraverages/CoastalPlain,2019,Coastal Plain League,nicholson,B00130,Nicholson,Myles,0,Asheboro,,B35
minoraverages/CoastalPlain,2019,Coastal Plain League,nifong,P11685,Nifong,Josh,0,High Point-Thomasville,,P10p
minoraverages/CoastalPlain,2019,Coastal Plain League,nobles,B00865,Nobles,Darius,0,Florence,,B6
minoraverages/CoastalPlain,2019,Coastal Plain League,nolan,B03700,Nolan,Parker,0,Wilmington,,B5
minoraverages/CoastalPlain,2019,Coastal Plain League,norman,B00614,Norman,Ben,0,Fayetteville,,B20
minoraverages/CoastalPlain,2019,Coastal Plain League,nowak,B02493,Nowak,Josh,0,Macon,,B22
minoraverages/CoastalPlain,2019,Coastal Plain League,obrien,P12235,O'Brien,Slater,0,Lexington County,,P6p
minoraverages/CoastalPlain,2019,Coastal Plain League,oneill,P10266,O'Neill,Brennan,0,Edenton,,P1p
minoraverages/CoastalPlain,2019,Coastal Plain League,oder,B02698,O'der,Nicholas,0,Martinsville,,B2
minoraverages/CoastalPlain,2019,Coastal Plain League,oberst,B03342,Oberst,Dan,0,Savannah,,B11
minoraverages/CoastalPlain,2019,Coastal Plain League,ochoa,B00324,Ochoa,Marc,0,Edenton,,B12
minoraverages/CoastalPlain,2019,Coastal Plain League,ochsenfeld,P13286,Ochsenfeld,Cameron,0,Peninsula,,P9p
minoraverages/CoastalPlain,2019,Coastal Plain League,ollio,P11211,Ollio,Connor,0,Forest City,,P6p
minoraverages/CoastalPlain,2019,Coastal Plain League,orlando,P10982,Orlando,Patrick,0,Florence,,P3p
minoraverages/CoastalPlain,2019,Coastal Plain League,orr,B00084,Orr,Parker,0,Asheboro,,B7
minoraverages/CoastalPlain,2019,Coastal Plain League,orzel,B01227,Orzel,Andrew,0,Gastonia,,B47
minoraverages/CoastalPlain,2019,Coastal Plain League,overton,B01143,Overton,Matthew,0,Forest City,,B20
minoraverages/CoastalPlain,2019,Coastal Plain League,owens,P13544,Owens,Tyler,0,Savannah,,P5p
minoraverages/CoastalPlain,2019,Coastal Plain League,oxendine,B03583,Oxendine,Lucas,0,Wilmington,,B3
minoraverages/CoastalPlain,2019,Coastal Plain League,oyama,B00255,Oyama,Kenny,0,Edenton,,B30
minoraverages/CoastalPlain,2019,Coastal Plain League,paige,P10399,Paige,Isaiah,0,Edenton,,P3p
minoraverages/CoastalPlain,2019,Coastal Plain League,palermo,P12631,Palermo,Davis,0,Martinsville,,P9p
minoraverages/CoastalPlain,2019,Coastal Plain League,palmer,P13229,Palmer,Douglas,0,Peninsula,,P15p
minoraverages/CoastalPlain,2019,Coastal Plain League,palyasa,B00638,Palyas,Chandler,0,Fayetteville,,B2
minoraverages/CoastalPlain,2019,Coastal Plain League,parish,P12297,Parish,Justin,0,Lexington County,,P5p
minoraverages/CoastalPlain,2019,Coastal Plain League,parker,B03620,Parker,James,0,Wilmington,,B24
minoraverages/CoastalPlain,2019,Coastal Plain League,parks,P10192,Parks,Cole,0,Asheboro,,P3p
minoraverages/CoastalPlain,2019,Coastal Plain League,parrill,P13207,Parrill,Griffin,0,Peninsula,,P7p
minoraverages/CoastalPlain,2019,Coastal Plain League,parsley,B03810,Parsley,Austin,0,Wilmington,,B11
minoraverages/CoastalPlain,2019,Coastal Plain League,parsley,P13680,Parsley,Austin,0,Wilmington,,P10p
minoraverages/CoastalPlain,2019,Coastal Plain League,patterson,P10176,Patterson,Connor,0,Asheboro,,P9p
minoraverages/CoastalPlain,2019,Coastal Plain League,pearson,P11177,Pearson,Caleb,0,Forest City,,P8p
minoraverages/CoastalPlain,2019,Coastal Plain League,peavyhouse,P13865,Peavyhouse,Shaddon,0,Wilmington,,P3p
minoraverages/CoastalPlain,2019,Coastal Plain League,penick,P11571,Penick,JT,0,High Point-Thomasville,,P2p
minoraverages/CoastalPlain,2019,Coastal Plain League,perez,B03051,Perez,Leo,0,Morehead City,,B22
minoraverages/CoastalPlain,2019,Coastal Plain League,perez,P12929,Perez,Leo,0,Morehead City,,P21p
minoraverages/CoastalPlain,2019,Coastal Plain League,peterson,P13403,Peterson,Nate,0,Savannah,,P11p
minoraverages/CoastalPlain,2019,Coastal Plain League,phelan,B00068,Phelan,Sean,0,Asheboro,,B26
minoraverages/CoastalPlain,2019,Coastal Plain League,phelts,B00502,Phelts,Cameron,0,Fayetteville,,B45
minoraverages/CoastalPlain,2019,Coastal Plain League,pico,B02958,Pico,Jarrett,0,Morehead City,,B6
minoraverages/CoastalPlain,2019,Coastal Plain League,picollo,P13854,Picollo,Mike,0,Wilmington,,P7p
minoraverages/CoastalPlain,2019,Coastal Plain League,pilarski,P13163,Pilarski,Jacob,0,Peninsula,,P7p
minoraverages/CoastalPlain,2019,Coastal Plain League,pilarski,P13232,Pilarski,Jacob,0,Peninsula,,P3p
minoraverages/CoastalPlain,2019,Coastal Plain League,piotto,B00416,Piotto,Konner,0,Fayetteville,,B36
minoraverages/CoastalPlain,2019,Coastal Plain League,piper,B00833,Piper,Kenny,0,Florence,,B39
minoraverages/CoastalPlain,2019,Coastal Plain League,pitts,B03981,Pitts,De'Andre,0,Wilson,,B36
minoraverages/CoastalPlain,2019,Coastal Plain League,plastiak,B03594,Plastiak,Jacob,0,Wilmington,,B26
minoraverages/CoastalPlain,2019,Coastal Plain League,plummer,P10714,Plummer,Josh,0,Fayetteville,,P7p
minoraverages/CoastalPlain,2019,Coastal Plain League,polewski,B00101,Polewski,Trey,0,Asheboro,,B35
minoraverages/CoastalPlain,2019,Coastal Plain League,provitt,B03463,Provitt,Langston,0,Savannah,,B15
minoraverages/CoastalPlain,2019,Coastal Plain League,pry,P11878,Pry,Nik,0,Holly Springs,,P13p
minoraverages/CoastalPlain,2019,Coastal Plain League,puma,P13948,Puma,Vincent,0,Wilson,,P12p
minoraverages/CoastalPlain,2019,Coastal Plain League,raab,B00794,Raab,Isaac,0,Florence,,B6
minoraverages/CoastalPlain,2019,Coastal Plain League,raffaele,B00174,Raffaele,Joey,0,Asheboro,,B21
minoraverages/CoastalPlain,2019,Coastal Plain League,raffaele,P10024,Raffaele,Joey,0,Asheboro,,P1p
minoraverages/CoastalPlain,2019,Coastal Plain League,raines,P12964,Raines,Ashton,0,Morehead City,,P9p
minoraverages/CoastalPlain,2019,Coastal Plain League,raj,B00718,Raj,Krishna,0,Fayetteville,,B8
minoraverages/CoastalPlain,2019,Coastal Plain League,raj,P10767,Raj,Krishna,0,Fayetteville,,P7p
minoraverages/CoastalPlain,2019,Coastal Plain League,rasberry,B02056,Rasberry,Zacchaeus,0,Lexington County,,B29
minoraverages/CoastalPlain,2019,Coastal Plain League,ray-hpt,B01580,Ray,Nick,0,High Point-Thomasville,,B38
minoraverages/CoastalPlain,2019,Coastal Plain League,ray-ash,P10113,Ray,Nathan,0,Asheboro,,P6p
minoraverages/CoastalPlain,2019,Coastal Plain League,ready,B02534,Ready,Mark,0,Macon,,B7
minoraverages/CoastalPlain,2019,Coastal Plain League,reardon,P10746,Reardon,Jimmy,0,Fayetteville,,P7p
minoraverages/CoastalPlain,2019,Coastal Plain League,reed,B02290,Reed,Sheldon,0,Lexington County,,B14
minoraverages/CoastalPlain,2019,Coastal Plain League,reed,P12082,Reed,Sheldon,0,Lexington County,,P9p
minoraverages/CoastalPlain,2019,Coastal Plain League,reeves,B03829,Reeves,Cameron,0,Wilmington,,B12
minoraverages/CoastalPlain,2019,Coastal Plain League,reeves,P13771,Reeves,Cameron,0,Wilmington,,P10p
minoraverages/CoastalPlain,2019,Coastal Plain League,reid-ash,P10121,Reid,Cam,0,Asheboro,,P20p
minoraverages/CoastalPlain,2019,Coastal Plain League,reid-flo,P10925,Reid,Zach,0,Florence,,P4p
minoraverages/CoastalPlain,2019,Coastal Plain League,reimold,B02974,Reimold,Jacob,0,Morehead City,,B26
minoraverages/CoastalPlain,2019,Coastal Plain League,ricca,B03038,Ricca,Caleb,0,Morehead City,,B5
minoraverages/CoastalPlain,2019,Coastal Plain League,rice-ede,P10429,Rice,Payton,0,Edenton,,P7p
minoraverages/CoastalPlain,2019,Coastal Plain League,rice-flo,P11102,Rice,Zach,0,Florence,,P6p
minoraverages/CoastalPlain,2019,Coastal Plain League,richardson,B00822,Richardson,Michael,0,Florence,,B20
minoraverages/CoastalPlain,2019,Coastal Plain League,ridgway,P10606,Ridgway,Jake,0,Fayetteville,,P8p
minoraverages/CoastalPlain,2019,Coastal Plain League,riebock,B02622,Riebock,Tyler,0,Martinsville,,B42
minoraverages/CoastalPlain,2019,Coastal Plain League,robinson-ede,B00397,Robinson,Kross,0,Edenton,,B13
minoraverages/CoastalPlain,2019,Coastal Plain League,robinson-ede,P10441,Robinson,Kross,0,Edenton,,P12p
minoraverages/CoastalPlain,2019,Coastal Plain League,robinson-lc,P12256,Robinson,Brock,0,Lexington County,,P1p
minoraverages/CoastalPlain,2019,Coastal Plain League,rodgers,P11014,Rodgers,Isaac,0,Florence,,P4p
minoraverages/CoastalPlain,2019,Coastal Plain League,rodriguez-pen,B03115,Rodriguez,Joey,0,Peninsula,,B8
minoraverages/CoastalPlain,2019,Coastal Plain League,rodriguez-fay,P10723,Rodriguez,Jose,0,Fayetteville,,P4p
minoraverages/CoastalPlain,2019,Coastal Plain League,rodriguez-pen,P13210,Rodriguez,Joey,0,Peninsula,,P6p
minoraverages/CoastalPlain,2019,Coastal Plain League,roedig,P12354,Roedig,Cort,0,Macon,,P6p
minoraverages/CoastalPlain,2019,Coastal Plain League,roell,B00623,Roell,Ryan,0,Fayetteville,,B1
minoraverages/CoastalPlain,2019,Coastal Plain League,rohleder,B01567,Rohleder,Myles,0,High Point-Thomasville,,B5
minoraverages/CoastalPlain,2019,Coastal Plain League,rolick,P12436,Rolick,Chris,0,Macon,,P15p
minoraverages/CoastalPlain,2019,Coastal Plain League,rookard,B02312,Rookard,MJ,0,Macon,,B25
minoraverages/CoastalPlain,2019,Coastal Plain League,rosa,B02024,Rosa,Elvin,0,Holly Springs,,B5
minoraverages/CoastalPlain,2019,Coastal Plain League,rose,B03924,Rose,Nick,0,Wilson,,B22
minoraverages/CoastalPlain,2019,Coastal Plain League,ross,P13491,Ross,Dalton,0,Savannah,,P14p
minoraverages/CoastalPlain,2019,Coastal Plain League,rubenstein,B02550,Rubenstein,Jack,0,Macon,,B4
minoraverages/CoastalPlain,2019,Coastal Plain League,ruble,P10751,Ruble,Justin,0,Fayetteville,,P10p
minoraverages/CoastalPlain,2019,Coastal Plain League,rucker,B01064,Rucker,Jake,0,Forest City,,B29
minoraverages/CoastalPlain,2019,Coastal Plain League,rutherford,P12183,Rutherford,Daniel,0,Lexington County,,P5p
minoraverages/CoastalPlain,2019,Coastal Plain League,ryan,P14099,Ryan,Jakob,0,Wilson,,P6p
minoraverages/CoastalPlain,2019,Coastal Plain League,rye,B02304,Rye,Jacob,0,Lexington County,,B21
minoraverages/CoastalPlain,2019,Coastal Plain League,rye,P12139,Rye,Jacob,0,Lexington County,,P20p
minoraverages/CoastalPlain,2019,Coastal Plain League,sadallah,B02738,Sadallah,Alfonse,0,Martinsville,,B9
minoraverages/CoastalPlain,2019,Coastal Plain League,saenz,P13381,Saenz,Dustin,0,Savannah,,P7p
minoraverages/CoastalPlain,2019,Coastal Plain League,salata,B01086,Salata,Paul,0,Forest City,,B19
minoraverages/CoastalPlain,2019,Coastal Plain League,sanders,P13158,Sanders,Zach,0,Peninsula,,P6p
minoraverages/CoastalPlain,2019,Coastal Plain League,sawyer,B04017,Sawyer,Coleman,0,Wilson,,B9
minoraverages/CoastalPlain,2019,Coastal Plain League,saylor,P10168,Saylor,Garret,0,Asheboro,,P10p
minoraverages/CoastalPlain,2019,Coastal Plain League,schaffitzel,B00092,Schaffitzel,Brant,0,Asheboro,,B25
minoraverages/CoastalPlain,2019,Coastal Plain League,schneider,P11636,Schneider,Austin,0,High Point-Thomasville,,P5p
minoraverages/CoastalPlain,2019,Coastal Plain League,schreckengost,B02373,Schreckengost,Nathan,0,Macon,,B36
minoraverages/CoastalPlain,2019,Coastal Plain League,schrepf,B03279,Schrepf,Brandon,0,Peninsula,,B10
minoraverages/CoastalPlain,2019,Coastal Plain League,schrepf,P13324,Schrepf,Brandon,0,Peninsula,,P3p
minoraverages/CoastalPlain,2019,Coastal Plain League,schroeder,B02772,Schroeder,Will,0,Martinsville,,B22
minoraverages/CoastalPlain,2019,Coastal Plain League,schulefand,B02883,Schulefand,Jordan,0,Morehead City,,B29
minoraverages/CoastalPlain,2019,Coastal Plain League,schultz-sav,B03388,Schultz,Austin,0,Savannah,,B29
minoraverages/CoastalPlain,2019,Coastal Plain League,schultz-mc,P12932,Schultz,Connor,0,Morehead City,,P10p
minoraverages/CoastalPlain,2019,Coastal Plain League,scott,P12941,Scott,Braden,0,Morehead City,,P19p
minoraverages/CoastalPlain,2019,Coastal Plain League,scruggs,P12311,Scruggs,Turner,0,Lexington County,,P11p
minoraverages/CoastalPlain,2019,Coastal Plain League,sears,B00752,Sears,McLendon,0,Florence,,B1
minoraverages/CoastalPlain,2019,Coastal Plain League,sebby,B03046,Sebby,Chase,0,Morehead City,,B3
minoraverages/CoastalPlain,2019,Coastal Plain League,secest,B03131,Secrest,Cole,0,Peninsula,,B41
minoraverages/CoastalPlain,2019,Coastal Plain League,selby,P12615,Selby,Stone,0,Martinsville,,P6p
minoraverages/CoastalPlain,2019,Coastal Plain League,senter,B02244,Senter,Josh,0,Lexington County,,B27
minoraverages/CoastalPlain,2019,Coastal Plain League,sharkey,P14004,Sharkey,Jimmy,0,Wilson,,P12p
minoraverages/CoastalPlain,2019,Coastal Plain League,shepherd-mc,B02860,Shepherd,Hunter,0,Morehead City,,B43
minoraverages/CoastalPlain,2019,Coastal Plain League,shepherd-hs,P12030,Shepherd,Troy,0,Holly Springs,,P2p
minoraverages/CoastalPlain,2019,Coastal Plain League,shepherd-mc,P12955,Shepherd,Hunter,0,Morehead City,,P2p
minoraverages/CoastalPlain,2019,Coastal Plain League,shirah,P11981,Shirah,Will,0,Holly Springs,,P4p
minoraverages/CoastalPlain,2019,Coastal Plain League,shoupe,B00362,Shoupe,Brody,0,Edenton,,B7
minoraverages/CoastalPlain,2019,Coastal Plain League,sieglitz,P13961,Sieglitz,Josh,0,Wilson,,P17p
minoraverages/CoastalPlain,2019,Coastal Plain League,sightler,B02121,Sightler,Josiah,0,Lexington County,,B6
minoraverages/CoastalPlain,2019,Coastal Plain League,sigrist,B02606,Sigrist,Jack,0,Martinsville,,B37
minoraverages/CoastalPlain,2019,Coastal Plain League,silver,P11298,Silver,Canaan,0,Forest City,,P5p
minoraverages/CoastalPlain,2019,Coastal Plain League,simon,B00293,Simon,Dane,0,Edenton,,B37
minoraverages/CoastalPlain,2019,Coastal Plain League,simpson,B01514,Simpson,Jeremy,0,High Point-Thomasville,,B10
minoraverages/CoastalPlain,2019,Coastal Plain League,sinquefield,B00037,Sinquefield,Dalton,0,Asheboro,,B36
minoraverages/CoastalPlain,2019,Coastal Plain League,sisk,B02709,Sisk,Jackson,0,Martinsville,,B39
minoraverages/CoastalPlain,2019,Coastal Plain League,skipper,B03832,Skipper,Austin,0,Wilmington,,B8
minoraverages/CoastalPlain,2019,Coastal Plain League,skipper,P13667,Skipper,Austin,0,Wilmington,,P6p
minoraverages/CoastalPlain,2019,Coastal Plain League,skole,B03648,Skole,Tilo,0,Wilmington,,B37
minoraverages/CoastalPlain,2019,Coastal Plain League,smerkar,P10137,Smerkar,Ryan,0,Asheboro,,P10p
minoraverages/CoastalPlain,2019,Coastal Plain League,smeton,P10145,Smeton,Joe,0,Asheboro,,P15p
minoraverages/CoastalPlain,2019,Coastal Plain League,smith.d-gas,B01162,Smith,Dylan,0,Gastonia,,B18
minoraverages/CoastalPlain,2019,Coastal Plain League,smith.g-gas,B01384,Smith,Gianni,0,Gastonia,,B13
minoraverages/CoastalPlain,2019,Coastal Plain League,smith-hpt,B01453,Smith,Drew,0,High Point-Thomasville,,B20
minoraverages/CoastalPlain,2019,Coastal Plain League,smith.l-hs,B01798,Smith,Landon,0,Holly Springs,,B3
minoraverages/CoastalPlain,2019,Coastal Plain League,smith.t-hs,B01804,Smith,Tyler,0,Holly Springs,,B37
minoraverages/CoastalPlain,2019,Coastal Plain League,smith-lex,B02228,Smith,Ashby,0,Lexington County,,B14
minoraverages/CoastalPlain,2019,Coastal Plain League,smith-mar,B02640,Smith,Josh,0,Martinsville,,B45
minoraverages/CoastalPlain,2019,Coastal Plain League,smith-pen,B03265,Smith,Zack,0,Peninsula,,B10
minoraverages/CoastalPlain,2019,Coastal Plain League,smith.d-gas,P11425,Smith,Dylan,0,Gastonia,,P17p
minoraverages/CoastalPlain,2019,Coastal Plain League,smith.g-gas,P11449,Smith,Gianni,0,Gastonia,,P12p
minoraverages/CoastalPlain,2019,Coastal Plain League,smith.t-hs,P12017,Smith,Tyler,0,Holly Springs,,P1p
minoraverages/CoastalPlain,2019,Coastal Plain League,smith.m-hs,P12025,Smith,Matt,0,Holly Springs,,P1p
minoraverages/CoastalPlain,2019,Coastal Plain League,smith-lex,P12270,Smith,Brady,0,Lexington County,,P9p
minoraverages/CoastalPlain,2019,Coastal Plain League,smith-mc,P12986,Smith,Doug,0,Morehead City,,P11p
minoraverages/CoastalPlain,2019,Coastal Plain League,snedeker,B03222,Snedeker,Sy,0,Peninsula,,B34
minoraverages/CoastalPlain,2019,Coastal Plain League,soper,P13973,Soper,Taylor,0,Wilson,,P20p
minoraverages/CoastalPlain,2019,Coastal Plain League,sorcia,P12628,Sorcia,Tomas Jr.,0,Martinsville,,P5p
minoraverages/CoastalPlain,2019,Coastal Plain League,soto,B00920,Soto,Miguel,0,Florence,,B25
minoraverages/CoastalPlain,2019,Coastal Plain League,spadafore,P13590,Spadafore,Sam,0,Savannah,,P3p
minoraverages/CoastalPlain,2019,Coastal Plain League,sparks,P12412,Sparks,Preston,0,Macon,,P10p
minoraverages/CoastalPlain,2019,Coastal Plain League,spiva,B01490,Spiva,Luke,0,High Point-Thomasville,,B25
minoraverages/CoastalPlain,2019,Coastal Plain League,spring,P11737,Spring,Tyler,0,High Point-Thomasville,,P3p
minoraverages/CoastalPlain,2019,Coastal Plain League,stamper,B01711,Stamper,A,0,Holly Springs,,B1
minoraverages/CoastalPlain,2019,Coastal Plain League,starbuck,B01242,Starbuck,Mac,0,Gastonia,,B41
minoraverages/CoastalPlain,2019,Coastal Plain League,steele,B00726,Steele,Max,0,Fayetteville,,B21
minoraverages/CoastalPlain,2019,Coastal Plain League,steele,P10772,Steele,Max,0,Fayetteville,,P20p
minoraverages/CoastalPlain,2019,Coastal Plain League,steffens,P11144,Steffens,Ryan,0,Forest City,,P5p
minoraverages/CoastalPlain,2019,Coastal Plain League,stehlin,B00264,Stehlin,Anthony,0,Edenton,,B44
minoraverages/CoastalPlain,2019,Coastal Plain League,stehlin,P10312,Stehlin,Anthony,0,Edenton,,P4p
minoraverages/CoastalPlain,2019,Coastal Plain League,steier,P13130,Steier,Tommy,0,Peninsula,,P15p
minoraverages/CoastalPlain,2019,Coastal Plain League,stephens,P13705,Stephens,Brandon,0,Wilmington,,P5p
minoraverages/CoastalPlain,2019,Coastal Plain League,stephenson,P11095,Stephenson,Zach,0,Florence,,P3p
minoraverages/CoastalPlain,2019,Coastal Plain League,stocum,P11539,Stocum,Ray,0,Gastonia,,P11p
minoraverages/CoastalPlain,2019,Coastal Plain League,stoneking,P12147,Stoneking,Grayson,0,Lexington County,,P15p
minoraverages/CoastalPlain,2019,Coastal Plain League,sullivan-sav,B03482,Sullivan,Jake,0,Savannah,,B38
minoraverages/CoastalPlain,2019,Coastal Plain League,sullivan-mar,P12653,Sullivan,Bryson,0,Martinsville,,P23p
minoraverages/CoastalPlain,2019,Coastal Plain League,swanson,P11759,Swanson,Nick,0,High Point-Thomasville,,P10p
minoraverages/CoastalPlain,2019,Coastal Plain League,swartz,B00898,Swartz,Jake,0,Florence,,B12
minoraverages/CoastalPlain,2019,Coastal Plain League,swiger,B00680,Swiger,Cole,0,Fayetteville,,B10
minoraverages/CoastalPlain,2019,Coastal Plain League,szczypinski,P11190,Szczypinski,Patrick,0,Forest City,,P5p
minoraverages/CoastalPlain,2019,Coastal Plain League,taglieri,B01156,Taglieri,Zac,0,Forest City,,B18
minoraverages/CoastalPlain,2019,Coastal Plain League,taglieri,P11189,Taglieri,Zac,0,Forest City,,P17p
minoraverages/CoastalPlain,2019,Coastal Plain League,takac,P13783,Takac,Noah,0,Wilmington,,P7p
minoraverages/CoastalPlain,2019,Coastal Plain League,talley,B00544,Talley,Brandon,0,Fayetteville,,B43
minoraverages/CoastalPlain,2019,Coastal Plain League,talley,P10640,Talley,Brandon,0,Fayetteville,,P7p
minoraverages/CoastalPlain,2019,Coastal Plain League,taylor,B01337,Taylor,Chase,0,Gastonia,,B19
minoraverages/CoastalPlain,2019,Coastal Plain League,temple,P13442,Temple,Austin,0,Savannah,,P5p
minoraverages/CoastalPlain,2019,Coastal Plain League,tepper,B02100,Tepper,Joey,0,Lexington County,,B11
minoraverages/CoastalPlain,2019,Coastal Plain League,tewes,P10215,Tewes,Tom,0,Asheboro,,P2p
minoraverages/CoastalPlain,2019,Coastal Plain League,theis,P10410,Theis,Alex,0,Edenton,,P12p
minoraverages/CoastalPlain,2019,Coastal Plain League,thode,P11841,Thode,Parker,0,Holly Springs,,P12p
minoraverages/CoastalPlain,2019,Coastal Plain League,thomas-ede,B00335,Thomas,Brycen,0,Edenton,,B23
minoraverages/CoastalPlain,2019,Coastal Plain League,thomas-mac,B02399,Thomas,Tristan,0,Macon,,B18
minoraverages/CoastalPlain,2019,Coastal Plain League,thomas-sav,B03350,Thomas,Tanner,0,Savannah,,B7
minoraverages/CoastalPlain,2019,Coastal Plain League,thomas-hs,P11908,Thomas,Hayden,0,Holly Springs,,P10p
minoraverages/CoastalPlain,2019,Coastal Plain League,thompson.a-sav,B03449,Thompson,Austin,0,Savannah,,B32
minoraverages/CoastalPlain,2019,Coastal Plain League,thompson-mac,P12340,Thompson,Tyler,0,Macon,,P6p
minoraverages/CoastalPlain,2019,Coastal Plain League,thompson.m-sav,P13502,Thompson,Marshall,0,Savannah,,P12p
minoraverages/CoastalPlain,2019,Coastal Plain League,thrash,P13241,Thrash,Trent,0,Peninsula,,P5p
minoraverages/CoastalPlain,2019,Coastal Plain League,tillery,P11935,Tillery,Andrew,0,Holly Springs,,P10p
minoraverages/CoastalPlain,2019,Coastal Plain League,tilley,B01359,Tilley,Grant,0,Gastonia,,B3
minoraverages/CoastalPlain,2019,Coastal Plain League,tindall,P11962,Tindall,Mark,0,Holly Springs,,P8p
minoraverages/CoastalPlain,2019,Coastal Plain League,toney,P12846,Toney,Jordan,0,Morehead City,,P1p
minoraverages/CoastalPlain,2019,Coastal Plain League,torbich,P13957,Torbich,Nate,0,Wilson,,P7p
minoraverages/CoastalPlain,2019,Coastal Plain League,torres,P10320,Torres,Nick,0,Edenton,,P10p
minoraverages/CoastalPlain,2019,Coastal Plain League,trahan,B01649,Trahan,Luke,0,High Point-Thomasville,,B8
minoraverages/CoastalPlain,2019,Coastal Plain League,trahan,P11620,Trahan,Luke,0,High Point-Thomasville,,P8p
minoraverages/CoastalPlain,2019,Coastal Plain League,trahan,P11713,Trahan,Luke,0,High Point-Thomasville,,P1p
minoraverages/CoastalPlain,2019,Coastal Plain League,trammell,B01658,Trammell,Brandon,0,High Point-Thomasville,,B1
minoraverages/CoastalPlain,2019,Coastal Plain League,trillo,B01124,Trillo,Ruben,0,Forest City,,B8
minoraverages/CoastalPlain,2019,Coastal Plain League,turino,B01905,Turino,Matthew,0,Holly Springs,,B19
minoraverages/CoastalPlain,2019,Coastal Plain League,tuten,B00887,Tuten,Lex,0,Florence,,B35
minoraverages/CoastalPlain,2019,Coastal Plain League,tuttle-mar,B02633,Tuttle,Dylan,0,Martinsville,,B22
minoraverages/CoastalPlain,2019,Coastal Plain League,tuttle-mac,P12537,Tuttle,Brenden,0,Macon,,P5p
minoraverages/CoastalPlain,2019,Coastal Plain League,tuttle-mar,P12716,Tuttle,Dylan,0,Martinsville,,P20p
minoraverages/CoastalPlain,2019,Coastal Plain League,ulick,B00760,Ulick,Austin,0,Florence,,B11
minoraverages/CoastalPlain,2019,Coastal Plain League,ulick,P11115,Ulick,Austin,0,Florence,,P1p
minoraverages/CoastalPlain,2019,Coastal Plain League,vanderploeg,P10805,Vanderploeg,John,0,Fayetteville,,P4p
minoraverages/CoastalPlain,2019,Coastal Plain League,vazauez,B03526,Vazquez,Rafi,0,Savannah,,B24
minoraverages/CoastalPlain,2019,Coastal Plain League,vogel,P11919,Vogel,Tyler,0,Holly Springs,,P7p
minoraverages/CoastalPlain,2019,Coastal Plain League,vonderschmidt,P10622,Vonderschmidt,Matt,0,Fayetteville,,P22p
minoraverages/CoastalPlain,2019,Coastal Plain League,walch,B00528,Walch,Zach,0,Fayetteville,,B4
minoraverages/CoastalPlain,2019,Coastal Plain League,walden,B03095,Walden,Andre,0,Peninsula,,B4
minoraverages/CoastalPlain,2019,Coastal Plain League,walden,B03316,Walden,Andre,0,Peninsula,,B2
minoraverages/CoastalPlain,2019,Coastal Plain League,walters,B00210,Walters,Ian,0,Edenton,,B51
minoraverages/CoastalPlain,2019,Coastal Plain League,warren,B04030,Warren,Colby,0,Wilson,,B10
minoraverages/CoastalPlain,2019,Coastal Plain League,warren,P14085,Warren,Colby,0,Wilson,,P1p
minoraverages/CoastalPlain,2019,Coastal Plain League,washilewski,P12851,Washilewski,Steve,0,Morehead City,,P1p
minoraverages/CoastalPlain,2019,Coastal Plain League,watt,B01135,Watt,Collin,0,Forest City,,B10
minoraverages/CoastalPlain,2019,Coastal Plain League,webb,B00450,Webb,Jackson,0,Fayetteville,,B8
minoraverages/CoastalPlain,2019,Coastal Plain League,weber,B00806,Weber,JT,0,Florence,,B33
minoraverages/CoastalPlain,2019,Coastal Plain League,weisenseel,B00904,Weisenseel,Joe,0,Florence,,B29
minoraverages/CoastalPlain,2019,Coastal Plain League,weissheier,B00232,Weissheier,Rob,0,Edenton,,B40
minoraverages/CoastalPlain,2019,Coastal Plain League,weissheier,P10253,Weissheier,Rob,0,Edenton,,P1p
minoraverages/CoastalPlain,2019,Coastal Plain League,wells,P12867,Wells,Kenny,0,Morehead City,,P7p
minoraverages/CoastalPlain,2019,Coastal Plain League,westbury,P12545,Westbury,Danny,0,Macon,,P5p
minoraverages/CoastalPlain,2019,Coastal Plain League,weyer,P12788,Weyer,Brayden,0,Martinsville,,P5p
minoraverages/CoastalPlain,2019,Coastal Plain League,weyman,P12677,Weyman,Gavin,0,Martinsville,,P4p
minoraverages/CoastalPlain,2019,Coastal Plain League,wheeler,B01300,Wheeler,Patrick,0,Gastonia,,B13
minoraverages/CoastalPlain,2019,Coastal Plain League,whetsell,B02192,Whetsell,Trace,0,Lexington County,,B30
minoraverages/CoastalPlain,2019,Coastal Plain League,whetsell,P12063,Whetsell,Trace,0,Lexington County,,P1p
minoraverages/CoastalPlain,2019,Coastal Plain League,white-gas,B01392,White,CJ,0,Gastonia,,B4
minoraverages/CoastalPlain,2019,Coastal Plain League,white-flo,P10901,White,Parker,0,Florence,,P6p
minoraverages/CoastalPlain,2019,Coastal Plain League,white-gas,P11350,White,CJ,0,Gastonia,,P1p
minoraverages/CoastalPlain,2019,Coastal Plain League,white-flo,P12194,White,Myles,0,Lexington County,,P6p
minoraverages/CoastalPlain,2019,Coastal Plain League,whitehead,B01234,Whitehead,Jeremy,0,Gastonia,,B8
minoraverages/CoastalPlain,2019,Coastal Plain League,whitley-hpt,B01444,Whitley,Jacob,0,High Point-Thomasville,,B20
minoraverages/CoastalPlain,2019,Coastal Plain League,whitley-mar,B02780,Whitley,Ethan,0,Martinsville,,B25
minoraverages/CoastalPlain,2019,Coastal Plain League,whitney,P12262,Whitney,Cole,0,Lexington County,,P1p
minoraverages/CoastalPlain,2019,Coastal Plain League,widerman,P13887,Widerman,Brett,0,Wilmington,,P1p
minoraverages/CoastalPlain,2019,Coastal Plain League,wilder,P11526,Wilder,Josh,0,Gastonia,,P8p
minoraverages/CoastalPlain,2019,Coastal Plain League,williams-fay,B00531,Williams,Brian,0,Fayetteville,,B3
minoraverages/CoastalPlain,2019,Coastal Plain League,williams-sav,B03369,Williams,Mike,0,Savannah,,B45
minoraverages/CoastalPlain,2019,Coastal Plain League,williams-lc,P12160,Williams,Zach,0,Lexington County,,P11p
minoraverages/CoastalPlain,2019,Coastal Plain League,williamson,B02901,Williamson,Camden,0,Morehead City,,B28
minoraverages/CoastalPlain,2019,Coastal Plain League,williamson,P13059,Williamson,Camden,0,Morehead City,,P1p
minoraverages/CoastalPlain,2019,Coastal Plain League,willman,B01926,Willman,Kyle,0,Holly Springs,,B8
minoraverages/CoastalPlain,2019,Coastal Plain League,wilson.c-gas,B01376,Wilson,Cody,0,Gastonia,,B14
minoraverages/CoastalPlain,2019,Coastal Plain League,wilson.c-gas,P11430,Wilson,Cody,0,Gastonia,,P7p
minoraverages/CoastalPlain,2019,Coastal Plain League,wilson.n-gas,P11458,Wilson,Nolan,0,Gastonia,,P19p
minoraverages/CoastalPlain,2019,Coastal Plain League,wilson-mac,P12499,Wilson,Forrest,0,Macon,,P12p
minoraverages/CoastalPlain,2019,Coastal Plain League,wingard,P10795,Wingard,Chrstian,0,Fayetteville,,P6p
minoraverages/CoastalPlain,2019,Coastal Plain League,wisely,B03334,Wisely,Brett,0,Savannah,,B7
minoraverages/CoastalPlain,2019,Coastal Plain League,woods,P10493,Woods,Cristian,0,Edenton,,P5p
minoraverages/CoastalPlain,2019,Coastal Plain League,woosley,B02679,Woosley,Trey,0,Martinsville,,B43
minoraverages/CoastalPlain,2019,Coastal Plain League,workman,P11604,Workman,Logan,0,High Point-Thomasville,,P13p
minoraverages/CoastalPlain,2019,Coastal Plain League,worley,P14057,Worley,Steven,0,Wilson,,P17p
minoraverages/CoastalPlain,2019,Coastal Plain League,wright-hs,B01812,Wright,Jake,0,Holly Springs,,B9
minoraverages/CoastalPlain,2019,Coastal Plain League,wright-lex,B02097,Wright,Houston,0,Lexington County,,B48
minoraverages/CoastalPlain,2019,Coastal Plain League,wright-wil,B03841,Wright,Landen,0,Wilmington,,B7
minoraverages/CoastalPlain,2019,Coastal Plain League,wright-ede,P10486,Wright,Jacob,0,Edenton,,P4p
minoraverages/CoastalPlain,2019,Coastal Plain League,wright-wil,P13806,Wright,Landen,0,Wilmington,,P6p
minoraverages/CoastalPlain,2019,Coastal Plain League,wullenweber,B04025,Wullenweber,Chase,0,Wilson,,B17
minoraverages/CoastalPlain,2019,Coastal Plain League,wyke,P12387,Wyke,Jordon,0,Macon,,P18p
minoraverages/CoastalPlain,2019,Coastal Plain League,yakel,P12872,Yakel,Ryder,0,Morehead City,,P7p
minoraverages/CoastalPlain,2019,Coastal Plain League,yeager,B02336,Yeager,Colton,0,Macon,,B15
minoraverages/CoastalPlain,2019,Coastal Plain League,yniesta,B03745,Yniesta,Drew,0,Wilmington,,B6
minoraverages/CoastalPlain,2019,Coastal Plain League,yoder,P13076,Yoder,Clyde,0,Peninsula,,P3p
minoraverages/CoastalPlain,2019,Coastal Plain League,yowell,P11051,Yowell,AG,0,Florence,,P13p
minoraverages/CoastalPlain,2019,Coastal Plain League,zarate,B01402,Zarate,Angel,0,High Point-Thomasville,,B26
minoraverages/CoastalPlain,2019,Coastal Plain League,zeller,P12001,Zeller,Tim,0,Holly Springs,,P3p
minoraverages/CoastalPlain,2019,Coastal Plain League,zimmerman,B03211,Zimmerman,Luke,0,Peninsula,,B21
minoraverages/CoastalPlain,2019,Coastal Plain League,zimmerman,P13174,Zimmerman,Luke,0,Peninsula,,P13p
minoraverages/CoastalPlain,2019,Coastal Plain League,zoller,B02723,Zoller,Zack,0,Martinsville,,B2
minoraverages/CoastalPlain,2019,Coastal Plain League,zoller,B02839,Zoller,Zack,0,Martinsville,,B1
