source,league.year,league.name,person.ref,person.name.last,person.name.given,S_STINT,entry.name,span,pos,ident
ffbs,2019,French Division 1,B01514,ACUNA,Ivan,0,Savigny,,B31,acuna
ffbs,2019,French Division 1,B00566,AELTERMAN,Aiden,0,Nice,,B9,aelterman
ffbs,2019,French Division 1,P10289,AELTERMAN,Aiden,0,Nice,,P3p,aelterman
ffbs,2019,French Division 1,B01041,ALFARA,Lionel,0,Senart,,B2,alfara
ffbs,2019,French Division 1,B01546,AMOROS,Axel,0,Savigny,,B27,amoros.a
ffbs,2019,French Division 1,B01630,AMOROS,Lilian,0,Savigny,,B14,amoros.l
ffbs,2019,French Division 1,P10665,AMOROS,Lilian,0,Savigny,,P13p,amoros.l
ffbs,2019,French Division 1,B01885,ANDRADES,Laurent,0,Montpellier,,B1,andrades
ffbs,2019,French Division 1,P10818,ANDRADES,Laurent,0,Montpellier,,P5p,andrades
ffbs,2019,French Division 1,B00718,ANOUAR,Saad,0,Montigny,,B21,anouar
ffbs,2019,French Division 1,B01899,ANTEPAZ,Abraham,0,Valenciennes,,B29,antepaz
ffbs,2019,French Division 1,P10925,ANTEPAZ,Abraham,0,Valenciennes,,P7p,antepaz
ffbs,2019,French Division 1,B01124,ANTOINE,Nicolas,0,La Rochelle,,B27,antoine
ffbs,2019,French Division 1,P10516,ANTOINE,Nicolas,0,La Rochelle,,P6p,antoine
ffbs,2019,French Division 1,B01960,APONTE,Luis,0,Valenciennes,,B6,aponte
ffbs,2019,French Division 1,B01234,ARCAMONE,Florent,0,La Rochelle,,B8,arcamone
ffbs,2019,French Division 1,B00811,ARNAUD,Maxime,0,Montigny,,B1,arnaud
ffbs,2019,French Division 1,B00308,AUBRY,Elian,0,Metz,,B30,aubry
ffbs,2019,French Division 1,B01288,AVRIL,Pascal,0,La Rochelle,,B2,avril
ffbs,2019,French Division 1,B01064,BAKER,Jesse,0,La Rochelle,,B32,baker
ffbs,2019,French Division 1,B00904,BAOUI,Mohamed,0,Senart,,B31,baoui
ffbs,2019,French Division 1,B00865,BELONIS,Carlos,0,Senart,,B35,belonis
ffbs,2019,French Division 1,B00553,BERENGUER,William,0,Nice,,B9,berenguer
ffbs,2019,French Division 1,B00783,BERREBI,Olivier,0,Montigny,,B2,berrebi
ffbs,2019,French Division 1,B02320,BERRY,Gilberto,0,Clermont,,B26,berry
ffbs,2019,French Division 1,B00450,BERTRAND,Pierre,0,Nice,,B2,bertrand
ffbs,2019,French Division 1,B01674,BESNIER,Mathieu,0,Savigny,,B7,besnier
ffbs,2019,French Division 1,B00806,BESOLI,Killian,0,Montigny,,B2,besoli
ffbs,2019,French Division 1,P10839,BIDAUT,Arthur,0,Montpellier,,P1p,bidaut
ffbs,2019,French Division 1,B00125,BIRD,Phillip,0,Paris,,B10,bird
ffbs,2019,French Division 1,P10056,BIRD,Phillip,0,Paris,,P1p,bird
ffbs,2019,French Division 1,B00528,BISSON,Davy,0,Nice,,B21,bisson
ffbs,2019,French Division 1,B01601,BIVENS,Spencer,0,Savigny,,B8,bivens
ffbs,2019,French Division 1,P10654,BIVENS,Spencer,0,Savigny,,P17p,bivens
ffbs,2019,French Division 1,B02184,BLONDEL,Hugo,0,Rouen,,B29,blondel
ffbs,2019,French Division 1,B01242,BLUM,Daniel,0,La Rochelle,,B12,blum
ffbs,2019,French Division 1,P10478,BLUM,Daniel,0,La Rochelle,,P20p,blum
ffbs,2019,French Division 1,B00515,BODET,Benjamin,0,Nice,,B24,bodet
ffbs,2019,French Division 1,P10231,BODET,Benjamin,0,Nice,,P16p,bodet
ffbs,2019,French Division 1,B01170,BODIN,Paul Andre,0,La Rochelle,,B24,bodin
ffbs,2019,French Division 1,B01203,BONNIN,Emmanuel,0,La Rochelle,,B4,bonnin
ffbs,2019,French Division 1,B01523,BOUCHERON,Jacques,0,Savigny,,B29,boucheron
ffbs,2019,French Division 1,B02056,BRABANT,Cyril,0,Valenciennes,,B18,brabant
ffbs,2019,French Division 1,P10883,BRABANT,Cyril,0,Valenciennes,,P2p,brabant
ffbs,2019,French Division 1,B02137,BRAINVILLE,Louis,0,Rouen,,B33,brainville
ffbs,2019,French Division 1,B01029,BRELLE,Matthieu,0,Senart,,B2,brelle
ffbs,2019,French Division 1,P10441,BRELLE,Matthieu,0,Senart,,P5p,brelle
ffbs,2019,French Division 1,B00059,BREUT,Florian,0,Paris,,B26,breut
ffbs,2019,French Division 1,B01740,BROSSIER,Paolo,0,Montpellier,,B27,brossier
ffbs,2019,French Division 1,B00887,BROWN,Felix,0,Senart,,B36,brown
ffbs,2019,French Division 1,B02534,BRUNEL,Guillaume,0,Clermont,,B3,brunel
ffbs,2019,French Division 1,B01078,BUITRON,Chris,0,La Rochelle,,B31,buitron
ffbs,2019,French Division 1,P10493,BUITRON,Chris,0,La Rochelle,,P5p,buitron
ffbs,2019,French Division 1,B01269,CABUZAT,Maxime,0,La Rochelle,,B2,cabuzat
ffbs,2019,French Division 1,B02215,CAMACHO,Yoimer,0,Rouen,,B1,camacho
ffbs,2019,French Division 1,P10974,CAMACHO,Yoimer,0,Rouen,,P18p,camacho
ffbs,2019,French Division 1,B01857,CANELON,Kevin,0,Montpellier,,B8,canelon
ffbs,2019,French Division 1,P10751,CANELON,Kevin,0,Montpellier,,P16p,canelon
ffbs,2019,French Division 1,B00638,CARELA,Juan,0,Montigny,,B26,carela
ffbs,2019,French Division 1,B01595,CASSAGNE,Enzo,0,Savigny,,B4,cassagne
ffbs,2019,French Division 1,P10847,CAUVY,Alexandre,0,Montpellier,,P1p,cauvy
ffbs,2019,French Division 1,B02464,CAVACAS,Laurent,0,Clermont,,B17,cavacas
ffbs,2019,French Division 1,P11166,CAVACAS,Laurent,0,Clermont,,P7p,cavacas
ffbs,2019,French Division 1,P11153,CHARLIONNET,Pascal,0,Clermont,,P3p,charlionnet
ffbs,2019,French Division 1,B01649,CHAUVEAU,Owen,0,Savigny,,B3,chauveau
ffbs,2019,French Division 1,B00163,COLEMAN,Marvin,0,Paris,,B18,coleman
ffbs,2019,French Division 1,B01119,COLLET,Jeremy,0,La Rochelle,,B32,collet.j
ffbs,2019,French Division 1,B01376,COLLET,Lucas,0,Toulouse,,B25,collet.l
ffbs,2019,French Division 1,B00232,COMPPER,Nelson,0,Paris,,B1,compper
ffbs,2019,French Division 1,P10035,COMPPER,Nelson,0,Paris,,P2p,compper
ffbs,2019,French Division 1,B01663,COSTE,Gedeon,0,Savigny,,B21,coste
ffbs,2019,French Division 1,P10679,COSTE,Gedeon,0,Savigny,,P12p,coste
ffbs,2019,French Division 1,B00397,COTIN,Olivier,0,Metz,,B1,cotin
ffbs,2019,French Division 1,B02399,COUDERT,Dylan,0,Clermont,,B2,coudert
ffbs,2019,French Division 1,B01477,COUREAUD,Kosta,0,Toulouse,,B9,coureaud
ffbs,2019,French Division 1,B01162,CRAWFORD,Forrest,0,La Rochelle,,B9,crawford
ffbs,2019,French Division 1,B01086,CREMEL,Herve,0,La Rochelle,,B23,cremel
ffbs,2019,French Division 1,B00531,CRESCENT,Mathieu,0,Nice,,B14,crescent
ffbs,2019,French Division 1,P10266,CRESCENT,Mathieu,0,Nice,,P4p,crescent
ffbs,2019,French Division 1,B00590,DA CONCEICAO,Julien,0,Nice,,B1,daconceicao
ffbs,2019,French Division 1,B00475,DABAT,Raphael,0,Nice,,B16,dabat
ffbs,2019,French Division 1,B02121,DAGNEAU,Bastien,0,Rouen,,B34,dagneau
ffbs,2019,French Division 1,B01567,DAHAN,Tom,0,Savigny,,B31,dahan
ffbs,2019,French Division 1,P10723,DAHAN,Tom,0,Savigny,,P5p,dahan
ffbs,2019,French Division 1,B02070,DANNE,Theophile,0,Valenciennes,,B10,danne
ffbs,2019,French Division 1,P10871,DANNE,Theophile,0,Valenciennes,,P16p,danne
ffbs,2019,French Division 1,B00667,DE ARAUJO,Jose,0,Montigny,,B1,dearaujo
ffbs,2019,French Division 1,B01625,DE LA ROSA,Luis,0,Savigny,,B8,delarosa
ffbs,2019,French Division 1,P10698,DE LA ROSA,Luis,0,Savigny,,P8p,delarosa
ffbs,2019,French Division 1,B02503,DEFFRADAS,Bastien,0,Clermont,,B2,deffradas
ffbs,2019,French Division 1,B00961,DELOGU,Luis,0,Senart,,B14,delogu
ffbs,2019,French Division 1,B01392,DELPECH,Yanael,0,Toulouse,,B6,delpech
ffbs,2019,French Division 1,P10622,DELPECH,Yanael,0,Toulouse,,P4p,delpech
ffbs,2019,French Division 1,B02542,DEMAI,Guillaume,0,Clermont,,B1,demai
ffbs,2019,French Division 1,B00324,DEMAY,Xavier,0,Metz,,B27,demay
ffbs,2019,French Division 1,B02486,DEMAZY,Louis,0,Clermont,,B7,demazy
ffbs,2019,French Division 1,B02336,DENEAU,Matt,0,Clermont,,B22,deneau
ffbs,2019,French Division 1,B01291,DESCUBES,Maximilien,0,La Rochelle,,B2,descubes
ffbs,2019,French Division 1,B01696,DESIR,Hugo,0,Savigny,,B2,desir
ffbs,2019,French Division 1,B00623,DO CARMO,Gabriel,0,Montigny,,B30,docarmo
ffbs,2019,French Division 1,B01444,DRUET,Gabin,0,Toulouse,,B20,druet
ffbs,2019,French Division 1,P10606,DRUET,Gabin,0,Toulouse,,P1p,druet
ffbs,2019,French Division 1,B02192,DURIER,Valentin,0,Rouen,,B31,durier
ffbs,2019,French Division 1,B01010,DURIS,Luke,0,Senart,,B12,duris
ffbs,2019,French Division 1,P10432,DURIS,Luke,0,Senart,,P11p,duris
ffbs,2019,French Division 1,B00680,ESTEBAN,Clement,0,Montigny,,B17,esteban.c
ffbs,2019,French Division 1,B00747,ESTEBAN,Maxence,0,Montigny,,B9,esteban.m
ffbs,2019,French Division 1,P10336,ESTEBAN,Clement,0,Montigny,,P9p,esteban.c
ffbs,2019,French Division 1,P10357,ESTEBAN,Maxence,0,Montigny,,P12p,esteban.m
ffbs,2019,French Division 1,B01551,FERREIRA,Vincent,0,Savigny,,B28,ferreira
ffbs,2019,French Division 1,P10687,FERREIRA,Vincent,0,Savigny,,P1p,ferreira
ffbs,2019,French Division 1,B00117,FLATTERY,David,0,Paris,,B13,flattery
ffbs,2019,French Division 1,P10024,FLATTERY,David,0,Paris,,P7p,flattery
ffbs,2019,French Division 1,B00488,FLAYOL,Nicolas,0,Nice,,B19,flayol.n
ffbs,2019,French Division 1,B00544,FLAYOL,Maxime,0,Nice,,B10,flayol.m
ffbs,2019,French Division 1,P10277,FLAYOL,Nicolas,0,Nice,,P6p,flayol.n
ffbs,2019,French Division 1,B01489,FOURBOUL,Alexandre,0,Toulouse,,B1,fourboul
ffbs,2019,French Division 1,B00434,FRIEDBERG,Douglas,0,Nice,,B24,friedberg
ffbs,2019,French Division 1,P10826,FROMENT,Robin,0,Montpellier,,P4p,froment
ffbs,2019,French Division 1,P10399,GAILEY JR,Franck,0,Senart,,P1p,gailey
ffbs,2019,French Division 1,B01453,GARCI,Euri,0,Toulouse,,B15,garci
ffbs,2019,French Division 1,P10588,GARCI,Euri,0,Toulouse,,P4p,garci
ffbs,2019,French Division 1,B00101,GARCIA,Harvey,0,Paris,,B5,garcia
ffbs,2019,French Division 1,P10070,GARCIA,Harvey,0,Paris,,P5p,garcia
ffbs,2019,French Division 1,B02145,GAUTHIER,David,0,Rouen,,B26,gauthier
ffbs,2019,French Division 1,B02019,GHESQUIER,Sebastien,0,Valenciennes,,B23,ghesquier
ffbs,2019,French Division 1,B00469,GHINTRAN,Maxime,0,Nice,,B15,ghintran
ffbs,2019,French Division 1,B01055,GILBERT,Gary,0,Senart,,B2,gilbert
ffbs,2019,French Division 1,P10429,GILBERT,Gary,0,Senart,,P1p,gilbert
ffbs,2019,French Division 1,B00293,GIOVAGNINI,Umberto,0,Metz,,B30,giovagnini
ffbs,2019,French Division 1,P10215,GIOVAGNINI,Umberto,0,Metz,,P1p,giovagnini
ffbs,2019,French Division 1,B02168,GLEESON,Dylan,0,Rouen,,B28,gleeson
ffbs,2019,French Division 1,B00362,GODOY,Juan,0,Metz,,B15,godoy
ffbs,2019,French Division 1,B01926,GOMES,Jean Paul,0,Valenciennes,,B30,gomes.jp
ffbs,2019,French Division 1,B02081,GOMES,Guillaume,0,Valenciennes,,B2,gomes.g
ffbs,2019,French Division 1,P10917,GOMES,Guillaume,0,Valenciennes,,P1p,gomes.g
ffbs,2019,French Division 1,B00491,GONZALEZ,Marco,0,Nice,,B12,gonzalez.m
ffbs,2019,French Division 1,B01939,GONZALEZ,Oreiby,0,Valenciennes,,B3,gonzalez.o
ffbs,2019,French Division 1,B00442,GRIMALDI,Cyril,0,Nice,,B28,grimaldi
ffbs,2019,French Division 1,P10253,GRIMALDI,Cyril,0,Nice,,P13p,grimaldi
ffbs,2019,French Division 1,B02357,GRIMAUD,Sebastien,0,Clermont,,B25,grimaud
ffbs,2019,French Division 1,B02008,GROSJEAN,Hadrien,0,Valenciennes,,B16,grosjean
ffbs,2019,French Division 1,B02253,GUERN,Auguste,0,Rouen,,B10,guern
ffbs,2019,French Division 1,B00760,GUESMIA,Ahmed,0,Montigny,,B5,guesmia
ffbs,2019,French Division 1,P10348,GUESMIA,Ahmed,0,Montigny,,P2p,guesmia
ffbs,2019,French Division 1,B01983,GUIONNEAU,Benjamin,0,Valenciennes,,B19,guionneau
ffbs,2019,French Division 1,P10958,GUIONNEAU,Benjamin,0,Valenciennes,,P7p,guionneau
ffbs,2019,French Division 1,B01765,GUIRAUD,Mathis,0,Montpellier,,B31,guiraud
ffbs,2019,French Division 1,B00174,HABIB,Jules,0,Paris,,B9,habib
ffbs,2019,French Division 1,P10121,HABIB,Jules,0,Paris,,P9p,habib
ffbs,2019,French Division 1,B02266,HARRISON,Gabriel,0,Rouen,,B11,harrison
ffbs,2019,French Division 1,B01509,HASSED,Firmin,0,Toulouse,,B1,hassed
ffbs,2019,French Division 1,P10575,HASSED,Firmin,0,Toulouse,,P11p,hassed
ffbs,2019,French Division 1,B01032,HEBERDEN,Cliford,0,Senart,,B3,heberden
ffbs,2019,French Division 1,P10385,HEBERDEN,Cliford,0,Senart,,P15p,heberden
ffbs,2019,French Division 1,B02312,HEREDIA,Jose,0,Clermont,,B30,heredia
ffbs,2019,French Division 1,P11115,HEREDIA,Jose,0,Clermont,,P1p,heredia
ffbs,2019,French Division 1,B01722,INFANTE,Larry,0,Montpellier,,B31,infante
ffbs,2019,French Division 1,B00196,IONA DIAZ,Eddy Rafae,0,Paris,,B12,iona
ffbs,2019,French Division 1,B02202,IZTURRIAGA,Ely Saul,0,Rouen,,B4,izturriaga
ffbs,2019,French Division 1,P10996,IZTURRIAGA,Ely Saul,0,Rouen,,P17p,izturriaga
ffbs,2019,French Division 1,B00854,JACKSON,Daniel,0,Senart,,B36,jackson
ffbs,2019,French Division 1,B00833,JADAS,Thonny,0,Montigny,,B1,jadas
ffbs,2019,French Division 1,B00045,JAMOUS,Samy,0,Paris,,B28,jamous
ffbs,2019,French Division 1,P10145,JAMOUS,Samy,0,Paris,,P1p,jamous
ffbs,2019,French Division 1,P10746,JEAMMOT,Victor,0,Savigny,,P2p,jeammot
ffbs,2019,French Division 1,B00076,JENDRYCZKA,Jakub,0,Paris,,B3,jendryczka
ffbs,2019,French Division 1,P10097,JENDRYCZKA,Jakub,0,Paris,,P3p,jendryczka
ffbs,2019,French Division 1,B00920,JENKINS,Brendan,0,Senart,,B17,jenkins
ffbs,2019,French Division 1,P10373,JENKINS,Brendan,0,Senart,,P19p,jenkins
ffbs,2019,French Division 1,B00609,JIMENEZ,Rafael,0,Montigny,,B26,jimenez.r
ffbs,2019,French Division 1,B00427,JIMENEZ RAMIREZ,Darl,0,Nice,,B30,jimenez.d
ffbs,2019,French Division 1,P10244,JIMENEZ RAMIREZ,Darl,0,Nice,,P13p,jimenez.d
ffbs,2019,French Division 1,B00948,JIMINIAN,Leo,0,Senart,,B22,jiminian
ffbs,2019,French Division 1,B01617,JOUHANNEAU,Guillaume,0,Savigny,,B9,jouhanneau
ffbs,2019,French Division 1,B01812,KEKENBOSCH,Ethan,0,Montpellier,,B1,kekenbosch
ffbs,2019,French Division 1,B00182,KHEMACHE,Kevin,0,Paris,,B4,khemache.k
ffbs,2019,French Division 1,B01861,KHEMACHE,Lucas,0,Montpellier,,B5,khemache.l
ffbs,2019,French Division 1,P10767,KHEMACHE,Lucas,0,Montpellier,,P11p,khemache.l
ffbs,2019,French Division 1,B01804,KHOURY,Nicolas,0,Montpellier,,B30,kohoury
ffbs,2019,French Division 1,B01905,KINGSLEY,Francisco,0,Valenciennes,,B27,kingsley
ffbs,2019,French Division 1,P10860,KINGSLEY,Francisco,0,Valenciennes,,P17p,kingsley
ffbs,2019,French Division 1,B00794,KLEIN,Alban,0,Montigny,,B2,klein
ffbs,2019,French Division 1,B00973,KLIN,Valentin,0,Senart,,B11,klin
ffbs,2019,French Division 1,B00370,KOLLER,Romain,0,Metz,,B13,koller
ffbs,2019,French Division 1,B01779,KOVACS,Fabian,0,Montpellier,,B25,kovacs
ffbs,2019,French Division 1,B01156,KYROSE,Nick,0,La Rochelle,,B14,kyrose
ffbs,2019,French Division 1,P10503,KYROSE,Nick,0,La Rochelle,,P8p,kyrose
ffbs,2019,French Division 1,B01572,LAUNAY,Christopher,0,Savigny,,B27,launay.c
ffbs,2019,French Division 1,P10407,LAUNAY,Matheo,0,Senart,,P4p,launay.m
ffbs,2019,French Division 1,B01402,LAZIES,Guillaume,0,Toulouse,,B18,lazies
ffbs,2019,French Division 1,B02410,LE PEN,Cyril,0,Clermont,,B21,lepen
ffbs,2019,French Division 1,B02159,LEFEVRE,Maxime,0,Rouen,,B25,lefevre
ffbs,2019,French Division 1,B00936,LEMESTRE,Pierrick,0,Senart,,B19,lemestre
ffbs,2019,French Division 1,P10410,LEMESTRE,Pierrick,0,Senart,,P1p,lemestre
ffbs,2019,French Division 1,B01798,LEPICHON,Clement,0,Montpellier,,B29,lepichon
ffbs,2019,French Division 1,B01658,LESCURE,Mathias,0,Savigny,,B20,lescure
ffbs,2019,French Division 1,P10738,LESCURE,Mathias,0,Savigny,,P1p,lescure
ffbs,2019,French Division 1,P10714,LEVEQUE,Bastien,0,Savigny,,P9p,leveque
ffbs,2019,French Division 1,B02493,LINOSI,Duncan,0,Clermont,,B3,linosi
ffbs,2019,French Division 1,P11128,LINOSI,Duncan,0,Clermont,,P1p,linosi
ffbs,2019,French Division 1,P11023,LOCQUIN,Remi,0,Rouen,,P1p,locquin
ffbs,2019,French Division 1,B00695,LOPEZ,Yorfrank,0,Montigny,,B7,lopez
ffbs,2019,French Division 1,P10290,LOPEZ,Yorfrank,0,Montigny,,P15p,lopez
ffbs,2019,French Division 1,B02361,LORIENNE,Thibault,0,Clermont,,B28,lorienne.t
ffbs,2019,French Division 1,B02385,LORIENNE,Brice,0,Clermont,,B21,lorienne.b
ffbs,2019,French Division 1,P11189,LORIENNE,Thibault,0,Clermont,,P1p,lorienne.t
ffbs,2019,French Division 1,P11190,LORIENNE,Brice,0,Clermont,,P3p,lorienne.b
ffbs,2019,French Division 1,B00037,LOSY,Gael,0,Paris,,B21,losy
ffbs,2019,French Division 1,P10137,LOSY,Gael,0,Paris,,P1p,losy
ffbs,2019,French Division 1,B01580,LOUREY,Conor,0,Savigny,,B15,lourey
ffbs,2019,French Division 1,P10709,LOUREY,Conor,0,Savigny,,P5p,lourey
ffbs,2019,French Division 1,B02244,LOUVRY,Rodrigue,0,Rouen,,B8,louvry
ffbs,2019,French Division 1,B00335,MACHADO,Gabriel,0,Metz,,B24,machado
ffbs,2019,French Division 1,P10184,MACHADO,Gabriel,0,Metz,,P12p,machado
ffbs,2019,French Division 1,B00319,MANGEAT,Remy,0,Metz,,B24,mangeat
ffbs,2019,French Division 1,B01007,MAPAKOU,Jimmy,0,Senart,,B15,mapakou
ffbs,2019,French Division 1,B01873,MARIN,Meylian,0,Montpellier,,B1,marin
ffbs,2019,French Division 1,P10780,MARIN,Meylian,0,Montpellier,,P5p,marin
ffbs,2019,French Division 1,B00985,MARTINEZ,Romain,0,Senart,,B27,martinez.r
ffbs,2019,French Division 1,B01733,MARTINEZ,Andres,0,Montpellier,,B31,martinez.a
ffbs,2019,French Division 1,P10795,MARTINEZ,Andres,0,Montpellier,,P10p,martinez.a
ffbs,2019,French Division 1,B02516,MAYADE,Florian,0,Clermont,,B1,mayade
ffbs,2019,French Division 1,B00726,MAYEUX,Dylan,0,Montigny,,B17,mayeux.d
ffbs,2019,French Division 1,B00752,MAYEUX,Tom,0,Montigny,,B16,mayeux.t
ffbs,2019,French Division 1,B02429,MC CARTHY,Pascal,0,Clermont,,B17,mccarthy
ffbs,2019,French Division 1,P11144,MC CARTHY,Pascal,0,Clermont,,P5p,mccarthy
ffbs,2019,French Division 1,B00403,MEDINA,Hasely,0,Nice,,B24,medina.h
ffbs,2019,French Division 1,B02441,MEDINA,Thomas,0,Clermont,,B11,medina.t
ffbs,2019,French Division 1,B01313,MENDOZA,Jossue,0,Toulouse,,B22,mendoza
ffbs,2019,French Division 1,P10591,MENDOZA,Jossue,0,Toulouse,,P1p,mendoza
ffbs,2019,French Division 1,P11009,MERCADIER,Thibault,0,Rouen,,P2p,mercadier
ffbs,2019,French Division 1,B00092,MESGUICH,Camille,0,Paris,,B8,mesguich
ffbs,2019,French Division 1,B00210,MONBEIG,Pierre,0,Paris,,B4,monbeig.p
ffbs,2019,French Division 1,B00241,MONBEIG,Maximin,0,Paris,,B2,monbeig.m
ffbs,2019,French Division 1,P10043,MONBEIG,Pierre,0,Paris,,P2p,monbeig.p
ffbs,2019,French Division 1,P10081,MONBEIG,Maximin,0,Paris,,P1p,monbeig.m
ffbs,2019,French Division 1,B01848,MONKS,Julien,0,Montpellier,,B22,monks
ffbs,2019,French Division 1,B02478,MONNERET,Etienne,0,Clermont,,B6,monneret
ffbs,2019,French Division 1,P11102,MONNERET,Etienne,0,Clermont,,P15p,monneret
ffbs,2019,French Division 1,B00416,MONTAS,Jonathan,0,Nice,,B28,montas
ffbs,2019,French Division 1,P10228,MONTAS,Jonathan,0,Nice,,P8p,montas
ffbs,2019,French Division 1,B01359,MONTERO,Bennedict,0,Toulouse,,B23,montero
ffbs,2019,French Division 1,P10569,MONTERO,Bennedict,0,Toulouse,,P2p,montero
ffbs,2019,French Division 1,B00084,MOORE,Eric,0,Paris,,B10,moore
ffbs,2019,French Division 1,P10062,MOORE,Eric,0,Paris,,P4p,moore
ffbs,2019,French Division 1,B00771,MOTTAY,Jonathan,0,Montigny,,B2,mottay
ffbs,2019,French Division 1,P10304,MOTTAY,Jonathan,0,Montigny,,P15p,mottay
ffbs,2019,French Division 1,B02289,MOULIN,Quentin,0,Rouen,,B1,moulin
ffbs,2019,French Division 1,P11067,MOULIN,Quentin,0,Rouen,,P12p,moulin
ffbs,2019,French Division 1,B01415,MURREY,James,0,Toulouse,,B18,murrey
ffbs,2019,French Division 1,P10534,MURREY,James,0,Toulouse,,P11p,murrey
ffbs,2019,French Division 1,B01337,NAGANO,Lucas,0,Toulouse,,B26,nagano
ffbs,2019,French Division 1,B01345,NEUMANN,Sebastien,0,Toulouse,,B26,neumann
ffbs,2019,French Division 1,P10550,NEUMANN,Sebastien,0,Toulouse,,P12p,neumann
ffbs,2019,French Division 1,B02348,NICOLAS,Colin,0,Clermont,,B30,nicolas.c
ffbs,2019,French Division 1,B02407,NICOLAS,Martin,0,Clermont,,B3,nicolas.m
ffbs,2019,French Division 1,P11095,NICOLAS,Martin,0,Clermont,,P17p,nicolas.m
ffbs,2019,French Division 1,B00286,NOBLET,Clement,0,Metz,,B25,noblet
ffbs,2019,French Division 1,P10192,NOBLET,Clement,0,Metz,,P3p,noblet
ffbs,2019,French Division 1,B00739,NUTTE,Maxime,0,Montigny,,B15,nutte
ffbs,2019,French Division 1,B00229,OH,Jinseok,0,Paris,,B9,oh
ffbs,2019,French Division 1,B01135,OLIVEROS,Rayner,0,La Rochelle,,B15,oliveos
ffbs,2019,French Division 1,P10464,OLIVEROS,Rayner,0,La Rochelle,,P15p,oliveos
ffbs,2019,French Division 1,B01706,OROZCO,Evertz,0,Savigny,,B3,orozco
ffbs,2019,French Division 1,P10640,OROZCO,Evertz,0,Savigny,,P15p,orozco
ffbs,2019,French Division 1,B01250,OSSANDON,Pablo,0,La Rochelle,,B5,ossandon
ffbs,2019,French Division 1,P10486,OSSANDON,Pablo,0,La Rochelle,,P11p,ossandon
ffbs,2019,French Division 1,B02024,PAROIS,Alann,0,Valenciennes,,B8,parois
ffbs,2019,French Division 1,B01994,PATINO,Lipcius,0,Valenciennes,,B14,patino
ffbs,2019,French Division 1,B00672,PATRICE,Daniel,0,Montigny,,B16,patrica
ffbs,2019,French Division 1,P11014,PATRY,Loic,0,Rouen,,P1p,patry.l
ffbs,2019,French Division 1,P11038,PATRY,Benjamin,0,Rouen,,P1p,patry.b
ffbs,2019,French Division 1,B01384,PAZ,Andy,0,Toulouse,,B4,paz
ffbs,2019,French Division 1,B00879,PERDOMO,Alexander,0,Senart,,B32,perdomo
ffbs,2019,French Division 1,B02527,PEREIRA LAGE,Adrien,0,Clermont,,B4,pereira
ffbs,2019,French Division 1,B00614,PEREZ,Francisco,0,Montigny,,B21,perez.f
ffbs,2019,French Division 1,B02290,PEREZ,Keino,0,Rouen,,B1,perez.k
ffbs,2019,French Division 1,P11051,PEREZ,Keino,0,Rouen,,P8p,perez.k
ffbs,2019,French Division 1,B00705,PERRIN,Sylvain,0,Montigny,,B18,perrin
ffbs,2019,French Division 1,B00898,PEYRICHOU,Florian,0,Senart,,B31,peyrichou
ffbs,2019,French Division 1,B01093,PIGOURY,Cyprien,0,La Rochelle,,B30,pigoury
ffbs,2019,French Division 1,P10527,PIGOURY,Cyprien,0,La Rochelle,,P2p,pigoury
ffbs,2019,French Division 1,B02176,PIQUET,Luc,0,Rouen,,B31,piquet
ffbs,2019,French Division 1,P11072,PIQUET,Luc,0,Rouen,,P1p,piquet
ffbs,2019,French Division 1,B01431,PLANES,Pierre Emmanu,0,Toulouse,,B2,planes
ffbs,2019,French Division 1,B00255,PLATT,Scott,0,Metz,,B26,platt
ffbs,2019,French Division 1,P10176,PLATT,Scott,0,Metz,,P13p,platt
ffbs,2019,French Division 1,B01108,POLIDOR,Baptiste,0,La Rochelle,,B28,polidor
ffbs,2019,French Division 1,B01820,POLIT,Luc,0,Montpellier,,B18,polit
ffbs,2019,French Division 1,P10772,POLIT,Luc,0,Montpellier,,P9p,polit
ffbs,2019,French Division 1,B00021,PONTIAC,Ismail,0,Paris,,B27,pontiac
ffbs,2019,French Division 1,P10100,PONTIAC,Ismail,0,Paris,,P6p,pontiac
ffbs,2019,French Division 1,B01300,PORCHER,Merryl,0,La Rochelle,,B3,porcher
ffbs,2019,French Division 1,B00278,PRIETO,Omar,0,Metz,,B30,prieto
ffbs,2019,French Division 1,P10202,PRIETO,Omar,0,Metz,,P1p,prieto
ffbs,2019,French Division 1,B02304,PRIOUL,Esteban,0,Rouen,,B2,prioul
ffbs,2019,French Division 1,P10982,PRIOUL,Esteban,0,Rouen,,P15p,prioul
ffbs,2019,French Division 1,B01466,PRUNIERE,Laurent,0,Toulouse,,B20,pruniere
ffbs,2019,French Division 1,P10611,PRUNIERE,Laurent,0,Toulouse,,P8p,pruniere
ffbs,2019,French Division 1,B02455,PUJOL,Valentin,0,Clermont,,B5,pujol
ffbs,2019,French Division 1,P11131,PUJOL,Valentin,0,Clermont,,P2p,pujol
ffbs,2019,French Division 1,B01682,RAMOS,Adrian,0,Savigny,,B1,ramos
ffbs,2019,French Division 1,B00646,RAPHET,Guillaume,0,Montigny,,B30,raphet
ffbs,2019,French Division 1,B00840,RAULT,Antoine,0,Montigny,,B1,rault
ffbs,2019,French Division 1,P10312,RAULT,Antoine,0,Montigny,,P15p,rault
ffbs,2019,French Division 1,B01275,REGNIER,Tom,0,La Rochelle,,B2,regnier
ffbs,2019,French Division 1,B01836,RESS,Aldo,0,Montpellier,,B2,ress
ffbs,2019,French Division 1,B01216,RIVALLAND,Antoine,0,La Rochelle,,B4,rivalland
ffbs,2019,French Division 1,B00999,RIVERA,Joe,0,Senart,,B5,rivera
ffbs,2019,French Division 1,P10361,RIVERA,Joe,0,Senart,,P19p,rivera
ffbs,2019,French Division 1,B00651,ROBINET,Nicolas,0,Montigny,,B31,robinet
ffbs,2019,French Division 1,B00343,ROBINSON,Mitchell,0,Metz,,B15,robinson
ffbs,2019,French Division 1,P10168,ROBINSON,Mitchell,0,Metz,,P16p,robinson
ffbs,2019,French Division 1,B01711,ROCHER,Ivelin,0,Savigny,,B1,rocher
ffbs,2019,French Division 1,B00013,RODRIGUEZ,Douglas,0,Paris,,B28,rodriguez.d
ffbs,2019,French Division 1,B02432,RODRIGUEZ,Benjamin,0,Clermont,,B18,rodriguez.b
ffbs,2019,French Division 1,P10113,RODRIGUEZ,Douglas,0,Paris,,P1p,rodriguez.d
ffbs,2019,French Division 1,B01490,ROJAS,Keivy,0,Toulouse,,B1,rojas
ffbs,2019,French Division 1,P10542,ROJAS,Keivy,0,Toulouse,,P14p,rojas
ffbs,2019,French Division 1,B00502,ROQUET,Sebastien,0,Nice,,B21,roquet
ffbs,2019,French Division 1,B00589,ROULEAU,Gauthier,0,Nice,,B3,rouleau
ffbs,2019,French Division 1,B01428,ROUSSEL,Constant,0,Toulouse,,B22,roussel
ffbs,2019,French Division 1,B01952,ROUX,Virgile,0,Valenciennes,,B23,roux
ffbs,2019,French Division 1,B00264,ROZE,Victorien,0,Metz,,B28,roze
ffbs,2019,French Division 1,B01538,RUIZ,Yeixon,0,Savigny,,B31,ruiz
ffbs,2019,French Division 1,B00149,SAAVEDRA,Oscar,0,Paris,,B18,saavedra
ffbs,2019,French Division 1,B01227,SABOURIN,Kevin,0,La Rochelle,,B15,sabourin
ffbs,2019,French Division 1,B01918,SAIDI,Rahim,0,Valenciennes,,B31,saidi
ffbs,2019,French Division 1,P10901,SAIDI,Rahim,0,Valenciennes,,P1p,saidi
ffbs,2019,French Division 1,B02097,SALCEDO,Franck,0,Valenciennes,,B1,salcedo
ffbs,2019,French Division 1,P10949,SALCEDO,Franck,0,Valenciennes,,P5p,salcedo
ffbs,2019,French Division 1,B00158,SANCHEZ,Baptiste,0,Paris,,B27,sanchez.b
ffbs,2019,French Division 1,B01368,SANCHEZ,Leonel,0,Toulouse,,B28,sanchez.l
ffbs,2019,French Division 1,P10633,SANCHEZ,Leonel,0,Toulouse,,P1p,sanchez.l
ffbs,2019,French Division 1,B01321,SCAVO,Jean,0,Toulouse,,B26,scavo
ffbs,2019,French Division 1,B01197,SHTYKHER,Dimitry,0,La Rochelle,,B8,shtykher
ffbs,2019,French Division 1,P10455,SHTYKHER,Dimitry,0,La Rochelle,,P7p,shtykher
ffbs,2019,French Division 1,B02113,SORIANO,Ariel,0,Rouen,,B34,soriano
ffbs,2019,French Division 1,B02100,SOSA,Enrique Jr,0,Rouen,,B32,sosa
ffbs,2019,French Division 1,P11080,STENSON,Adam,0,Clermont,,P15p,stenson
ffbs,2019,French Division 1,B00207,SULINSKI,Bartosz,0,Paris,,B18,sulinski
ffbs,2019,French Division 1,B00068,TALEB,Abdallah,0,Paris,,B25,taleb
ffbs,2019,French Division 1,B02373,TAYBI,Brahim,0,Clermont,,B10,taybi
ffbs,2019,French Division 1,P11177,TAYBI,Brahim,0,Clermont,,P13p,taybi
ffbs,2019,French Division 1,B00381,TELLIER,Michael,0,Metz,,B8,tellier
ffbs,2019,French Division 1,B01181,TEXTIER,Baptiste,0,La Rochelle,,B2,textier
ffbs,2019,French Division 1,B00577,THAVISOUK,Voradoth,0,Nice,,B4,thavisouk
ffbs,2019,French Division 1,B02062,THOMASSE,Clement,0,Valenciennes,,B19,thomasse
ffbs,2019,French Division 1,B01947,TOOMBS,Lamonte,0,Valenciennes,,B8,toombs
ffbs,2019,French Division 1,P10894,TOOMBS,Lamonte,0,Valenciennes,,P1p,toombs
ffbs,2019,French Division 1,B00912,TOWNSEND,Ian,0,Senart,,B2,townsend
ffbs,2019,French Division 1,B00130,UTAMURA,Gen,0,Paris,,B6,utamura
ffbs,2019,French Division 1,P10019,UTAMURA,Gen,0,Paris,,P19p,utamura
ffbs,2019,French Division 1,B02043,VALERA,Sabu Fernado,0,Valenciennes,,B15,valera
ffbs,2019,French Division 1,P10852,VALERA,Sabu Fernado,0,Valenciennes,,P9p,valera
ffbs,2019,French Division 1,B01971,VARGAS,Jose Vladimir,0,Valenciennes,,B18,vargas
ffbs,2019,French Division 1,P10963,VARGAS,Jose Vladimir,0,Valenciennes,,P2p,vargas
ffbs,2019,French Division 1,B02231,VAUGELADE,Yoann,0,Rouen,,B1,vaugelade
ffbs,2019,French Division 1,P11046,VAUGELADE,Yoann,0,Rouen,,P15p,vaugelade
ffbs,2019,French Division 1,B02277,VIGER,Luc,0,Rouen,,B28,viger
ffbs,2019,French Division 1,B01754,VILLARD,Antoine,0,Montpellier,,B28,villard
ffbs,2019,French Division 1,P10805,VILLARD,Antoine,0,Montpellier,,P15p,villard
ffbs,2019,French Division 1,B02228,VISSAC,Martin,0,Rouen,,B15,vissac
ffbs,2019,French Division 1,B01143,WARME,Dylan,0,La Rochelle,,B10,warme
ffbs,2019,French Division 1,B00356,WATSON,Nolan,0,Metz,,B5,watson
ffbs,2019,French Division 1,P10159,WATSON,Nolan,0,Metz,,P15p,watson
ffbs,2019,French Division 1,B02035,WILLIAMSON,William,0,Valenciennes,,B25,williamson
ffbs,2019,French Division 1,P10930,WILLIAMSON,William,0,Valenciennes,,P11p,williamson
ffbs,2019,French Division 1,B00822,WISE,Haywood,0,Montigny,,B1,wise
ffbs,2019,French Division 1,P10320,WISE,Haywood,0,Montigny,,P1p,wise
ffbs,2019,French Division 1,B01787,ZAN,Mael,0,Montpellier,,B20,zan
ffbs,2019,French Division 1,B00957,ZOIA,Benjamin,0,Senart,,B17,zoia
