source,league.year,league.name,ident,person.ref,person.name.last,person.name.given,S_STINT,entry.name,S_FIRST,S_LAST,B_G,P_G,F_1B_G,F_2B_G,F_3B_G,F_SS_G,F_OF_G,F_LF_G,F_CF_G,F_RF_G,F_C_G,F_P_G,F_ALL_G
retrosheet/1909,1909,American League,ables,ableh101,Ables,Harry,,Cleveland,19090914,19091003,,,,,,,,,,,,,
retrosheet/1909,1909,American League,altizer,altid101,Altizer,Dave,,Chicago,19090414,19091003,,,,,,,,,,,,,
retrosheet/1909,1909,American League,altrock,altrn101,Altrock,Nick,,Chicago,19090418,19090418,,,,,,,,,,,,,
retrosheet/1909,1909,American League,altrock,altrn101,Altrock,Nick,,Washington,19090524,19090720,,,,,,,,,,,,,
retrosheet/1909,1909,American League,anderson,andef101,Anderson,Fred,,Boston,19090925,19090925,,,,,,,,,,,,,
retrosheet/1909,1909,American League,arellanes,arelf101,Arellanes,Frank,,Boston,19090412,19090929,,,,,,,,,,,,,
retrosheet/1909,1909,American League,atkins,atkit101,Atkins,Tommy,,Philadelphia,19091002,19091002,,,,,,,,,,,,,
researchers/mcconnell,1909,American League,atz,SDYZMYH,Atz,Jake,,Chicago,,,,,,,,,,,,,,,
retrosheet/1909,1909,American League,atz,atz-j101,Atz,John,,Chicago,19090414,19090930,,,,,,,,,,,,,
researchers/mcconnell,1909,American League,austin,BGPBXQB,Austin,James,,New York,,,,,,,,,,,,,,,
retrosheet/1909,1909,American League,austin,austj101,Austin,Jimmy,,New York,19090419,19091002,,,,,,,,,,,,,
retrosheet/1909,1909,American League,bailey,bailb101,Bailey,Bill,,St. Louis,19090424,19091003,,,,,,,,,,,,,
retrosheet/1909,1909,American League,baker,bakef102,Baker,Home Run,,Philadelphia,19090416,19091001,,,,,,,,,,,,,
retrosheet/1909,1909,American League,ball,balln101,Ball,Neal,,Cleveland,19090602,19090911,,,,,,,,,,,,,
retrosheet/1909,1909,American League,ball,balln101,Ball,Neal,,New York,19090412,19090429,,,,,,,,,,,,,
retrosheet/1909,1909,American League,barr,barrs102,Barr,Scotty,,Philadelphia,19090504,19090717,,,,,,,,,,,,,
retrosheet/1909,1909,American League,barrows,barrc102,Barrows,Cuke,,Chicago,19090918,19090930,,,,,,,,,,,,,
retrosheet/1909,1909,American League,barry,barrj104,Barry,Jack,,Philadelphia,19090417,19090920,,,,,,,,,,,,,
retrosheet/1909,1909,American League,beckendorf,beckh101,Beckendorf,Heinie,,Detroit,19090416,19091003,,,,,,,,,,,,,
retrosheet/1909,1909,American League,bemis,bemih101,Bemis,Harry,,Cleveland,19090526,19090910,,,,,,,,,,,,,
retrosheet/1909,1909,American League,bender,bendc101,Bender,Chief,,Philadelphia,19090426,19091001,,,,,,,,,,,,,
retrosheet/1909,1909,American League,berger,bergh101,Berger,Heinie,,Cleveland,19090416,19090910,,,,,,,,,,,,,
retrosheet/1909,1909,American League,birmingham,birmj101,Birmingham,Joe,,Cleveland,19090416,19091003,,,,,,,,,,,,,
retrosheet/1909,1909,American League,blair,blaiw101,Blair,Walter,,New York,19090415,19091002,,,,,,,,,,,,,
retrosheet/1909,1909,American League,blankenship,blanc103,Blankenship,Cliff,,Washington,19090413,19090818,,,,,,,,,,,,,
retrosheet/1909,1909,American League,booles,boolr101,Booles,Red,,Cleveland,19090730,19090820,,,,,,,,,,,,,
retrosheet/1909,1909,American League,bradley,bradb102,Bradley,Bill,,Cleveland,19090414,19091003,,,,,,,,,,,,,
retrosheet/1909,1909,American League,brockett,brocl101,Brockett,Lew,,New York,19090412,19090921,,,,,,,,,,,,,
retrosheet/1909,1909,American League,browne,browg102,Browne,George,,Washington,19090512,19091001,,,,,,,,,,,,,
retrosheet/1909,1909,American League,burchell,burcf101,Burchell,Fred,,Boston,19090517,19090715,,,,,,,,,,,,,
retrosheet/1909,1909,American League,burns,burnb101,Burns,Bill,,Chicago,19090519,19091003,,,,,,,,,,,,,
retrosheet/1909,1909,American League,burns,burnb101,Burns,Bill,,Washington,19090415,19090513,,,,,,,,,,,,,
retrosheet/1909,1909,American League,bush,bushd102,Bush,Donie,,Detroit,19090414,19091016,,,,,,,,,,,,,
retrosheet/1909,1909,American League,carrigan,carrb101,Carrigan,Bill,,Boston,19090412,19091002,,,,,,,,,,,,,
retrosheet/1909,1909,American League,carroll,carrd101,Carroll,Dick,,New York,19090925,19091001,,,,,,,,,,,,,
retrosheet/1909,1909,American League,casey,casej101,Casey,Joe,,Detroit,19091001,19091003,,,,,,,,,,,,,
retrosheet/1909,1909,American League,chase,chash101,Chase,Hal,,New York,19090503,19091002,,,,,,,,,,,,,
retrosheet/1909,1909,American League,chech,checc101,Chech,Charlie,,Boston,19090413,19090719,,,,,,,,,,,,,
retrosheet/1909,1909,American League,chesbro,chesj101,Chesbro,Jack,,Boston,19091002,19091002,,,,,,,,,,,,,
retrosheet/1909,1909,American League,chesbro,chesj101,Chesbro,Jack,,New York,19090531,19090827,,,,,,,,,,,,,
retrosheet/1909,1909,American League,cicotte,cicoe101,Cicotte,Eddie,,Boston,19090419,19090929,,,,,,,,,,,,,
retrosheet/1909,1909,American League,clarke.j,clarj103,Clarke,Josh,,Cleveland,19090414,19090417,,,,,,,,,,,,,
retrosheet/1909,1909,American League,clarke.n,clarn101,Clarke,Nig,,Cleveland,19090414,19090927,,,,,,,,,,,,,
retrosheet/1909,1909,American League,clymer,clymo101,Clymer,Otis,,Washington,19090412,19090809,,,,,,,,,,,,,
retrosheet/1909,1909,American League,cobb,cobbt101,Cobb,Ty,,Detroit,19090414,19091016,,,,,,,,,,,,,
retrosheet/1909,1909,American League,cole,colew101,Cole,Willis,,Chicago,19090822,19091003,,,,,,,,,,,,,
researchers/blau,1909,American League,collins-was,JPBSKTN,Collins,Ortho,,Washington,,,,,,,,,,,,,,,
retrosheet/1909,1909,American League,collins-phi,colle101,Collins,Eddie,,Philadelphia,19090412,19091002,,,,,,,,,,,,,
retrosheet/1909,1909,American League,collins-was,collo101,Collins,Orth,,Washington,19090716,19090727,,,,,,,,,,,,,
retrosheet/1909,1909,American League,collins-bos,collr103,Collins,Ray,,Boston,19090719,19091002,,,,,,,,,,,,,
retrosheet/1909,1909,American League,conroy,conrw101,Conroy,Wid,,Washington,19090412,19091002,,,,,,,,,,,,,
retrosheet/1909,1909,American League,coombs,coomj101,Coombs,Jack,,Philadelphia,19090413,19090930,,,,,,,,,,,,,
retrosheet/1909,1909,American League,cravath,cravg101,Cravath,Gavvy,,Chicago,19090414,19090515,,,,,,,,,,,,,
retrosheet/1909,1909,American League,cravath,cravg101,Cravath,Gavvy,,Washington,19090519,19090528,,,,,,,,,,,,,
retrosheet/1909,1909,American League,crawford,craws101,Crawford,Sam,,Detroit,19090414,19091016,,,,,,,,,,,,,
retrosheet/1909,1909,American League,cree,creeb101,Cree,Birdie,,New York,19090413,19091002,,,,,,,,,,,,,
retrosheet/1909,1909,American League,criger,crigl101,Criger,Lou,,St. Louis,19090414,19091003,,,,,,,,,,,,,
retrosheet/1909,1909,American League,criss,crisd101,Criss,Dode,,St. Louis,19090512,19090803,,,,,,,,,,,,,
retrosheet/1909,1909,American League,crompton,cromn101,Crompton,Ned,,St. Louis,19090913,19091001,,,,,,,,,,,,,
retrosheet/1909,1909,American League,crooke,croot101,Crooke,Tom,,Washington,19090929,19091001,,,,,,,,,,,,,
retrosheet/1909,1909,American League,curry,currj101,Curry,Jim,,Philadelphia,19091002,19091002,,,,,,,,,,,,,
retrosheet/1909,1909,American League,danzig,danzb101,Danzig,Babe,,Boston,19090412,19090504,,,,,,,,,,,,,
retrosheet/1909,1909,American League,davis-chi,davig102,Davis,George,,Chicago,19090509,19090815,,,,,,,,,,,,,
retrosheet/1909,1909,American League,davis-phi,davih101,Davis,Harry,,Philadelphia,19090412,19091002,,,,,,,,,,,,,
retrosheet/1909,1909,American League,delahanty,delaj103,Delahanty,Jim,,Detroit,19090812,19091016,,,,,,,,,,,,,
retrosheet/1909,1909,American League,delahanty,delaj103,Delahanty,Jim,,Washington,19090412,19090811,,,,,,,,,,,,,
retrosheet/1909,1909,American League,demmitt,demmr101,Demmitt,Ray,,New York,19090412,19091002,,,,,,,,,,,,,
retrosheet/1909,1909,American League,devoy,devow101,Devoy,Walt,,St. Louis,19090913,19091003,,,,,,,,,,,,,
retrosheet/1909,1909,American League,dinneen,dinnb101,Dinneen,Bill,,St. Louis,19090416,19090826,,,,,,,,,,,,,
retrosheet/1909,1909,American League,doan,doanw101,Doan,Walt,,Cleveland,19090920,19091001,,,,,,,,,,,,,
retrosheet/1909,1909,American League,donahue-chi+was,donaj103,Donahue,Jiggs,,Chicago,19090513,19090515,,,,,,,,,,,,,
retrosheet/1909,1909,American League,donahue-chi+was,donaj103,Donahue,Jiggs,,Washington,19090519,19091002,,,,,,,,,,,,,
retrosheet/1909,1909,American League,donahue-bos,donap101,Donahue,Pat,,Boston,19090416,19091002,,,,,,,,,,,,,
retrosheet/1909,1909,American League,donovan,donob101,Donovan,Bill,,Detroit,19090511,19091016,,,,,,,,,,,,,
retrosheet/1909,1909,American League,dougherty,dougp102,Dougherty,Patsy,,Chicago,19090414,19091003,,,,,,,,,,,,,
retrosheet/1909,1909,American League,doyle,doylj106,Doyle,Slow Joe,,New York,19090419,19090925,,,,,,,,,,,,,
retrosheet/1909,1909,American League,dygert,dygej101,Dygert,Jimmy,,Philadelphia,19090417,19090930,,,,,,,,,,,,,
retrosheet/1909,1909,American League,easterly,eastt101,Easterly,Ted,,Cleveland,19090417,19091003,,,,,,,,,,,,,
retrosheet/1909,1909,American League,elberfeld,elbek101,Elberfeld,Kid,,New York,19090412,19091002,,,,,,,,,,,,,
retrosheet/1909,1909,American League,engle,englc103,Engle,Clyde,,New York,19090412,19091001,,,,,,,,,,,,,
retrosheet/1909,1909,American League,falkenberg,falkc101,Falkenberg,Cy,,Cleveland,19090428,19090929,,,,,,,,,,,,,
retrosheet/1909,1909,American League,ferris,ferrh101,Ferris,Hobe,,St. Louis,19090414,19091001,,,,,,,,,,,,,
retrosheet/1909,1909,American League,fiene,fienl101,Fiene,Lou,,Chicago,19090416,19090815,,,,,,,,,,,,,
retrosheet/1909,1909,American League,flick,flice101,Flick,Elmer,,Cleveland,19090701,19090914,,,,,,,,,,,,,
retrosheet/1909,1909,American League,ford,fordr101,Ford,Russ,,New York,19090428,19090428,,,,,,,,,,,,,
retrosheet/1909,1909,American League,forman,formb101,Forman,Bill,,Washington,19090920,19090927,,,,,,,,,,,,,
retrosheet/1909,1909,American League,freeman,freej105,Freeman,Jerry,,Washington,19090412,19090521,,,,,,,,,,,,,
retrosheet/1909,1909,American League,french,frenc101,French,Charlie,,Boston,19090523,19091002,,,,,,,,,,,,,
retrosheet/1909,1909,American League,gainer,gaind101,Gainer,Del,,Detroit,19091002,19091003,,,,,,,,,,,,,
retrosheet/1909,1909,American League,ganley,ganlb101,Ganley,Bob,,Philadelphia,19090520,19090927,,,,,,,,,,,,,
retrosheet/1909,1909,American League,ganley,ganlb101,Ganley,Bob,,Washington,19090415,19090514,,,,,,,,,,,,,
retrosheet/1909,1909,American League,gardner-ny,garde101,Gardner,Earle,,New York,19090913,19091002,,,,,,,,,,,,,
retrosheet/1909,1909,American League,gardner-bos,gardl101,Gardner,Larry,,Boston,19090623,19091001,,,,,,,,,,,,,
retrosheet/1909,1909,American League,gessler,gessd101,Gessler,Doc,,Boston,19090412,19090909,,,,,,,,,,,,,
retrosheet/1909,1909,American League,gessler,gessd101,Gessler,Doc,,Washington,19090911,19090929,,,,,,,,,,,,,
retrosheet/1909,1909,American League,gilligan,gillj101,Gilligan,Jack,,St. Louis,19090916,19091001,,,,,,,,,,,,,
retrosheet/1909,1909,American League,good,goodw101,Good,Wilbur,,Cleveland,19090417,19091003,,,,,,,,,,,,,
retrosheet/1909,1909,American League,grahame,grahb102,Grahame,Bill,,St. Louis,19090416,19091003,,,,,,,,,,,,,
retrosheet/1909,1909,American League,gray,grayd101,Gray,Dolly,,Washington,19090413,19091002,,,,,,,,,,,,,
retrosheet/1909,1909,American League,griggs,griga101,Griggs,Art,,St. Louis,19090502,19091001,,,,,,,,,,,,,
retrosheet/1909,1909,American League,groom,groob101,Groom,Bob,,Washington,19090413,19091002,,,,,,,,,,,,,
retrosheet/1909,1909,American League,hahn,hahne101,Hahn,Ed,,Chicago,19090414,19090826,,,,,,,,,,,,,
retrosheet/1909,1909,American League,hall,hallc103,Hall,Charley,,Boston,19090809,19090930,,,,,,,,,,,,,
retrosheet/1909,1909,American League,hardy,hardj102,Hardy,Jack,,Washington,19090825,19091001,,,,,,,,,,,,,
retrosheet/1909,1909,American League,hartsel,hartt102,Hartsel,Topsy,,Philadelphia,19090412,19091002,,,,,,,,,,,,,
retrosheet/1909,1909,American League,hartzell,hartr102,Hartzell,Roy,,St. Louis,19090414,19091003,,,,,,,,,,,,,
retrosheet/1909,1909,American League,heitmuller,heith101,Heitmuller,Heinie,,Philadelphia,19090426,19091002,,,,,,,,,,,,,
retrosheet/1909,1909,American League,hemphill-ny,hempc101,Hemphill,Charlie,,New York,19090412,19091002,,,,,,,,,,,,,
retrosheet/1909,1909,American League,hemphill-was,hempf101,Hemphill,Frank,,Washington,19090623,19090623,,,,,,,,,,,,,
retrosheet/1909,1909,American League,higgins,higgb102,Higgins,Bob,,Cleveland,19090913,19091003,,,,,,,,,,,,,
retrosheet/1909,1909,American League,hinchman,hincb101,Hinchman,Bill,,Cleveland,19090414,19090927,,,,,,,,,,,,,
retrosheet/1909,1909,American League,hoffman,hoffd101,Hoffman,Danny,,St. Louis,19090414,19090912,,,,,,,,,,,,,
retrosheet/1909,1909,American League,hooper,hooph101,Hooper,Harry,,Boston,19090416,19091002,,,,,,,,,,,,,
retrosheet/1909,1909,American League,hovlik,hovlj101,Hovlik,Joe,,Washington,19090710,19090719,,,,,,,,,,,,,
retrosheet/1909,1909,American League,howard,howap101,Howard,Paul,,Boston,19090916,19090929,,,,,,,,,,,,,
retrosheet/1909,1909,American League,howell,howeh101,Howell,Harry,,St. Louis,19090607,19091003,,,,,,,,,,,,,
retrosheet/1909,1909,American League,hughes-was,hught103,Hughes,Tom,,Washington,19090413,19090807,,,,,,,,,,,,,
retrosheet/1909,1909,American League,hughes-ny,hught107,Hughes,Tom,,New York,19090612,19090929,,,,,,,,,,,,,
retrosheet/1909,1909,American League,isbell,isbef101,Isbell,Frank,,Chicago,19090414,19091003,,,,,,,,,,,,,
retrosheet/1909,1909,American League,jackson,jackj101,Jackson,Shoeless Joe,,Philadelphia,19090907,19091002,,,,,,,,,,,,,
retrosheet/1909,1909,American League,jennings,jennh101,Jennings,Hughie,,Detroit,19091001,19091002,,,,,,,,,,,,,
retrosheet/1909,1909,American League,johnson,johnw102,Johnson,Walter,,Washington,19090424,19091002,,,,,,,,,,,,,
retrosheet/1909,1909,American League,jones.d-det,joned104,Jones,Davy,,Detroit,19090416,19091016,,,,,,,,,,,,,
retrosheet/1909,1909,American League,jones.e-det,jonee101,Jones,Elijah,,Detroit,19090416,19090424,,,,,,,,,,,,,
retrosheet/1909,1909,American League,jones.t-stl+det,jonet103,Jones,Tom,,Detroit,19090822,19091016,,,,,,,,,,,,,
retrosheet/1909,1909,American League,jones.t-stl+det,jonet103,Jones,Tom,,St. Louis,19090414,19090818,,,,,,,,,,,,,
retrosheet/1909,1909,American League,joss,jossa101,Joss,Addie,,Cleveland,19090414,19090928,,,,,,,,,,,,,
retrosheet/1909,1909,American League,kahoe,kahom101,Kahoe,Mike,,Washington,19090508,19090812,,,,,,,,,,,,,
retrosheet/1909,1909,American League,karger,karge101,Karger,Ed,,Boston,19090729,19091001,,,,,,,,,,,,,
retrosheet/1909,1909,American League,keeler,keelw101,Keeler,Willie,,New York,19090412,19090927,,,,,,,,,,,,,
retrosheet/1909,1909,American League,keelery,keelb102,Keeley,Burt,,Washington,19090424,19090514,,,,,,,,,,,,,
retrosheet/1909,1909,American League,kelly,kells101,Kelly,Speed,,Washington,19090713,19091001,,,,,,,,,,,,,
retrosheet/1909,1909,American League,killefer-stl,killb101,Killefer,Bill,,St. Louis,19090913,19090930,,,,,,,,,,,,,
retrosheet/1909,1909,American League,killefer-det+was,killr101,Killefer,Red,,Detroit,19090604,19090811,,,,,,,,,,,,,
retrosheet/1909,1909,American League,killefer-det+was,killr101,Killefer,Red,,Washington,19090812,19091002,,,,,,,,,,,,,
retrosheet/1909,1909,American League,killian,kille101,Killian,Ed,,Detroit,19090517,19090929,,,,,,,,,,,,,
retrosheet/1909,1909,American League,kleinow,kleir101,Kleinow,Red,,New York,19090412,19090920,,,,,,,,,,,,,
retrosheet/1909,1909,American League,knight,knigj102,Knight,John,,New York,19090412,19091001,,,,,,,,,,,,,
retrosheet/1909,1909,American League,krause,krauh101,Krause,Harry,,Philadelphia,19090503,19090930,,,,,,,,,,,,,
retrosheet/1909,1909,American League,kull,kullj101,Kull,John,,Philadelphia,19091002,19091002,,,,,,,,,,,,,
retrosheet/1909,1909,American League,kusel,kusee101,Kusel,Ed,,St. Louis,19090918,19091001,,,,,,,,,,,,,
retrosheet/1909,1909,American League,laporte,lapof101,LaPorte,Frank,,New York,19090416,19090909,,,,,,,,,,,,,
retrosheet/1909,1909,American League,lafitte,lafie101,Lafitte,Ed,,Detroit,19090416,19090519,,,,,,,,,,,,,
retrosheet/1909,1909,American League,lajoie,lajon101,Lajoie,Nap,,Cleveland,19090414,19091003,,,,,,,,,,,,,
retrosheet/1909,1909,American League,lake,lakej101,Lake,Joe,,New York,19090413,19091002,,,,,,,,,,,,,
retrosheet/1909,1909,American League,land,landg101,Land,Grover,,Cleveland,19090416,19090416,,,,,,,,,,,,,
retrosheet/1909,1909,American League,lapp,lappj101,Lapp,Jack,,Philadelphia,19090413,19091002,,,,,,,,,,,,,
retrosheet/1909,1909,American League,larkin,larke101,Larkin,Ed,,Philadelphia,19090730,19091002,,,,,,,,,,,,,
retrosheet/1909,1909,American League,lelivelt-det,lelib101,Lelivelt,Bill,,Detroit,19090719,19091003,,,,,,,,,,,,,
retrosheet/1909,1909,American League,lelivelt-was,lelij101,Lelivelt,Jack,,Washington,19090624,19091002,,,,,,,,,,,,,
retrosheet/1909,1909,American League,liebhardt,liebg101,Liebhardt,Glenn,,Cleveland,19090416,19090805,,,,,,,,,,,,,
retrosheet/1909,1909,American League,livingston,livip101,Livingston,Paddy,,Philadelphia,19090503,19090925,,,,,,,,,,,,,
retrosheet/1909,1909,American League,lord-cle,lordb101,Lord,Bris,,Cleveland,19090414,19090823,,,,,,,,,,,,,
retrosheet/1909,1909,American League,lord-bos,lordh101,Lord,Harry,,Boston,19090412,19091002,,,,,,,,,,,,,
retrosheet/1909,1909,American League,madden,maddb101,Madden,Bunny,,Boston,19090603,19090929,,,,,,,,,,,,,
retrosheet/1909,1909,American League,manning,mannr101,Manning,Rube,,New York,19090513,19090930,,,,,,,,,,,,,
retrosheet/1909,1909,American League,matthews,mattw102,Matthews,William,,Boston,19090828,19090923,,,,,,,,,,,,,
retrosheet/1909,1909,American League,mcaleese,mcalj101,McAleese,Jack,,St. Louis,19090505,19091003,,,,,,,,,,,,,
retrosheet/1909,1909,American League,mcbride,mcbrg101,McBride,George,,Washington,19090412,19091002,,,,,,,,,,,,,
retrosheet/1909,1909,American League,mcconnell-bos,mccoa101,McConnell,Amby,,Boston,19090412,19091002,,,,,,,,,,,,,
retrosheet/1909,1909,American League,mcconnell-ny,mccog101,McConnell,George,,New York,19090413,19090610,,,,,,,,,,,,,
retrosheet/1909,1909,American League,mccorry,mccob103,McCorry,Bill,,St. Louis,19090917,19090929,,,,,,,,,,,,,
retrosheet/1909,1909,American League,mcilveen,mcili101,McIlveen,Irish,,New York,19090417,19090506,,,,,,,,,,,,,
retrosheet/1909,1909,American League,mcinnis,mcins101,McInnis,Stuffy,,Philadelphia,19090412,19091002,,,,,,,,,,,,,
retrosheet/1909,1909,American League,mcintyre,mcinm101,McIntyre,Matty,,Detroit,19090414,19091014,,,,,,,,,,,,,
retrosheet/1909,1909,American League,messenger,messb101,Messenger,Bobby,,Chicago,19090830,19091002,,,,,,,,,,,,,
retrosheet/1909,1909,American League,milan,milac101,Milan,Clyde,,Washington,19090412,19090929,,,,,,,,,,,,,
retrosheet/1909,1909,American League,miller,millw103,Miller,Warren,,Washington,19090729,19091002,,,,,,,,,,,,,
retrosheet/1909,1909,American League,mitchell,mitcw101,Mitchell,Willie,,Cleveland,19090922,19091003,,,,,,,,,,,,,
retrosheet/1909,1909,American League,morgan,morgc102,Morgan,Cy,,Boston,19090416,19090604,,,,,,,,,,,,,
retrosheet/1909,1909,American League,morgan,morgc102,Morgan,Cy,,Philadelphia,19090614,19090928,,,,,,,,,,,,,
retrosheet/1909,1909,American League,moriarty,morig101,Moriarty,George,,Detroit,19090414,19091016,,,,,,,,,,,,,
retrosheet/1909,1909,American League,mullin,mullg102,Mullin,George,,Detroit,19090414,19091016,,,,,,,,,,,,,
retrosheet/1909,1909,American League,murphy,murpd106,Murphy,Danny,,Philadelphia,19090412,19091002,,,,,,,,,,,,,
retrosheet/1909,1909,American League,netzel,netzm101,Netzel,Milo,,Cleveland,19090916,19091003,,,,,,,,,,,,,
retrosheet/1909,1909,American League,newton,newtd101,Newton,Doc,,New York,19090412,19090507,,,,,,,,,,,,,
retrosheet/1909,1909,American League,nicholls,nichs101,Nicholls,Simon,,Philadelphia,19090412,19091002,,,,,,,,,,,,,
retrosheet/1909,1909,American League,niles,nileh101,Niles,Harry,,Boston,19090413,19091002,,,,,,,,,,,,,
retrosheet/1909,1909,American League,nourse,nourc101,Nourse,Chet,,Boston,19090727,19090804,,,,,,,,,,,,,
retrosheet/1909,1909,American League,oleary,oleac101,O'Leary,Charley,,Detroit,19090503,19091016,,,,,,,,,,,,,
retrosheet/1909,1909,American League,oberlin,oberf101,Oberlin,Frank,,Washington,19090728,19090914,,,,,,,,,,,,,
retrosheet/1909,1909,American League,ohl,ohl-j101,Ohl,Joe,,Washington,19090729,19090805,,,,,,,,,,,,,
retrosheet/1909,1909,American League,oldring,oldrr101,Oldring,Rube,,Philadelphia,19090416,19091002,,,,,,,,,,,,,
retrosheet/1909,1909,American League,olmstead,olmsf101,Olmstead,Fred,,Chicago,19090904,19091001,,,,,,,,,,,,,
retrosheet/1909,1909,American League,orth,ortha101,Orth,Al,,New York,19090724,19090920,,,,,,,,,,,,,
retrosheet/1909,1909,American League,otis,otish101,Otis,Harry,,Cleveland,19090905,19090929,,,,,,,,,,,,,
retrosheet/1909,1909,American League,owen,owenf102,Owen,Frank,,Chicago,19090505,19090512,,,,,,,,,,,,,
retrosheet/1909,1909,American League,owens,owenf101,Owens,Yip,,Chicago,19090416,19090930,,,,,,,,,,,,,
retrosheet/1909,1909,American League,pape,papel101,Pape,Larry,,Boston,19090706,19091002,,,,,,,,,,,,,
retrosheet/1909,1909,American League,parent,paref101,Parent,Freddy,,Chicago,19090414,19091003,,,,,,,,,,,,,
retrosheet/1909,1909,American League,patterson,patth103,Patterson,Ham,,Chicago,19090830,19090830,,,,,,,,,,,,,
retrosheet/1909,1909,American League,patterson,patth103,Patterson,Ham,,St. Louis,19090510,19090719,,,,,,,,,,,,,
retrosheet/1909,1909,American League,payne,paynf101,Payne,Fred,,Chicago,19090530,19091003,,,,,,,,,,,,,
retrosheet/1909,1909,American League,pelty,peltb101,Pelty,Barney,,St. Louis,19090415,19091003,,,,,,,,,,,,,
retrosheet/1909,1909,American League,perring,perrg102,Perring,George,,Cleveland,19090416,19090910,,,,,,,,,,,,,
retrosheet/1909,1909,American League,plank,plane101,Plank,Eddie,,Philadelphia,19090412,19090929,,,,,,,,,,,,,
retrosheet/1909,1909,American League,powell,powej105,Powell,Jack,,St. Louis,19090414,19090911,,,,,,,,,,,,,
retrosheet/1909,1909,American League,powers,powem102,Powers,Doc,,Philadelphia,19090412,19090412,,,,,,,,,,,,,
retrosheet/1909,1909,American League,purtell,purtb101,Purtell,Billy,,Chicago,19090423,19091003,,,,,,,,,,,,,
retrosheet/1909,1909,American League,quinn,quinj102,Quinn,Jack,,New York,19090415,19091001,,,,,,,,,,,,,
retrosheet/1909,1909,American League,raftery,raftt101,Raftery,Tom,,Cleveland,19090418,19090627,,,,,,,,,,,,,
retrosheet/1909,1909,American League,rath,rathm101,Rath,Morrie,,Philadelphia,19090928,19091002,,,,,,,,,,,,,
retrosheet/1909,1909,American League,reilley,reild101,Reilley,Duke,,Cleveland,19090828,19090928,,,,,,,,,,,,,
retrosheet/1909,1909,American League,reilly,reilb101,Reilly,Barney,,Chicago,19090702,19090906,,,,,,,,,,,,,
retrosheet/1909,1909,American League,reisling,reisd101,Reisling,Doc,,Washington,19090821,19090927,,,,,,,,,,,,,
researchers/blau,1909,American League,rhoads,MPDZTZY,Rhoads,Bob,,Cleveland,,,,,,,,,,,,,,,
retrosheet/1909,1909,American League,rhoads,rhoab101,Rhoads,Bob,,Cleveland,19090417,19090825,,,,,,,,,,,,,
retrosheet/1909,1909,American League,rose,rosec102,Rose,Chuck,,St. Louis,19090913,19090929,,,,,,,,,,,,,
retrosheet/1909,1909,American League,rossman,rossc101,Rossman,Claude,,Detroit,19090414,19090819,,,,,,,,,,,,,
retrosheet/1909,1909,American League,rossman,rossc101,Rossman,Claude,,St. Louis,19090902,19090903,,,,,,,,,,,,,
retrosheet/1909,1909,American League,ryan,ryanj102,Ryan,Jack,,Boston,19090412,19090721,,,,,,,,,,,,,
retrosheet/1909,1909,American League,schaefer,schag101,Schaefer,Germany,,Detroit,19090414,19090811,,,,,,,,,,,,,
retrosheet/1909,1909,American League,schaefer,schag101,Schaefer,Germany,,Washington,19090812,19091002,,,,,,,,,,,,,
retrosheet/1909,1909,American League,schlitzer,schlb101,Schlitzer,Biff,,Boston,19090611,19090918,,,,,,,,,,,,,
retrosheet/1909,1909,American League,schlitzer,schlb101,Schlitzer,Biff,,Philadelphia,19090416,19090504,,,,,,,,,,,,,
retrosheet/1909,1909,American League,schmidt-det,schmb102,Schmidt,Boss,,Detroit,19090414,19091016,,,,,,,,,,,,,
retrosheet/1909,1909,American League,schmidt-ny,schmb103,Schmidt,Butch,,New York,19090511,19090511,,,,,,,,,,,,,
retrosheet/1909,1909,American League,schweitzer,schwa102,Schweitzer,Al,,St. Louis,19090415,19091003,,,,,,,,,,,,,
retrosheet/1909,1909,American League,scott,scotj104,Scott,Jim,,Chicago,19090425,19091002,,,,,,,,,,,,,
retrosheet/1909,1909,American League,sebring,sebrj101,Sebring,Jimmy,,Washington,19090806,19090806,,,,,,,,,,,,,
retrosheet/1909,1909,American League,shipke,shipb101,Shipke,Bill,,Washington,19090419,19090516,,,,,,,,,,,,,
retrosheet/1909,1909,American League,shotton,shotb101,Shotton,Burt,,St. Louis,19090913,19091001,,,,,,,,,,,,,
retrosheet/1909,1909,American League,sitton,sittc101,Sitton,Carl,,Cleveland,19090424,19090902,,,,,,,,,,,,,
retrosheet/1909,1909,American League,slattery,slatj101,Slattery,Jack,,Washington,19090814,19090929,,,,,,,,,,,,,
retrosheet/1909,1909,American League,smith-was+bos,smitc107,Smith,Charlie,,Boston,19090913,19091002,,,,,,,,,,,,,
retrosheet/1909,1909,American League,smith-was+bos,smitc107,Smith,Charlie,,Washington,19090412,19090908,,,,,,,,,,,,,
retrosheet/1909,1909,American League,smith-chi,smitf106,Smith,Frank,,Chicago,19090414,19090920,,,,,,,,,,,,,
retrosheet/1909,1909,American League,smith-stl,smitw101,Smith,Wib,,St. Louis,19090531,19090929,,,,,,,,,,,,,
retrosheet/1909,1909,American League,speaker,speat101,Speaker,Tris,,Boston,19090412,19091002,,,,,,,,,,,,,
retrosheet/1909,1909,American League,speer,speek101,Speer,Kid,,Detroit,19090424,19091001,,,,,,,,,,,,,
retrosheet/1909,1909,American League,spencer,spent101,Spencer,Tubby,,Boston,19090413,19090628,,,,,,,,,,,,,
retrosheet/1909,1909,American League,stahl,stahj101,Stahl,Jake,,Boston,19090412,19090929,,,,,,,,,,,,,
retrosheet/1909,1909,American League,stanage,stano101,Stanage,Oscar,,Detroit,19090415,19091013,,,,,,,,,,,,,
retrosheet/1909,1909,American League,stark,stard101,Stark,Dolly,,Cleveland,19090912,19091003,,,,,,,,,,,,,
retrosheet/1909,1909,American League,steele,steee101,Steele,Elmer,,Boston,19090419,19090717,,,,,,,,,,,,,
retrosheet/1909,1909,American League,stephens,stepj104,Stephens,Jim,,St. Louis,19090416,19091003,,,,,,,,,,,,,
retrosheet/1909,1909,American League,stone,stong101,Stone,George,,St. Louis,19090414,19091003,,,,,,,,,,,,,
retrosheet/1909,1909,American League,stovall,stovg101,Stovall,George,,Cleveland,19090414,19091003,,,,,,,,,,,,,
retrosheet/1909,1909,American League,street,streg101,Street,Gabby,,Washington,19090412,19090923,,,,,,,,,,,,,
retrosheet/1909,1909,American League,stremmel,strep101,Stremmel,Phil,,St. Louis,19090916,19090925,,,,,,,,,,,,,
retrosheet/1909,1909,American League,strunk,strua102,Strunk,Amos,,Philadelphia,19090412,19090615,,,,,,,,,,,,,
retrosheet/1909,1909,American League,suggs,suggg101,Suggs,George,,Detroit,19090513,19090702,,,,,,,,,,,,,
retrosheet/1909,1909,American League,sullivan-chi,sullb102,Sullivan,Billy,,Chicago,19090414,19091002,,,,,,,,,,,,,
retrosheet/1909,1909,American League,sullivan-cle,sulld101,Sullivan,Denny,,Cleveland,19090428,19090902,,,,,,,,,,,,,
retrosheet/1909,1909,American League,summers,summe101,Summers,Ed,,Detroit,19090415,19091013,,,,,,,,,,,,,
retrosheet/1909,1909,American League,suter,suteh101,Suter,Harry,,Chicago,19090416,19091002,,,,,,,,,,,,,
retrosheet/1909,1909,American League,sweeney,sweej102,Sweeney,Jeff,,New York,19090511,19091002,,,,,,,,,,,,,
retrosheet/1909,1909,American League,tannehill-was,tannj101,Tannehill,Jesse,,Washington,19090413,19090703,,,,,,,,,,,,,
retrosheet/1909,1909,American League,tannehill-chi,tannl101,Tannehill,Lee,,Chicago,19090414,19091003,,,,,,,,,,,,,
retrosheet/1909,1909,American League,thomas,thomi101,Thomas,Ira,,Philadelphia,19090413,19090917,,,,,,,,,,,,,
retrosheet/1909,1909,American League,thoney,thonj101,Thoney,Jack,,Boston,19090412,19090629,,,,,,,,,,,,,
retrosheet/1909,1909,American League,tiemeyer,tieme101,Tiemeyer,Eddie,,New York,19090916,19091001,,,,,,,,,,,,,
retrosheet/1909,1909,American League,turner,turnt105,Turner,Terry,,Cleveland,19090414,19090716,,,,,,,,,,,,,
retrosheet/1909,1909,American League,unglaub,unglb101,Unglaub,Bob,,Washington,19090412,19090925,,,,,,,,,,,,,
retrosheet/1909,1909,American League,upp,upp-j101,Upp,Jerry,,Cleveland,19090902,19090927,,,,,,,,,,,,,
retrosheet/1909,1909,American League,vaughn,vaugb101,Vaughn,Bobby,,New York,19090612,19090618,,,,,,,,,,,,,
retrosheet/1909,1909,American League,vickers,vickr101,Vickers,Rube,,Philadelphia,19090416,19091002,,,,,,,,,,,,,
retrosheet/1909,1909,American League,waddell,waddr101,Waddell,Rube,,St. Louis,19090417,19090912,,,,,,,,,,,,,
retrosheet/1909,1909,American League,wagner,wagnh103,Wagner,Heinie,,Boston,19090412,19090911,,,,,,,,,,,,,
researchers/blau,1909,American League,walker,LYNBDQV,Walker,Dixie,,Washington,,,,,,,,,,,,,,,
retrosheet/1909,1909,American League,walker,walkd102,Walker,Dixie,,Washington,19090917,19091001,,,,,,,,,,,,,
retrosheet/1909,1909,American League,wallace,wallb101,Wallace,Bobby,,St. Louis,19090414,19091003,,,,,,,,,,,,,
retrosheet/1909,1909,American League,walsh,walse101,Walsh,Ed,,Chicago,19090509,19090929,,,,,,,,,,,,,
retrosheet/1909,1909,American League,wanner,wannj101,Wanner,Jack,,New York,19090928,19091002,,,,,,,,,,,,,
retrosheet/1909,1909,American League,ward,wardj102,Ward,Joe,,New York,19090412,19090531,,,,,,,,,,,,,
retrosheet/1909,1909,American League,warhop,warhj101,Warhop,Jack,,New York,19090419,19091001,,,,,,,,,,,,,
retrosheet/1909,1909,American League,welday,weldm101,Welday,Mike,,Chicago,19090423,19090708,,,,,,,,,,,,,
retrosheet/1909,1909,American League,white,whitd104,White,Doc,,Chicago,19090415,19091003,,,,,,,,,,,,,
retrosheet/1909,1909,American League,willett,wille103,Willett,Ed,,Detroit,19090417,19091013,,,,,,,,,,,,,
retrosheet/1909,1909,American League,williams,willj106,Williams,Jimmy,,St. Louis,19090414,19091003,,,,,,,,,,,,,
retrosheet/1909,1909,American League,wilson,wilsp101,Wilson,Pete,,New York,19090427,19091002,,,,,,,,,,,,,
retrosheet/1909,1909,American League,winchell,wincf101,Winchell,Fred,,Cleveland,19090916,19091003,,,,,,,,,,,,,
retrosheet/1909,1909,American League,witherup,withr101,Witherup,Roy,,Washington,19090719,19090906,,,,,,,,,,,,,
retrosheet/1909,1909,American League,wolter,wolth101,Wolter,Harry,,Boston,19090417,19091002,,,,,,,,,,,,,
retrosheet/1909,1909,American League,wood,woodj108,Wood,Smoky Joe,,Boston,19090621,19090930,,,,,,,,,,,,,
retrosheet/1909,1909,American League,works,workr101,Works,Ralph,,Detroit,19090501,19091011,,,,,,,,,,,,,
retrosheet/1909,1909,American League,wright,wrigl101,Wright,Lucky,,Cleveland,19090418,19090518,,,,,,,,,,,,,
retrosheet/1909,1909,American League,yerkes,yerks101,Yerkes,Steve,,Boston,19090916,19091002,,,,,,,,,,,,,
retrosheet/1909,1909,American League,yohe,yoheb101,Yohe,Bill,,Washington,19090830,19090927,,,,,,,,,,,,,
retrosheet/1909,1909,American League,young,younc102,Young,Cy,,Cleveland,19090415,19090928,,,,,,,,,,,,,
