source,league.year,league.name,ident,person.ref,person.name.last,person.name.given,S_STINT,entry.name,S_FIRST,S_LAST,B_G,P_G,pos
palmer,1986,Midwest League,abbott,ABBP0185,Abbott,Paul,,Kenosha,,,,,
palmer,1986,Midwest League,adkins,ADKT0284,Adkins,Todd,,Peoria,,,,,
palmer,1986,Midwest League,alfonzo,ALFE0185,Alfonzo,Edgar,,Quad Cities,,,,,
palmer,1986,Midwest League,alfredson,ALFT0184,Alfredson,Tom,,Quad Cities,,,,,
palmer,1986,Midwest League,allen,ALLL0185,Allen,Larry,,Appleton,,,,,
palmer,1986,Midwest League,alvis,ALVD0185,Alvis,Dave,,Waterloo,,,,,
palmer,1986,Midwest League,ames,AMED0185,Ames,Doug,,Madison,,,,,
palmer,1986,Midwest League,anders,ANDB0185,Anders,Scott,,Peoria,,,,,
palmer,1986,Midwest League,arias,ARIA0184,Arias,Tony,,Madison,,,,,
palmer,1986,Midwest League,arndt,ARNL0185,Arndt,Larry,,Madison,,,,,
palmer,1986,Midwest League,arrington,ARRT0185,Arrington,Tom,,Burlington,,,,,
palmer,1986,Midwest League,asbe,ASBD0185,Asbe,Daryl,,Burlington,,,,,
palmer,1986,Midwest League,ashley,ASHS0185,Ashley,Shon,,Beloit,,,,,
palmer,1986,Midwest League,atkinson,ATKT0184,Atkinson,Tim,,Springfield,,,,,
palmer,1986,Midwest League,auth,AUTR0185,Auth,Robert,,Quad Cities,,,,,
palmer,1986,Midwest League,baker,BAKG0184,Baker,Jerry,,Quad Cities,,,,,
palmer,1986,Midwest League,ban,BANM0185,Ban,Mark,,Quad Cities,,,,,
palmer,1986,Midwest League,barry,BARJ0186,Barry,John,,Clinton,,,,,
palmer,1986,Midwest League,bartolomucci,BARA0185,Bartolomucci,Tony,,Appleton,,,,,
palmer,1986,Midwest League,bates,BATJ0184,Bates,Doug,,Springfield,,,,,
palmer,1986,Midwest League,belinskas,BELD0185,Belinskas,Dan,,Cedar Rapids,,,,,
palmer,1986,Midwest League,bell,BELR0186,Bell,Bobby,,Quad Cities,,,,,
palmer,1986,Midwest League,bennett-wau,BENJ0186,Bennett,Jose,,Wausau,,,,,
palmer,1986,Midwest League,bennett-wat,BENK0185,Bennett,Keith,,Waterloo,,,,,
palmer,1986,Midwest League,bernardo,BERR0185,Bernardo,Bob,,Wausau,,,,,
palmer,1986,Midwest League,bernhardt,BERC0186,Bernhardt,Cesar,,Appleton,,,,,
palmer,1986,Midwest League,bivens,BIVW0186,Bivens,Bill,,Springfield,,,,,
palmer,1986,Midwest League,blackwell,BLAL0184,Blackwell,Larry,,Kenosha,,,,,
palmer,1986,Midwest League,blair,BLAP0184,Blair,Paul,,Clinton,,,,,
palmer,1986,Midwest League,blakley,BLAD0185,Blakley,Dave,,Clinton,,,,,
palmer,1986,Midwest League,blunt,BLUB0184,Blunt,Brad,,Springfield,,,,,
palmer,1986,Midwest League,boling,BOLJ0184,Boling,John,,Appleton,,,,,
palmer,1986,Midwest League,bonilla,BONG0185,Bonilla,George,,Clinton,,,,,
palmer,1986,Midwest League,bosley,BOSR0185,Bosley,Rich,,Beloit,,,,,
palmer,1986,Midwest League,brandts,BRAJ0186,Brandts,Mike,,Wausau,,,,,
palmer,1986,Midwest League,braxton,BRAG0185,Braxton,Glen,,Appleton,,,,,
palmer,1986,Midwest League,breedlove,BREL0185,Breedlove,Larry,,Springfield,,,,,
palmer,1986,Midwest League,bresnahan,BRED0184,Bresnahan,Dave,,Waterloo,,,,,
palmer,1986,Midwest League,brisco,BRIJ0384,Brisco,Jamie,,Beloit,,,,,
palmer,1986,Midwest League,bronkey,BROJ0486,Bronkey,Jeff,,Kenosha,,,,,
palmer,1986,Midwest League,brown-app,BROK0285,Brown,Kurt,,Appleton,,,,,
palmer,1986,Midwest League,brown-cr,BROM0185,Brown,Marty,,Cedar Rapids,,,,,
palmer,1986,Midwest League,bruno,BRUJ0185,Bruno,Joe,,Cedar Rapids,,,,,
palmer,1986,Midwest League,brusky,BRUB0185,Brusky,Brad,,Cedar Rapids,,,,,
palmer,1986,Midwest League,bryant,BRYJ0184,Bryant,John,,Cedar Rapids,,,,,
palmer,1986,Midwest League,bumgarner,BUMJ0185,Bumgarner,Jeff,,Kenosha,,,,,
palmer,1986,Midwest League,burcham,BURT0185,Burcham,Tim,,Quad Cities,,,,,
palmer,1986,Midwest League,cabrera-mad,CABA0184,Cabrera,Antonio,,Madison,,,,,
palmer,1986,Midwest League,cabrera-wau,CABF0286,Cabrera,Fremio,,Wausau,,,,,
palmer,1986,Midwest League,caci,CACR0185,Caci,Bob,,Beloit,,,,,
palmer,1986,Midwest League,cain,CAIC0185,Cain,Cal,,Cedar Rapids,,,,,
palmer,1986,Midwest League,calvert,CALK0184,Calvert,Chris,,Kenosha,,,,,
palmer,1986,Midwest League,campbell,CAMM0184,Campbell,Mike,,Cedar Rapids,,,,,
palmer,1986,Midwest League,canan,CANR0285,Canan,Dick,,Peoria,,,,,
palmer,1986,Midwest League,candelaria,CANJ0286,Candelaria,Jorge,,Appleton,,,,,
palmer,1986,Midwest League,canseco,CANO0184,Canseco,Ozzie,,Madison,,,,,
palmer,1986,Midwest League,carrasco,CARC0484,Carrasco,Claudio,,Waterloo,,,,,
palmer,1986,Midwest League,carter-spr,CARD0284,Carter,Dennis,,Springfield,,,,,
palmer,1986,Midwest League,carter-cli,CARJ0185,Carter,Jeff,,Clinton,,,,,
palmer,1986,Midwest League,carter-mad,CARR0186,Carter,Ron,,Madison,,,,,
palmer,1986,Midwest League,cash,CAST0186,Cash,Todd,,Clinton,,,,,
palmer,1986,Midwest League,casteel,CASA0184,Casteel,Brent,,Peoria,,,,,
palmer,1986,Midwest League,cento,CENA0185,Cento,Tony,,Appleton,,,,,
palmer,1986,Midwest League,charland,CHAC0286,Charland,Colin,,Quad Cities,,,,,
palmer,1986,Midwest League,clark,CLAI0184,Clark,Isaiah,,Beloit,,,,,
palmer,1986,Midwest League,clem,CLEJ0185,Clem,John,,Wausau,,,,,
palmer,1986,Midwest League,cocanower,COCJ0185,Cocanower,Jaime,,Beloit,,,,,
palmer,1986,Midwest League,cohoon,COHD0185,Cohoon,Don,,Wausau,,,,,
palmer,1986,Midwest League,colbert,COLC0186,Colbert,Craig,,Clinton,,,,,
palmer,1986,Midwest League,coleman,COLD0185,Coleman,Dewayne,,Peoria,,,,,
palmer,1986,Midwest League,collins-peo,COLA0186,Collins,Anthony,,Peoria,,,,,
palmer,1986,Midwest League,collins-qc,COLC0285,Collins,Chris,,Quad Cities,,,,,
palmer,1986,Midwest League,conner,CONG0186,Conner,Greg,,Clinton,,,,,
palmer,1986,Midwest League,converse,CONM0185,Converse,Mike,,Cedar Rapids,,,,,
palmer,1986,Midwest League,cook,COOJ0285,Cook,Jim,,Kenosha,,,,,
palmer,1986,Midwest League,corcino,CORL0185,Corcino,Luis,,Burlington,,,,,
palmer,1986,Midwest League,cortes,CORA0185,Cortes,Argenis,,Appleton,,,,,
palmer,1986,Midwest League,craskey,CRAR0286,Craskey,Bob,,Kenosha,,,,,
palmer,1986,Midwest League,criswell,CRIB0184,Criswell,Brian,,Madison,,,,,
palmer,1986,Midwest League,crouch,CROM0184,Crouch,Matt,,Burlington,,,,,
minoraverages/emilbb,1986,Midwest League,cuellar,M91221,Cuellar,Bobby,,Wausau,,,,,
palmer,1986,Midwest League,cundari,CUNF0185,Cundari,Phil,,Madison,,,,,
palmer,1986,Midwest League,cunningham,CUNJ0184,Cunningham,Joe,,Springfield,,,,,
palmer,1986,Midwest League,cupples,CUPM0184,Cupples,Mike,,Madison,,,,,
palmer,1986,Midwest League,damian,DAML0185,Damian,Leonard,,Peoria,,,,,
palmer,1986,Midwest League,dandos,DANM0185,Dandos,Mike,,Clinton,,,,,
palmer,1986,Midwest League,danek,DANW0184,Danek,Bill,,Peoria,,,,,
palmer,1986,Midwest League,darby,DARM0185,Darby,Mike,,Wausau,,,,,
palmer,1986,Midwest League,dasch,DASD0186,Dasch,Dave,,Kenosha,,,,,
palmer,1986,Midwest League,davis-wau,DAVB0185,Davis,Bret,,Wausau,,,,,
palmer,1986,Midwest League,davis-bur,DAVG0285,Davis,Geff,,Burlington,,,,,
palmer,1986,Midwest League,davis-spr+ken,DAVM0185,Davis,Mark,,Springfield,,,,,
palmer,1986,Midwest League,davis-spr+ken,DAVM0185,Davis,Mark,,Kenosha,,,,,
palmer,1986,Midwest League,davis-app,DAVM0286,Davis,Mark,,Appleton,,,,,
palmer,1986,Midwest League,deabenderfer,DEAB0185,Deabenderfer,Blaine,,Madison,,,,,
palmer,1986,Midwest League,deitz,DEIJ0185,Deitz,Tim,,Cedar Rapids,,,,,
palmer,1986,Midwest League,delancer,DELJ0185,Delancer,Julio,,Kenosha,,,,,
palmer,1986,Midwest League,delima,DELR0286,Delima,Rafael,,Kenosha,,,,,
palmer,1986,Midwest League,dimichele,DIMF0185,DiMichele,Frank,,Quad Cities,,,,,
palmer,1986,Midwest League,diaz,DIAW0186,Diaz,William,,Wausau,,,,,
palmer,1986,Midwest League,diceglio,DICT0184,Diceglio,Tom,,Kenosha,,,,,
palmer,1986,Midwest League,diceglio,DICT0184,Diceglio,Tom,,Peoria,,,,,
palmer,1986,Midwest League,dietrick,DIEP0184,Dietrick,Pat,,Madison,,,,,
palmer,1986,Midwest League,donahue,DONC0184,Donahue,Chuck,,Cedar Rapids,,,,,
palmer,1986,Midwest League,dougherty,DOUP0184,Dougherty,Pat,,Burlington,,,,,
palmer,1986,Midwest League,dube,DUBG0184,Dube,Greg,,Waterloo,,,,,
palmer,1986,Midwest League,duffy,DUFD0186,Duffy,Darrin,,Madison,,,,,
palmer,1986,Midwest League,dull,DULM0186,Dull,Mike,,Burlington,,,,,
palmer,1986,Midwest League,dunlap,DUNJ0185,Dunlap,Joe,,Cedar Rapids,,,,,
minoraverages/emilbb,1986,Midwest League,dusan,M91284,Dusan,Gene,,Cedar Rapids,,,,,
palmer,1986,Midwest League,ealy,EALT0185,Ealy,Tom,,Clinton,,,,,
palmer,1986,Midwest League,eccleston,ECCT0185,Eccleston,Tom,,Wausau,,,,,
palmer,1986,Midwest League,escalera,ESCC0285,Escalera,Ruben,,Beloit,,,,,
palmer,1986,Midwest League,espinoza,ESPA0184,Espinoza,Andres,,Quad Cities,,,,,
palmer,1986,Midwest League,eveline,EVEW0184,Eveline,Bill,,Appleton,,,,,
palmer,1986,Midwest League,ewart,EWAR0185,Ewart,Ron,,Peoria,,,,,
palmer,1986,Midwest League,fairchild,FAIG0185,Fairchild,Glenn,,Waterloo,,,,,
palmer,1986,Midwest League,farr,FARM0185,Farr,Mike,,Waterloo,,,,,
palmer,1986,Midwest League,fazzini,FAZF0185,Fazzini,Frank,,Beloit,,,,,
palmer,1986,Midwest League,fedor,FEDC0184,Fedor,Fritz,,Burlington,,,,,
palmer,1986,Midwest League,fedor,FEDC0184,Fedor,Fritz,,Waterloo,,,,,
palmer,1986,Midwest League,filippi,FILJ0284,Filippi,Jim,,Appleton,,,,,
palmer,1986,Midwest League,finley,FINC0185,Finley,Chuck,,Quad Cities,,,,,
palmer,1986,Midwest League,fitzgerald,FITM0184,Fitzgerald,Mike,,Springfield,,,,,
palmer,1986,Midwest League,fitzpatrick,FITD0284,Fitzpatrick,Danny,,Beloit,,,,,
palmer,1986,Midwest League,flowers,FLOP0185,Flowers,Kim,,Clinton,,,,,
palmer,1986,Midwest League,forrest,FORC0185,Forrest,Chris,,Springfield,,,,,
palmer,1986,Midwest League,fortugno,FORT0186,Fortugno,Tim,,Wausau,,,,,
palmer,1986,Midwest League,fox,FOXJ0185,Fox,Mike,,Springfield,,,,,
palmer,1986,Midwest League,franco,FRAJ0184,Franco,Toco,,Quad Cities,,,,,
palmer,1986,Midwest League,freed,FRES0185,Freed,Mick,,Springfield,,,,,
palmer,1986,Midwest League,freeland,FRED0184,Freeland,Dean,,Clinton,,,,,
palmer,1986,Midwest League,frye,FRYP0186,Frye,Paul,,Burlington,,,,,
palmer,1986,Midwest League,garcia,GARC0184,Garcia,Cornelio,,Appleton,,,,,
palmer,1986,Midwest League,gardner-peo,GARJ0284,Gardner,Jimmie,,Peoria,,,,,
palmer,1986,Midwest League,gardner-wat,GARM0285,Gardner,Myron,,Waterloo,,,,,
palmer,1986,Midwest League,gasser,GASS0185,Gasser,Steve,,Kenosha,,,,,
palmer,1986,Midwest League,germann,GERM0184,Germann,Mark,,Cedar Rapids,,,,,
palmer,1986,Midwest League,ghelfi,GHEA0185,Ghelfi,Andy,,Waterloo,,,,,
palmer,1986,Midwest League,gibree,GIBR0184,Gibree,Bob,,Wausau,,,,,
palmer,1986,Midwest League,gilbert,GILP0186,Gilbert,Pat,,Madison,,,,,
palmer,1986,Midwest League,gill,GILT0186,Gill,Turner,,Waterloo,,,,,
palmer,1986,Midwest League,girardi,GIRJ0186,Girardi,Joe,,Peoria,,,,,
palmer,1986,Midwest League,githens,GITJ0185,Githens,John,,Waterloo,,,,,
palmer,1986,Midwest League,goldstein,GOLI0186,Goldstein,Ike,,Kenosha,,,,,
palmer,1986,Midwest League,gosling,GOSM0185,Gosling,Mark,,Beloit,,,,,
palmer,1986,Midwest League,gould,GOUR0184,Gould,Bobby,,Madison,,,,,
palmer,1986,Midwest League,grace,GRAM0286,Grace,Mark,,Peoria,,,,,
palmer,1986,Midwest League,grant,GRAK0184,Grant,Kenny,,Quad Cities,,,,,
palmer,1986,Midwest League,green,GREJ0185,Green,John,,Peoria,,,,,
palmer,1986,Midwest League,greene,GREE0185,Greene,Ed,,Beloit,,,,,
palmer,1986,Midwest League,grimes,GRIL0285,Grimes,Lee,,Peoria,,,,,
palmer,1986,Midwest League,grunhard,GRUD0186,Grunhard,Dan,,Quad Cities,,,,,
palmer,1986,Midwest League,guillory,GUIW0185,Guillory,Walt,,Madison,,,,,
palmer,1986,Midwest League,hall,HALM0185,Hall,Marty,,Madison,,,,,
palmer,1986,Midwest League,haller,HALT0185,Haller,Tim,,Appleton,,,,,
palmer,1986,Midwest League,hamza,HAMA0184,Hamza,Tony,,Peoria,,,,,
palmer,1986,Midwest League,haney,HANJ0185,Haney,Buddy,,Beloit,,,,,
palmer,1986,Midwest League,hanggie,HAND0184,Hanggie,Dan,,Beloit,,,,,
palmer,1986,Midwest League,harris,HART0186,Harris,Gene,,Burlington,,,,,
palmer,1986,Midwest League,harrison,HARB0184,Harrison,Brett,,Springfield,,,,,
palmer,1986,Midwest League,hartley-spr,HARM0384,Hartley,Mike,,Springfield,,,,,
palmer,1986,Midwest League,hartley-app,HART0184,Hartley,Tom,,Appleton,,,,,
palmer,1986,Midwest League,harvey,HARR0384,Harvey,Randy,,Quad Cities,,,,,
palmer,1986,Midwest League,heist,HEIC0184,Heist,Chuck,,Burlington,,,,,
palmer,1986,Midwest League,hemond,HEMS0186,Hemond,Scott,,Madison,,,,,
palmer,1986,Midwest League,henderson,HENC0184,Henderson,Craig,,Beloit,,,,,
palmer,1986,Midwest League,henry-app,HENM0285,Henry,Mark,,Appleton,,,,,
palmer,1986,Midwest League,henry-bel,HENR0186,Henry,Doug,,Beloit,,,,,
palmer,1986,Midwest League,hernandez,HERC0186,Hernandez,Cesar,,Burlington,,,,,
palmer,1986,Midwest League,higgins,HIGM0184,Higgins,Mark,,Waterloo,,,,,
palmer,1986,Midwest League,hilgenberg,HILS0184,Hilgenberg,Scott,,Cedar Rapids,,,,,
palmer,1986,Midwest League,hillman,HILT0185,Hillman,Trey,,Waterloo,,,,,
palmer,1986,Midwest League,hindman,HINR0185,Hindman,Randy,,Cedar Rapids,,,,,
palmer,1986,Midwest League,hirsch,HIRJ0185,Hirsch,Jeff,,Peoria,,,,,
minoraverages/emilbb,1986,Midwest League,hodge,M91276,Hodge,Gomer,,Beloit,,,,,
palmer,1986,Midwest League,holcomb,HOLS0186,Holcomb,Scott,,Madison,,,,,
palmer,1986,Midwest League,hornsby,HORD0184,Hornsby,Dave,,Clinton,,,,,
palmer,1986,Midwest League,horton,HORR0186,Horton,Rick,,Springfield,,,,,
palmer,1986,Midwest League,howes,HOWJ0186,Howes,John,,Burlington,,,,,
palmer,1986,Midwest League,howie,HOWM0184,Howie,Mark,,Madison,,,,,
palmer,1986,Midwest League,huff,HUFM0286,Huff,Marc,,Kenosha,,,,,
palmer,1986,Midwest League,hulstrom,HULB0186,Hulstrom,Bryce,,Appleton,,,,,
palmer,1986,Midwest League,hunter,HUNJ0185,Hunter,Jim,,Burlington,,,,,
palmer,1986,Midwest League,hunter,HUNJ0185,Hunter,Jim,,Beloit,,,,,
palmer,1986,Midwest League,huson,HUSJ0186,Huson,Jeff,,Burlington,,,,,
palmer,1986,Midwest League,isaac,ISAR0185,Isaac,Richard,,Appleton,,,,,
palmer,1986,Midwest League,jacas-mad,JACA0184,Jacas,Andre,,Madison,,,,,
palmer,1986,Midwest League,jacas-ken,JACD0186,Jacas,Dave,,Kenosha,,,,,
palmer,1986,Midwest League,jackson-cli,JACL0185,Jackson,Lloyd,,Clinton,,,,,
palmer,1986,Midwest League,jackson-cr,JACM0185,Jackson,Mark,,Cedar Rapids,,,,,
palmer,1986,Midwest League,johnigan,JOHS0185,Johnigan,Steve,,Waterloo,,,,,
palmer,1986,Midwest League,johnson-qc,JOHD0385,Johnson,Dave,,Quad Cities,,,,,
palmer,1986,Midwest League,johnson-ken,JOHL0286,Johnson,Eric,,Kenosha,,,,,
palmer,1986,Midwest League,johnson-bur,JOHT0184,Johnson,Tom,,Burlington,,,,,
palmer,1986,Midwest League,johnson-mad,JOHW0184,Johnson,Bill,,Madison,,,,,
palmer,1986,Midwest League,jones-cr,JONC0284,Jones,Chris,,Cedar Rapids,,,,,
palmer,1986,Midwest League,jones-bur,JONT0184,Jones,Terry,,Burlington,,,,,
palmer,1986,Midwest League,jordan,JORS0185,Jordan,Scott,,Waterloo,,,,,
palmer,1986,Midwest League,kallevig,KALG0185,Kallevig,Greg,,Peoria,,,,,
palmer,1986,Midwest League,kannenberg,KANS0186,Kannenberg,Scott,,Quad Cities,,,,,
palmer,1986,Midwest League,karpuk,KARG0185,Karpuk,Greg,,Waterloo,,,,,
palmer,1986,Midwest League,kavanaugh,KAVT0184,Kavanaugh,Timothy,,Springfield,,,,,
palmer,1986,Midwest League,kazmierczak,KAZW0186,Kazmierczak,Bill,,Peoria,,,,,
palmer,1986,Midwest League,kelly,KELL0185,Kelly,Leonard,,Burlington,,,,,
palmer,1986,Midwest League,kershaw,KERS0185,Kershaw,Scott,,Appleton,,,,,
palmer,1986,Midwest League,kibler,KIBR0184,Kibler,Russ,,Madison,,,,,
palmer,1986,Midwest League,kindred,KINC0184,Kindred,Curt,,Cedar Rapids,,,,,
palmer,1986,Midwest League,king,KINS0186,King,Steve,,Burlington,,,,,
minoraverages/emilbb,1986,Midwest League,kirsch,M91292,Kirsch,Paul,,Cedar Rapids,,,,,
palmer,1986,Midwest League,kleean,KLET0185,Kleean,Tom,,Beloit,,,,,
palmer,1986,Midwest League,kraemer,KRAJ0185,Kraemer,Joe,,Peoria,,,,,
palmer,1986,Midwest League,kroener,KROC0186,Kroener,Christopher,,Kenosha,,,,,
palmer,1986,Midwest League,krueger,KRUW0184,Krueger,Bill,,Madison,,,,,
palmer,1986,Midwest League,kuykendall,KUYK0186,Kuykendall,Kevin,,Waterloo,,,,,
minoraverages/emilbb,1986,Midwest League,lachemann,M91347,Lachemann,Bill,,Quad Cities,,,,,
palmer,1986,Midwest League,lafever,LAFG0185,Lafever,Greg,,Waterloo,,,,,
palmer,1986,Midwest League,laird,LAIA0184,Laird,Tony,,Quad Cities,,,,,
palmer,1986,Midwest League,lambert,LAMS0185,Lambert,Reese,,Madison,,,,,
palmer,1986,Midwest League,lane,LANE0184,Lane,Eric,,Waterloo,,,,,
palmer,1986,Midwest League,lanoux,LANC0185,Lanoux,Marty,,Kenosha,,,,,
palmer,1986,Midwest League,larson,LARD0184,Larson,Dan,,Wausau,,,,,
palmer,1986,Midwest League,laureano,LAUF0186,Laureano,Frank,,Burlington,,,,,
palmer,1986,Midwest League,law,LAWJ0184,Law,Joe,,Madison,,,,,
palmer,1986,Midwest League,lee,LEER0184,Lee,Bob,,Kenosha,,,,,
palmer,1986,Midwest League,lemons,LEMT0185,Lemons,Tim,,Burlington,,,,,
palmer,1986,Midwest League,leon,LEOR0184,Leon,Ron,,Springfield,,,,,
palmer,1986,Midwest League,leonard,LEOA0184,Leonard,Andy,,Burlington,,,,,
minoraverages/emilbb,1986,Midwest League,leppert,M91259,Leppert,Don,,Kenosha,,,,,
palmer,1986,Midwest League,lewis,LEWJ0184,Lewis,John,,Peoria,,,,,
palmer,1986,Midwest League,liddell,LIDD0184,Liddell,Dave,,Peoria,,,,,
palmer,1986,Midwest League,lincoln,LINL0186,Lincoln,Lance,,Beloit,,,,,
palmer,1986,Midwest League,lockhart,LOCK0186,Lockhart,Keith,,Cedar Rapids,,,,,
palmer,1986,Midwest League,lombarski,LOMT0184,Lombarski,Tom,,Peoria,,,,,
minoraverages/emilbb,1986,Midwest League,mackanin,M91326,MacKanin,Pete,,Peoria,,,,,
palmer,1986,Midwest League,mack,MACJ0184,Mack,Jerry,,Kenosha,,,,,
palmer,1986,Midwest League,magallanes,MAGW0185,Magallanes,Willie,,Appleton,,,,,
palmer,1986,Midwest League,malave,MALB0184,Malave,Benito,,Wausau,,,,,
palmer,1986,Midwest League,maloney,MALJ0484,Maloney,Chris,,Springfield,,,,,
palmer,1986,Midwest League,mandeville,MANR0184,Mandeville,Bob,,Peoria,,,,,
palmer,1986,Midwest League,mann,MANK0185,Mann,Kelly,,Peoria,,,,,
palmer,1986,Midwest League,manto,MANJ0185,Manto,Jeff,,Quad Cities,,,,,
palmer,1986,Midwest League,manwaring,MANK0186,Manwaring,Kirt,,Clinton,,,,,
palmer,1986,Midwest League,manzon,MANH0185,Manzon,Howie,,Kenosha,,,,,
palmer,1986,Midwest League,marino,MARM0185,Marino,Mark,,Quad Cities,,,,,
palmer,1986,Midwest League,marquez,MARE0284,Marquez,Edwin,,Quad Cities,,,,,
palmer,1986,Midwest League,martin,MARN0184,Martin,Norberto,,Appleton,,,,,
palmer,1986,Midwest League,martinez,MARL0285,Martinez,Luis,,Madison,,,,,
palmer,1986,Midwest League,mattox,MATF0184,Mattox,Frank,,Beloit,,,,,
palmer,1986,Midwest League,mauch,MAUT0184,Mauch,Tom,,Springfield,,,,,
palmer,1986,Midwest League,mccorkle,MCCD0185,McCorkle,Cork,,Wausau,,,,,
palmer,1986,Midwest League,mccoy,MCCT0186,McCoy,Tim,,Clinton,,,,,
palmer,1986,Midwest League,mcculla,MCCH0184,McCulla,Harry,,Springfield,,,,,
palmer,1986,Midwest League,mcculla,MCCH0184,McCulla,Harry,,Beloit,,,,,
palmer,1986,Midwest League,mcdonald,MCDK0185,McDonald,Kirk,,Madison,,,,,
palmer,1986,Midwest League,mcginnis,MCGR0285,McGInnis,Russ,,Beloit,,,,,
palmer,1986,Midwest League,mcgrew,MCGC0185,McGrew,Charlie,,Beloit,,,,,
palmer,1986,Midwest League,mcguire,MCGS0285,McGuire,Steve,,Quad Cities,,,,,
palmer,1986,Midwest League,mcintosh,MCIT0186,McINtosh,Tim,,Beloit,,,,,
palmer,1986,Midwest League,mclain,MCLT0185,McLain,Tim,,Wausau,,,,,
palmer,1986,Midwest League,mclaughlin,MCLD0184,McLaughlin,Dave,,Kenosha,,,,,
palmer,1986,Midwest League,mcmorris,MCMM0185,McMorris,Mark,,Peoria,,,,,
palmer,1986,Midwest League,mead,MEAT0185,Mead,Timber,,Clinton,,,,,
palmer,1986,Midwest League,medina,MEDL0185,Medina,Luis,,Waterloo,,,,,
palmer,1986,Midwest League,mercado,MERM0185,Mercado,Manny,,Waterloo,,,,,
palmer,1986,Midwest League,meyers-qc,MEYG0185,Meyers,Glenn,,Quad Cities,,,,,
palmer,1986,Midwest League,meyers-cli,MEYP0186,Meyers,Paul,,Clinton,,,,,
palmer,1986,Midwest League,miglio,MIGJ0184,Miglio,John,,Beloit,,,,,
palmer,1986,Midwest League,milholland,MILE0185,Milholland,Eric,,Appleton,,,,,
palmer,1986,Midwest League,miller-cli,MILT0185,Miller,Todd,,Clinton,,,,,
palmer,1986,Midwest League,miller-ken,MILT0285,Miller,Ted,,Kenosha,,,,,
minoraverages/emilbb,1986,Midwest League,miner,M91339,Miner,Junior,,Burlington,,,,,
palmer,1986,Midwest League,minutelli,MING0185,Minutelli,Gino,,Cedar Rapids,,,,,
palmer,1986,Midwest League,moncerratt,MONP0184,Moncerratt,Pablo,,Wausau,,,,,
palmer,1986,Midwest League,montano,MONM0184,Montano,Marty,,Beloit,,,,,
palmer,1986,Midwest League,moran,MORS0284,Moran,Steve,,Appleton,,,,,
palmer,1986,Midwest League,moraw,MORC0185,Moraw,Carl,,Beloit,,,,,
palmer,1986,Midwest League,morehouse,MORR0385,Morehouse,Richard,,Quad Cities,,,,,
palmer,1986,Midwest League,morgan,MORK0186,Morgan,Kenny,,Kenosha,,,,,
palmer,1986,Midwest League,moritz,MORT0284,Moritz,Tom,,Appleton,,,,,
palmer,1986,Midwest League,morris,MORD0184,Morris,Dave,,Clinton,,,,,
minoraverages/emilbb,1986,Midwest League,mull,M91305,Mull,Jack,,Clinton,,,,,
palmer,1986,Midwest League,murphy-mad,MURD0186,Murphy,Dwayne,,Madison,,,,,
palmer,1986,Midwest League,murphy-spr,MURJ0184,Murphy,John,,Springfield,,,,,
palmer,1986,Midwest League,nalls,NALG0185,Nalls,Gary,,Quad Cities,,,,,
palmer,1986,Midwest League,naveda,NAVE0186,Naveda,Ed,,Kenosha,,,,,
palmer,1986,Midwest League,nelson,NELR0185,Nelson,Rick,,Clinton,,,,,
minoraverages/emilbb,1986,Midwest League,nettles,M91213,Nettles,Jim,,Madison,,,,,
palmer,1986,Midwest League,nettles,NETJ0186,Nettles,Jim,,Madison,,,,,
palmer,1986,Midwest League,nichols,NICR0185,Nichols,Rod,,Waterloo,,,,,
palmer,1986,Midwest League,nix,NIXD0184,Nix,Dave,,Madison,,,,,
palmer,1986,Midwest League,norman,NORC0184,Norman,Scott,,Springfield,,,,,
palmer,1986,Midwest League,oconnor.t,OCOT0185,O'Connor,Tim,,Kenosha,,,,,
palmer,1986,Midwest League,oconnor.b,OCOW0185,O'Connor,Bill,,Kenosha,,,,,
palmer,1986,Midwest League,ojeda,OJER0186,Ojeda,Ray,,Beloit,,,,,
palmer,1986,Midwest League,oller,OLLJ0185,Oller,Jeff,,Burlington,,,,,
palmer,1986,Midwest League,ollom,OLLM0186,Ollom,Mike,,Appleton,,,,,
palmer,1986,Midwest League,olson,OLSW0184,Olson,Warren,,Beloit,,,,,
palmer,1986,Midwest League,ortman,ORTD0186,Ortman,Doug,,Madison,,,,,
palmer,1986,Midwest League,oswald,OSWS0184,Oswald,Steve,,Appleton,,,,,
palmer,1986,Midwest League,otto,OTTD0185,Otto,Dave,,Madison,,,,,
palmer,1986,Midwest League,oyster,OYSJ0185,Oyster,Jeff,,Springfield,,,,,
palmer,1986,Midwest League,pall,PALD0285,Pall,Donn,,Appleton,,,,,
palmer,1986,Midwest League,parker-wau,PARJ0285,Parker,Clay,,Wausau,,,,,
palmer,1986,Midwest League,parker-peo,PARS0186,Parker,Steve,,Peoria,,,,,
palmer,1986,Midwest League,pawling,PAWE0186,Pawling,Eric,,Clinton,,,,,
palmer,1986,Midwest League,pearson,PEAD0185,Pearson,Darren,,Clinton,,,,,
palmer,1986,Midwest League,peluso,PELM0186,Peluso,Matt,,Appleton,,,,,
palmer,1986,Midwest League,pena,PENJ0184,Pena,Jose,,Clinton,,,,,
palmer,1986,Midwest League,penigar,PENC0184,Penigar,C.L.,,Clinton,,,,,
palmer,1986,Midwest League,peraza,PERL0184,Peraza,Luis,,Appleton,,,,,
palmer,1986,Midwest League,perez-bur,PERM0184,Perez,Melido,,Burlington,,,,,
palmer,1986,Midwest League,perez-ken,PERY0184,Perez,Yorkis,,Kenosha,,,,,
palmer,1986,Midwest League,perry,PERR0185,Perry,Bob,,Kenosha,,,,,
palmer,1986,Midwest League,peters,PETS0185,Peters,Steve,,Springfield,,,,,
minoraverages/emilbb,1986,Midwest League,petrocelli,M91245,Petrocelli,Rico,,Appleton,,,,,
palmer,1986,Midwest League,phillips,PHIW0184,Phillips,Bill,,Peoria,,,,,
palmer,1986,Midwest League,pilkington,PILE0185,Pilkington,Eric,,Clinton,,,,,
minoraverages/emilbb,1986,Midwest League,pitts,M91318,Pitts,Gaylen,,Springfield,,,,,
palmer,1986,Midwest League,poehl,POEM0185,Poehl,Mike,,Waterloo,,,,,
palmer,1986,Midwest League,pregon,PRED0184,Pregon,Dave,,Springfield,,,,,
palmer,1986,Midwest League,redding,REDM0185,Redding,Mike,,Kenosha,,,,,
palmer,1986,Midwest League,renz,RENK0184,Renz,Kevin,,Appleton,,,,,
palmer,1986,Midwest League,reyes-qc,REYG0186,Reyes,Giovanny,,Quad Cities,,,,,
palmer,1986,Midwest League,reyes-bel,REYJ0185,Reyes,Juan,,Beloit,,,,,
palmer,1986,Midwest League,reynolds,REYD0185,Reynolds,Dave,,Appleton,,,,,
palmer,1986,Midwest League,rivera-qc,RIVE0184,Rivera,Elvin,,Quad Cities,,,,,
palmer,1986,Midwest League,rivera-app,RIVL0184,Rivera,Luis,,Appleton,,,,,
palmer,1986,Midwest League,roberts,ROBJ0285,Roberts,Jeff,,Wausau,,,,,
palmer,1986,Midwest League,robertson-cli,ROBD0185,Robertson,Doug,,Clinton,,,,,
palmer,1986,Midwest League,robertson-spr+bur,ROBM0184,Robertson,Mike,,Springfield,,,,,
palmer,1986,Midwest League,robertson-spr+bur,ROBM0184,Robertson,Mike,,Burlington,,,,,
palmer,1986,Midwest League,robidoux,ROBW0184,Robidoux,Billy Jo,,Beloit,,,,,
palmer,1986,Midwest League,robinson,ROBR0386,Robinson,Randy,,Appleton,,,,,
palmer,1986,Midwest League,robles,ROBG0185,Robles,Gabby,,Peoria,,,,,
palmer,1986,Midwest League,rodriguez-qc,RODE0284,Rodriguez,Eddie,,Quad Cities,,,,,
palmer,1986,Midwest League,rodriguez.i-bur,RODI0184,Rodriguez,Iggy,,Burlington,,,,,
palmer,1986,Midwest League,rodriguez.j-bur,RODJ0185,Rodriguez,Jose,,Burlington,,,,,
palmer,1986,Midwest League,rodriguez-spr,RODJ0384,Rodriguez,Jose,,Springfield,,,,,
palmer,1986,Midwest League,roesler,ROEM0185,Roesler,Mike,,Cedar Rapids,,,,,
palmer,1986,Midwest League,rose,ROSR0185,Rose,Bobby,,Quad Cities,,,,,
palmer,1986,Midwest League,roth,ROTK0185,Roth,Kris,,Peoria,,,,,
palmer,1986,Midwest League,russ,RUSK0184,Russ,Kevin,,Madison,,,,,
palmer,1986,Midwest League,saatzer,SAAM0184,Saatzer,Mickey,,Quad Cities,,,,,
palmer,1986,Midwest League,sabo,SABS0184,Sabo,Scott,,Madison,,,,,
palmer,1986,Midwest League,salazar,SALL0286,Salazar,Luis,,Appleton,,,,,
palmer,1986,Midwest League,salcedo,SALL0186,Salcedo,Luis,,Madison,,,,,
palmer,1986,Midwest League,sandoval,SANJ0185,Sandoval,Jesus,,Appleton,,,,,
palmer,1986,Midwest League,santos,SAND0185,Santos,Don,,Waterloo,,,,,
palmer,1986,Midwest League,sassone,SASM0185,Sassone,Mike,,Springfield,,,,,
palmer,1986,Midwest League,schiffelbein,SCHG0186,Schiffelbein,Greg,,Madison,,,,,
palmer,1986,Midwest League,schmidt,SCHA0184,Schmidt,Augie,,Kenosha,,,,,
palmer,1986,Midwest League,schooler,SCHM0285,Schooler,Mike,,Wausau,,,,,
palmer,1986,Midwest League,schulte,SCHM0184,Schulte,Mark,,Springfield,,,,,
palmer,1986,Midwest League,scott,SCOC0185,Scott,Charles,,Waterloo,,,,,
palmer,1986,Midwest League,scruggs,SCRR0185,Scruggs,Ron,,Appleton,,,,,
palmer,1986,Midwest League,shaver,SHAJ0185,Shaver,Jeff,,Madison,,,,,
palmer,1986,Midwest League,sheldon,SHED0185,Sheldon,Dave,,Appleton,,,,,
palmer,1986,Midwest League,shull,SHUM0186,Shull,Mike,,Quad Cities,,,,,
palmer,1986,Midwest League,siegel,SIER0184,Siegel,Bob,,Wausau,,,,,
palmer,1986,Midwest League,sigler,SIGA0184,Sigler,Allen,,Cedar Rapids,,,,,
palmer,1986,Midwest League,silverio,SILN0185,Silverio,Nelson,,Madison,,,,,
palmer,1986,Midwest League,simmons,SIMG0384,Simmons,Greg,,Beloit,,,,,
palmer,1986,Midwest League,simonson,SIMR0184,Simonson,Bob,,Beloit,,,,,
palmer,1986,Midwest League,simpson,SIMG0184,Simpson,Greg,,Cedar Rapids,,,,,
minoraverages/emilbb,1986,Midwest League,sims,M91237,Sims,Duke,,Appleton,,,,,
palmer,1986,Midwest League,skalski,SKAJ0186,Skalski,Joe,,Waterloo,,,,,
palmer,1986,Midwest League,slominski,SLOR0185,Slominski,Rich,,Wausau,,,,,
palmer,1986,Midwest League,slotnick,SLOJ0185,Slotnick,Joseph,,Burlington,,,,,
palmer,1986,Midwest League,slowik,SLOT0184,Slowik,Tad,,Peoria,,,,,
palmer,1986,Midwest League,small,SMAJ0185,Small,Jeff,,Peoria,,,,,
palmer,1986,Midwest League,smith.g-peo,SMIG0185,Smith,Greg,,Peoria,,,,,
palmer,1986,Midwest League,smith.d-peo,SMIJ0184,Smith,Dwight,,Peoria,,,,,
palmer,1986,Midwest League,smith.j-bel,SMIJ0485,Smith,Jeff,,Beloit,,,,,
palmer,1986,Midwest League,smith-qc,SMIL0284,Smith,Larry,,Quad Cities,,,,,
palmer,1986,Midwest League,smith-cr,SMIM0184,Smith,Mike,,Cedar Rapids,,,,,
palmer,1986,Midwest League,smith.p-bel,SMIP0185,Smith,Phil,,Beloit,,,,,
palmer,1986,Midwest League,snell,SNED0184,Snell,Dave,,Wausau,,,,,
palmer,1986,Midwest League,sorrento,SORP0186,Sorrento,Paul,,Quad Cities,,,,,
palmer,1986,Midwest League,stauffacher,STAS0185,Stauffacher,Stuart,,Burlington,,,,,
palmer,1986,Midwest League,stein,STEJ0185,Stein,John,,Appleton,,,,,
palmer,1986,Midwest League,stocker,STOR0185,Stocker,Bob,,Madison,,,,,
palmer,1986,Midwest League,stolnack,STOM0386,Stolnack,Mike,,Kenosha,,,,,
palmer,1986,Midwest League,stone,STOG0185,Stone,George,,Appleton,,,,,
palmer,1986,Midwest League,strube,STRR0285,Strube,Bob,,Kenosha,,,,,
palmer,1986,Midwest League,sudo,SUDR0185,Sudo,Bob,,Burlington,,,,,
palmer,1986,Midwest League,sullivan,SULC0186,Sullivan,Carl,,Appleton,,,,,
palmer,1986,Midwest League,sundgren,SUNS0185,Sundgren,Scott,,Burlington,,,,,
palmer,1986,Midwest League,swain,SWAR0185,Swain,Rob,,Waterloo,,,,,
palmer,1986,Midwest League,swan,SWAR0186,Swan,Russ,,Clinton,,,,,
palmer,1986,Midwest League,swepson,SWEL0184,Swepson,Lyle,,Clinton,,,,,
palmer,1986,Midwest League,swindell,SWIG0186,Swindell,Greg,,Waterloo,,,,,
minoraverages/emilbb,1986,Midwest League,swisher,M91268,Swisher,Steve,,Waterloo,,,,,
palmer,1986,Midwest League,tapias,TAPL0184,Tapias,Luis,,Kenosha,,,,,
palmer,1986,Midwest League,tavarez,TAVA0184,Tavarez,Alfonso,,Burlington,,,,,
palmer,1986,Midwest League,thomason,THOG0185,Thomason,Gary,,Kenosha,,,,,
palmer,1986,Midwest League,todd,TODC0185,Todd,Charles,,Waterloo,,,,,
palmer,1986,Midwest League,toler,TOLG0184,Toler,Greg,,Cedar Rapids,,,,,
palmer,1986,Midwest League,toliver,TOLA0185,Toliver,Andre,,Appleton,,,,,
palmer,1986,Midwest League,torres,TORE0186,Torres,Ed,,Quad Cities,,,,,
palmer,1986,Midwest League,touma,TOUT0186,Touma,Tim,,Burlington,,,,,
palmer,1986,Midwest League,townsend,TOWH0185,Townsend,Howard,,Clinton,,,,,
palmer,1986,Midwest League,trautwein,TRAJ0184,Trautwein,John,,Burlington,,,,,
palmer,1986,Midwest League,traylor,TRAK0184,Traylor,Keith,,Springfield,,,,,
palmer,1986,Midwest League,trudeau,TRUK0184,Trudeau,Kevin,,Waterloo,,,,,
palmer,1986,Midwest League,turner,TURJ0284,Turner,John,,Peoria,,,,,
palmer,1986,Midwest League,uribe,URIJ0284,Uribe,Jorge,,Wausau,,,,,
palmer,1986,Midwest League,vanstone,VANP0185,Van Stone,Paul,,Clinton,,,,,
palmer,1986,Midwest League,velarde,VELR0185,Velarde,Randy,,Appleton,,,,,
palmer,1986,Midwest League,ventura,VENJ0185,Ventura,Jose,,Beloit,,,,,
palmer,1986,Midwest League,veras,VERC0184,Veras,Camilo,,Madison,,,,,
palmer,1986,Midwest League,verdugo,VERL0185,Verdugo,Mando,,Beloit,,,,,
palmer,1986,Midwest League,veres,VERR0185,Veres,Randy,,Beloit,,,,,
palmer,1986,Midwest League,villanueva,VILG0186,Villanueva,Gil,,Appleton,,,,,
palmer,1986,Midwest League,vincent,VIND0185,Vincent,Mike,,Cedar Rapids,,,,,
palmer,1986,Midwest League,vizquel,VIZO0184,Vizquel,Omar,,Wausau,,,,,
palmer,1986,Midwest League,waggoner,WAGA0185,Waggoner,Aubrey,,Appleton,,,,,
palmer,1986,Midwest League,wagner,WAGD0186,Wagner,Dan,,Appleton,,,,,
palmer,1986,Midwest League,walker-wau,WALJ0184,Walker,Jim,,Wausau,,,,,
palmer,1986,Midwest League,walker-bur,WALL0185,Walker,Larry,,Burlington,,,,,
palmer,1986,Midwest League,wallace,WALT0185,Wallace,Tim,,Peoria,,,,,
palmer,1986,Midwest League,walton,WALB0185,Walton,Bruce,,Madison,,,,,
palmer,1986,Midwest League,warmbier,WARK0185,Warmbier,Kenneth,,Springfield,,,,,
palmer,1986,Midwest League,warren,WARM0185,Warren,Marty,,Appleton,,,,,
palmer,1986,Midwest League,washington,WASG0185,Washington,Glenn,,Quad Cities,,,,,
palmer,1986,Midwest League,webster-wat,WEBC0185,Webster,Casey,,Waterloo,,,,,
palmer,1986,Midwest League,webster-ken,WEBL0186,Webster,Lenny,,Kenosha,,,,,
palmer,1986,Midwest League,weiss,WEIW0185,Weiss,Walt,,Madison,,,,,
palmer,1986,Midwest League,wellman,WELP0184,Wellman,Phil,,Kenosha,,,,,
palmer,1986,Midwest League,whitehurst,WHIW0185,Whitehurst,Wally,,Madison,,,,,
palmer,1986,Midwest League,whitford,WHIL0284,Whitford,Larry,,Beloit,,,,,
palmer,1986,Midwest League,whitmyer,WHIS0184,Whitmyer,Steve,,Waterloo,,,,,
palmer,1986,Midwest League,whitt,WHIM0185,Whitt,Mike,,Clinton,,,,,
palmer,1986,Midwest League,williams.t-bur,WILJ0286,Williams,Tito,,Burlington,,,,,
palmer,1986,Midwest League,williams-cli,WILM0186,Williams,Matt,,Clinton,,,,,
palmer,1986,Midwest League,williams.r-bur,WILR0185,Williams,Rob,,Burlington,,,,,
palmer,1986,Midwest League,williamson-wat,WILJ0285,Williamson,Greg,,Waterloo,,,,,
palmer,1986,Midwest League,williamson-mad,WILK0285,Williamson,Kevin,,Madison,,,,,
palmer,1986,Midwest League,wilmet,WILP0384,Wilmet,Paul,,Springfield,,,,,
palmer,1986,Midwest League,wilson-spr,WILC0184,Wilson,Craig,,Springfield,,,,,
palmer,1986,Midwest League,wilson-cli,WILT0185,Wilson,Trevor,,Clinton,,,,,
palmer,1986,Midwest League,winbush,WINM0184,Winbush,Mike,,Waterloo,,,,,
palmer,1986,Midwest League,woods,WOOA0185,Woods,Tony,,Wausau,,,,,
palmer,1986,Midwest League,workman,WORM0185,Workman,Mike,,Waterloo,,,,,
palmer,1986,Midwest League,zarranz,ZARJ0185,Zarranz,Fernando,,Peoria,,,,,
palmer,1986,Midwest League,zavaras,ZAVC0185,Zavaras,Clint,,Wausau,,,,,
palmer,1986,Midwest League,zeratsky,ZERR0184,Zeratsky,Rod,,Cedar Rapids,,,,,
palmer,1986,Midwest League,zottneck,ZOTR0185,Zottneck,Roger,,Quad Cities,,,,,
