source,league.year,league.name,ident,person.ref,person.name.last,person.name.given,S_STINT,entry.name,S_FIRST,S_LAST,B_G,P_G,pos
palmer,1986,California League,adams,ADAM0185,Adams,Mike,,Visalia,,,,,
palmer,1986,California League,alarid,ALAD0185,Alarid,Dave,,Bakersfield,,,,,
palmer,1986,California League,alexander,ALET0184,Alexander,Tommy,,Reno,,,,,
palmer,1986,California League,alomar,ALOR0185,Alomar,Roberto,,Reno,,,,,
palmer,1986,California League,amaya,AMAB0184,Amaya,Ben,,Salinas,,,,,
palmer,1986,California League,ambrose,AMBM0186,Ambrose,Mark,,Stockton,,,,,
palmer,1986,California League,anderson.k-ps,ANDK0284,Anderson,Kent,,Palm Springs,,,,,
palmer,1986,California League,anderson.m-ps,ANDM0186,Anderson,Mike,,Palm Springs,,,,,
palmer,1986,California League,anderson-mod,ANDR0184,Anderson,Roy,,Modesto,,,,,
palmer,1986,California League,applegate,APPR0184,Applegate,Russ,,Modesto,,,,,
palmer,1986,California League,aragon,ARAJ0184,Aragon,Joey,,Visalia,,,,,
palmer,1986,California League,arroyo,ARRF0184,Arroyo,Fernando,,San Jose,,,,,
palmer,1986,California League,arroyo,ARRF0184,Arroyo,Fernando,,Modesto,,,,,
palmer,1986,California League,baker,BAKG0184,Baker,Jerry,,Palm Springs,,,,,
palmer,1986,California League,balelo,BALO0185,Balelo,Nezi,,Salinas,,,,,
palmer,1986,California League,balsley,BALD0184,Balsley,Darren,,Modesto,,,,,
palmer,1986,California League,barnhouse,BARS0384,Barnhouse,Scott,,Salinas,,,,,
palmer,1986,California League,barton,BARS0584,Barton,Shawn,,San Jose,,,,,
palmer,1986,California League,batesole,BATM0185,Batesole,Mike,,Bakersfield,,,,,
palmer,1986,California League,batiste,BATK0185,Batiste,Kevin,,Ventura,,,,,
palmer,1986,California League,bauer-ren,BAUE0185,Bauer,Eric,,Reno,,,,,
palmer,1986,California League,bauer-sj,BAUM0184,Bauer,Mark,,San Jose,,,,,
palmer,1986,California League,beavers,BEAD0286,Beavers,Mark,,Modesto,,,,,
palmer,1986,California League,bell,BELR0186,Bell,Bobby,,Palm Springs,,,,,
palmer,1986,California League,benitez,BENM0184,Benitez,Manuel,,Bakersfield,,,,,
palmer,1986,California League,berroa,BERG0184,Berroa,Geronimo,,Ventura,,,,,
palmer,1986,California League,beuerlein,BEUJ0184,Beuerlein,John,,Stockton,,,,,
palmer,1986,California League,bianchi,BIAB0184,Bianchi,Ben,,Visalia,,,,,
palmer,1986,California League,bichette,BICA0184,Bichette,Dante,,Palm Springs,,,,,
palmer,1986,California League,bigusiak,BIGM0186,Bigusiak,Mike,,San Jose,,,,,
palmer,1986,California League,bishop,BISJ0184,Bishop,Jim,,Ventura,,,,,
palmer,1986,California League,bispo,BISR0186,Bispo,Randy,,San Jose,,,,,
minoraverages/emilbb,1986,California League,blackwell,M90951,Blackwell,Tim,,Fresno,,,,,
palmer,1986,California League,blair,BLAP0184,Blair,Paul,,Fresno,,,,,
palmer,1986,California League,blankenship,BLAL0186,Blankenship,Lance,,Modesto,,,,,
palmer,1986,California League,blobaum,BLOG0184,Blobaum,Jeff,,San Jose,,,,,
palmer,1986,California League,bolt,BOLJ0185,Bolt,Jim,,San Jose,,,,,
palmer,1986,California League,borg,BORG0185,Borg,Gary,,Visalia,,,,,
palmer,1986,California League,brake,BRAG0184,Brake,Greg,,Modesto,,,,,
palmer,1986,California League,brilinski,BRIT0185,Brilinski,Tyler,,Modesto,,,,,
palmer,1986,California League,brinkman,BRIG0184,Brinkman,Greg,,Salinas,,,,,
palmer,1986,California League,brinson,BRIH0185,Brinson,Hugh,,Ventura,,,,,
palmer,1986,California League,brisco,BRIJ0384,Brisco,Jamie,,Stockton,,,,,
palmer,1986,California League,britt,BRIP0185,Britt,Pat,,Modesto,,,,,
palmer,1986,California League,brown-sal,BROR0284,Brown,Renard,,Salinas,,,,,
palmer,1986,California League,brown-sto,BROT0185,Brown,Todd,,Stockton,,,,,
palmer,1986,California League,bruzik,BRUR0184,Bruzik,Bob,,Salinas,,,,,
palmer,1986,California League,burgos,BURE0284,Burgos,Enrique,,Ventura,,,,,
palmer,1986,California League,burke,BURM0185,Burke,Mike,,Bakersfield,,,,,
palmer,1986,California League,burkett,BURJ0284,Burkett,John,,Fresno,,,,,
palmer,1986,California League,butler,BUTM0184,Butler,Mike,,Palm Springs,,,,,
palmer,1986,California League,cabrera,CABF0186,Cabrera,Francisco,,Ventura,,,,,
palmer,1986,California League,calley,CALR0184,Calley,Bob,,Visalia,,,,,
palmer,1986,California League,candelaria-fre,CANA0184,Candelaria,Al,,Fresno,,,,,
palmer,1986,California League,candelaria-ps,CANJ0386,Candelaria,John,,Palm Springs,,,,,
palmer,1986,California League,cardwood,CARA0184,Cardwood,Alfredo,,Visalia,,,,,
palmer,1986,California League,carlucci,CARD0184,Carlucci,Dave,,Bakersfield,,,,,
palmer,1986,California League,carter,CARR0384,Carter,Richie,,Palm Springs,,,,,
palmer,1986,California League,casey,CAST0184,Casey,Tim,,Stockton,,,,,
palmer,1986,California League,childers,CHIJ0184,Childers,Jeff,,Reno,,,,,
palmer,1986,California League,christ,CHRM0184,Christ,Mike,,Salinas,,,,,
palmer,1986,California League,christman,CHRK0186,Christman,Kevin,,San Jose,,,,,
palmer,1986,California League,cias,CIAD0184,Cias,Darryl,,San Jose,,,,,
palmer,1986,California League,ciprian,CIPE0186,Ciprian,Elvis,,Ventura,,,,,
palmer,1986,California League,clark-sal,CLAD0184,Clark,Dan,,Salinas,,,,,
palmer,1986,California League,clark-ren,CLAJ0185,Clark,Jerald,,Reno,,,,,
palmer,1986,California League,clark-sj,CLAR0385,Clark,Bobby,,San Jose,,,,,
palmer,1986,California League,clawson,CLAK0284,Clawson,Ken,,Reno,,,,,
palmer,1986,California League,coachman,COAB0184,Coachman,Pete,,Palm Springs,,,,,
palmer,1986,California League,coleman,COLD0185,Coleman,Dewayne,,Visalia,,,,,
palmer,1986,California League,cook-fre,COOD0185,Cook,Dennis,,Fresno,,,,,
palmer,1986,California League,cook-ps,COOL0184,Cook,Larry,,Palm Springs,,,,,
palmer,1986,California League,cormack,CORT0184,Cormack,Terry,,Salinas,,,,,
palmer,1986,California League,cortez,CORD0185,Cortez,Dave,,Reno,,,,,
palmer,1986,California League,crabtree,CRAG0184,Crabtree,Gary,,Bakersfield,,,,,
palmer,1986,California League,cramer,CRAR0186,Cramer,Bob,,Visalia,,,,,
palmer,1986,California League,cruz,CRUT0185,Cruz,Todd,,San Jose,,,,,
palmer,1986,California League,cucjen,CUCR0185,Cucjen,Romy,,Fresno,,,,,
palmer,1986,California League,culberson,CULC0184,Culberson,Charles,,Fresno,,,,,
palmer,1986,California League,dabney,DABT0185,Dabney,Ty,,Fresno,,,,,
palmer,1986,California League,dacus,DACB0184,Dacus,Barry,,Palm Springs,,,,,
palmer,1986,California League,davis-ps,DAVD0184,Davis,Doug,,Palm Springs,,,,,
palmer,1986,California League,davis-fre,DAVH0184,Davis,Harry,,Fresno,,,,,
palmer,1986,California League,debutch,DEBM0184,DeButch,Mike,,Reno,,,,,
palmer,1986,California League,demarrais,DEMS0186,Demarrais,Scott,,Ventura,,,,,
palmer,1986,California League,dewolf,DEWR0184,Dewolf,Rob,,Stockton,,,,,
palmer,1986,California League,digioia,DIGJ0184,Di Gioia,John,,Palm Springs,,,,,
palmer,1986,California League,diaz-ven,DIAC0186,Diaz,Carlos,,Ventura,,,,,
palmer,1986,California League,diaz-sto,DIAD0184,Diaz,Derek,,Stockton,,,,,
palmer,1986,California League,dickman,DICM0184,Dickman,Mark,,Ventura,,,,,
palmer,1986,California League,dietrick,DIEP0184,Dietrick,Pat,,Modesto,,,,,
palmer,1986,California League,dominguez,DOMJ0184,Dominguez,Jose,,Visalia,,,,,
palmer,1986,California League,doran,DORM0284,Doran,Mark,,Palm Springs,,,,,
palmer,1986,California League,ducey,DUCR0184,Ducey,Rob,,Ventura,,,,,
palmer,1986,California League,duffy,DUFD0186,Duffy,Darrin,,Modesto,,,,,
palmer,1986,California League,duncan,DUNM0185,Duncan,Mike,,Modesto,,,,,
palmer,1986,California League,duran,DURO0186,Duran,Oscar,,Stockton,,,,,
palmer,1986,California League,eccles,ECCJ0186,Eccles,John,,Visalia,,,,,
palmer,1986,California League,edwards,EDWJ0384,Edwards,Jovon,,Bakersfield,,,,,
palmer,1986,California League,eggertsen,EGGT0184,Eggertsen,Todd,,Palm Springs,,,,,
palmer,1986,California League,erickson,ERID0185,Erickson,Eric,,Fresno,,,,,
palmer,1986,California League,escobar,ESCS0184,Escobar,Oscar,,Ventura,,,,,
minoraverages/emilbb,1986,California League,ezell,M90938,Ezell,Glenn,,Ventura County,,,,,
palmer,1986,California League,fiala,FIAM0185,Fiala,Mike,,Bakersfield,,,,,
palmer,1986,California League,figueroa,FIGV0184,Figueroa,Vic,,Modesto,,,,,
palmer,1986,California League,filippi,FILJ0284,Filippi,Jim,,Reno,,,,,
palmer,1986,California League,fleming,FLEW0186,Fleming,Keith,,Stockton,,,,,
palmer,1986,California League,flores,FLON0184,Flores,Bert,,Bakersfield,,,,,
palmer,1986,California League,flowers,FLOP0185,Flowers,Kim,,Fresno,,,,,
palmer,1986,California League,forgione,FORC0284,Forgione,Chris,,Visalia,,,,,
palmer,1986,California League,foster,FOSK0184,Foster,Ken,,San Jose,,,,,
palmer,1986,California League,fox,FOXE0186,Fox,Eric,,Salinas,,,,,
palmer,1986,California League,francois,FRAM0184,Francois,Manny,,Bakersfield,,,,,
palmer,1986,California League,fraser,FRAW0185,Fraser,Willie,,Palm Springs,,,,,
palmer,1986,California League,frew,FREM0284,Frew,Mike,,Stockton,,,,,
palmer,1986,California League,fulmer,FULM0184,Fulmer,Mike,,Stockton,,,,,
palmer,1986,California League,fulton,FULG0185,Fulton,Greg,,Salinas,,,,,
palmer,1986,California League,gallo,GALB0284,Gallo,Ben,,San Jose,,,,,
palmer,1986,California League,galloway-sj,GALK0184,Galloway,Ken,,San Jose,,,,,
palmer,1986,California League,galloway-vis,GALT0184,Galloway,Troy,,Visalia,,,,,
palmer,1986,California League,garcia-ps,GARM0385,Garcia,Miguel,,Palm Springs,,,,,
palmer,1986,California League,garcia-bak,GARR0185,Garcia,Rene,,Bakersfield,,,,,
palmer,1986,California League,garcia-ven,GARS0184,Garcia,Santiago,,Ventura,,,,,
palmer,1986,California League,garner,GARM0184,Garner,Mike,,Bakersfield,,,,,
palmer,1986,California League,garrick,GARD0184,Garrick,Darren,,San Jose,,,,,
palmer,1986,California League,gatewood,GATH0184,Gatewood,Henry,,Visalia,,,,,
palmer,1986,California League,gegen,GEGF0186,Gegen,Fred,,Bakersfield,,,,,
palmer,1986,California League,geivett,GEIW0185,Geivett,Bill,,Palm Springs,,,,,
palmer,1986,California League,gilbert,GILG0184,Gilbert,Greg,,Fresno,,,,,
palmer,1986,California League,gilliam,GILD0185,Gilliam,Darryl,,Bakersfield,,,,,
palmer,1986,California League,ging,GINA0185,Ging,Adam,,Reno,,,,,
palmer,1986,California League,givler,GIVD0185,Givler,Doug,,Salinas,,,,,
palmer,1986,California League,gobbo,GOBM0184,Gobbo,Mike,,Stockton,,,,,
palmer,1986,California League,gonzalez,GONF0184,Gonzalez,Felipe,,Fresno,,,,,
palmer,1986,California League,grandstaff,GRAR0184,Grandstaff,Bob,,Reno,,,,,
palmer,1986,California League,grant,GRAK0184,Grant,Kenny,,Palm Springs,,,,,
palmer,1986,California League,gray-ren,GRAJ0185,Gray,Jeff,,Reno,,,,,
palmer,1986,California League,gray-sj,GRAL0484,Gray,Lorenzo,,San Jose,,,,,
palmer,1986,California League,greenlee,GRER0184,Greenlee,Bob,,Reno,,,,,
palmer,1986,California League,guerrero,GUEE0184,Guerrero,Sandy,,Ventura,,,,,
palmer,1986,California League,guerrero,GUEE0184,Guerrero,Sandy,,Stockton,,,,,
palmer,1986,California League,hall,HALR0185,Hall,Greg,,Reno,,,,,
palmer,1986,California League,hamm,HAMT0184,Hamm,Tim,,San Jose,,,,,
palmer,1986,California League,hansen,HAND0284,Hansen,Darel,,Modesto,,,,,
palmer,1986,California League,hardwick,HARC0185,Hardwick,Anthony,,Bakersfield,,,,,
palmer,1986,California League,harris,HARW0484,Harris,Twayne,,Modesto,,,,,
palmer,1986,California League,harrison,HARR0284,Harrison,Ron,,San Jose,,,,,
palmer,1986,California League,hartsock,HARB0284,Hartsock,Brian,,Palm Springs,,,,,
palmer,1986,California League,harvey,HARB0185,Harvey,Bryan,,Palm Springs,,,,,
palmer,1986,California League,henderson,HENC0184,Henderson,Craig,,Stockton,,,,,
palmer,1986,California League,hickerson,HICB0186,Hickerson,Bryan,,Visalia,,,,,
palmer,1986,California League,higgs,HIGD0284,Higgs,Darrell,,Salinas,,,,,
palmer,1986,California League,hinnrichs,HIND0184,Hinnrichs,Dave,,Fresno,,,,,
palmer,1986,California League,hogan,HOGM0184,Hogan,Mike,,Modesto,,,,,
palmer,1986,California League,hogan,HOGM0184,Hogan,Mike,,Ventura,,,,,
palmer,1986,California League,holcomb,HOLT0184,Holcomb,Ted,,Bakersfield,,,,,
palmer,1986,California League,hornacek,HORJ0184,Hornacek,Jay,,Bakersfield,,,,,
palmer,1986,California League,howard-mod,HOWS0184,Howard,Steve,,Modesto,,,,,
palmer,1986,California League,howard-ren,HOWT0186,Howard,Thomas,,Reno,,,,,
palmer,1986,California League,howe,HOWS0186,Howe,Steve,,San Jose,,,,,
palmer,1986,California League,howell,HOWJ0286,Howell,Jay,,Modesto,,,,,
palmer,1986,California League,hubbard,HUBJ0184,Hubbard,Jeff,,Visalia,,,,,
palmer,1986,California League,iasparro,IASD0184,Iasparro,Donnie,,Visalia,,,,,
palmer,1986,California League,jackson,JACR0285,Jackson,Ron,,Bakersfield,,,,,
palmer,1986,California League,jacobo,JACE0184,Jacobo,Ed,,Bakersfield,,,,,
palmer,1986,California League,jennings,JENJ0184,Jennings,Doug,,Palm Springs,,,,,
palmer,1986,California League,johnson,JOHK0186,Johnson,Kevin,,Modesto,,,,,
palmer,1986,California League,jones-sal,JONC0184,Jones,Calvin,,Salinas,,,,,
palmer,1986,California League,jones-fre,JONG0285,Jones,Gary,,Fresno,,,,,
palmer,1986,California League,jones-mod,JONJ0184,Jones,Jim,,Modesto,,,,,
palmer,1986,California League,jones-ven,JONM0185,Jones,Mike,,Ventura,,,,,
palmer,1986,California League,jose,JOSD0184,Jose,Felix,,Modesto,,,,,
palmer,1986,California League,jurak,JURE0185,Jurak,Ed,,San Jose,,,,,
palmer,1986,California League,kanter,KANJ0184,Kanter,John,,Modesto,,,,,
palmer,1986,California League,kanwisher,KANG0185,Kanwisher,Gary,,Stockton,,,,,
palmer,1986,California League,kent-mod,KENJ0186,Kent,Bo,,Modesto,,,,,
palmer,1986,California League,kent-sto,KENM0184,Kent,Bernie,,Stockton,,,,,
palmer,1986,California League,kinnard,KINK0184,Kinnard,Ken,,Ventura,,,,,
palmer,1986,California League,kmak,KMAJ0185,Kmak,Joe,,Fresno,,,,,
palmer,1986,California League,kopetsky,KOPB0184,Kopetsky,Brian,,Bakersfield,,,,,
palmer,1986,California League,kopyta,KOPJ0186,Kopyta,Jeff,,Modesto,,,,,
palmer,1986,California League,kosco,KOSA0186,Kosco,Dru,,Salinas,,,,,
minoraverages/emilbb,1986,California League,kotchman,M90923,Kotchman,Tom,,Palm Springs,,,,,
palmer,1986,California League,kramer,KRAJ0184,Kramer,Joe,,Modesto,,,,,
palmer,1986,California League,krause,KRAT0184,Krause,Tom,,Salinas,,,,,
palmer,1986,California League,kristan,KRIK0184,Kristan,Kevin,,Reno,,,,,
palmer,1986,California League,kroener,KROC0186,Kroener,Christopher,,Visalia,,,,,
palmer,1986,California League,kubala,KUBB0185,Kubala,Brian,,San Jose,,,,,
palmer,1986,California League,kutsukos,KUTP0184,Kutsukos,Pete,,Reno,,,,,
palmer,1986,California League,lambert,LAMR0285,Lambert,Reggie,,Palm Springs,,,,,
palmer,1986,California League,landrum,LAND0184,Landrum,Darryl,,Ventura,,,,,
minoraverages/emilbb,1986,California League,lejohn,M90967,LeJohn,Dan Sr.,,Bakersfield,,,,,
palmer,1986,California League,little,LITR0186,Little,Randy,,Salinas,,,,,
palmer,1986,California League,lovelace,LOVV0184,Lovelace,Vance,,Palm Springs,,,,,
palmer,1986,California League,lucas,LUCG0185,Lucas,Gary,,Palm Springs,,,,,
palmer,1986,California League,ludy,LUDJ0185,Ludy,John,,Stockton,,,,,
palmer,1986,California League,lynch,LYNJ0185,Lynch,Joe,,Reno,,,,,
minoraverages/emilbb,1986,California League,machemer,M90862,Machemer,Dave,,Stockton,,,,,
minoraverages/emilbb,1986,California League,mahlberg,M90870,Mahlberg,Greg,,Salinas,,,,,
palmer,1986,California League,malave,MALO0184,Malave,Omar,,Ventura,,,,,
palmer,1986,California League,marrett,MARS0285,Marrett,Scott,,Palm Springs,,,,,
palmer,1986,California League,marsh,MARS0185,Marsh,Scott,,Reno,,,,,
palmer,1986,California League,martig,MARR0385,Martig,Rich,,Modesto,,,,,
palmer,1986,California League,martinez-ps,MARD0184,Martinez,Dave,,Palm Springs,,,,,
palmer,1986,California League,martinez-ven,MARD0185,Martinez,Domingo,,Ventura,,,,,
palmer,1986,California League,martinez-sj,MARR0384,Martinez,Rey,,San Jose,,,,,
palmer,1986,California League,martinez-bak,MARR0485,Martinez,Ramon,,Bakersfield,,,,,
palmer,1986,California League,mathews,MATT0184,Mathews,Tom,,Fresno,,,,,
palmer,1986,California League,mattox,MATF0184,Mattox,Frank,,Stockton,,,,,
palmer,1986,California League,mccament,MCCL0185,McCAment,Randy,,Fresno,,,,,
palmer,1986,California League,mccatty,MCCS0186,McCAtty,Steve,,San Jose,,,,,
palmer,1986,California League,mccarter,MCCE0184,McCarter,Ed,,San Jose,,,,,
palmer,1986,California League,mcdonald,MCDT0184,McDonald,T.J.,,Fresno,,,,,
palmer,1986,California League,mcguire,MCGW0185,McGUire,Bill,,Salinas,,,,,
palmer,1986,California League,mcguire,MCGS0285,McGuire,Steve,,Palm Springs,,,,,
palmer,1986,California League,meagher,MEAT0285,Meagher,Tom,,Reno,,,,,
palmer,1986,California League,mena,MENA0284,Mena,Andres,,Bakersfield,,,,,
palmer,1986,California League,mendek,MENW0184,Mendek,Bill,,Salinas,,,,,
palmer,1986,California League,mendenhall,MENS0185,Mendenhall,Shannon,,Modesto,,,,,
palmer,1986,California League,mesa,MESJ0184,Mesa,Jose,,Ventura,,,,,
palmer,1986,California League,messier,MEST0184,Messier,Tom,,Fresno,,,,,
palmer,1986,California League,miglio,MIGJ0184,Miglio,John,,Stockton,,,,,
palmer,1986,California League,mijares,MIJW0186,Mijares,Willie,,Fresno,,,,,
palmer,1986,California League,miller,MILC0186,Miller,Chris,,Salinas,,,,,
palmer,1986,California League,milner,MILT0184,Milner,Ted,,San Jose,,,,,
palmer,1986,California League,mitchell,MITJ0184,Mitchell,Joe,,Stockton,,,,,
palmer,1986,California League,monico,MONM0185,Monico,Mario,,Stockton,,,,,
palmer,1986,California League,montanari,MOND0184,Montanari,Dave,,Palm Springs,,,,,
palmer,1986,California League,montano,MONM0184,Montano,Marty,,Stockton,,,,,
palmer,1986,California League,moore,MOOS0184,Moore,Sam,,Fresno,,,,,
palmer,1986,California League,morfin,MORA0184,Morfin,Arvid,,Salinas,,,,,
palmer,1986,California League,mumaw,MUMS0185,Mumaw,Steve,,Ventura,,,,,
palmer,1986,California League,murphy,MURD0186,Murphy,Dwayne,,Modesto,,,,,
palmer,1986,California League,murray,MURS0184,Murray,Steve,,Salinas,,,,,
palmer,1986,California League,musselman,MUSJ0185,Musselman,Jeff,,Ventura,,,,,
palmer,1986,California League,myers,MYEG0184,Myers,Greg,,Ventura,,,,,
palmer,1986,California League,nakashima,NAKY0186,Nakashima,Yoshi,,San Jose,,,,,
palmer,1986,California League,naworski,NAWA0185,Naworski,Drew,,Bakersfield,,,,,
palmer,1986,California League,nelson.j-bak,NELJ0184,Nelson,Jeff,,Bakersfield,,,,,
palmer,1986,California League,nelson.k-bak,NELK0185,Nelson,Kevin,,Bakersfield,,,,,
palmer,1986,California League,nelson-mod,NELR0285,Nelson,Jerome,,Modesto,,,,,
palmer,1986,California League,neufelder,NEUD0184,Neufelder,Don,,Salinas,,,,,
palmer,1986,California League,nicolosi,NICS0185,Nicolosi,Sal,,Visalia,,,,,
palmer,1986,California League,nieporte,NIEJ0185,Nieporte,Jay,,Reno,,,,,
palmer,1986,California League,nittoli,NITM0184,Nittoli,Mike,,San Jose,,,,,
palmer,1986,California League,norris,NORM0185,Norris,Mike,,San Jose,,,,,
palmer,1986,California League,norton,NORD0184,Norton,Doug,,Stockton,,,,,
palmer,1986,California League,nunez,NUND0184,Nunez,Dario,,Palm Springs,,,,,
palmer,1986,California League,oconnor,OCOW0185,O'Connor,Bill,,Visalia,,,,,
palmer,1986,California League,oakes,OAKT0184,Oakes,Todd,,Fresno,,,,,
palmer,1986,California League,okubo,OKUH0186,Okubo,Dave,,San Jose,,,,,
palmer,1986,California League,oliva,OLID0184,Oliva,Dave,,San Jose,,,,,
palmer,1986,California League,olker,OLKJ0184,Olker,Joe,,Fresno,,,,,
palmer,1986,California League,pappas,PAPE0184,Pappas,Erik,,Palm Springs,,,,,
palmer,1986,California League,paris,PARZ0184,Paris,Zac,,Ventura,,,,,
palmer,1986,California League,parsons,PARS0284,Parsons,Scott,,Reno,,,,,
palmer,1986,California League,peguero,PEGJ0185,Peguero,Jose,,Modesto,,,,,
palmer,1986,California League,pena,PEND0186,Pena,Dan,,Bakersfield,,,,,
palmer,1986,California League,perezchica,PERA0284,Perezchica,Tony,,Fresno,,,,,
palmer,1986,California League,perry,PERJ0584,Perry,Jeff,,Visalia,,,,,
palmer,1986,California League,peterek,PETJ0185,Peterek,Jeff,,Stockton,,,,,
palmer,1986,California League,pettis,PETS0184,Pettis,Stacey,,Palm Springs,,,,,
palmer,1986,California League,pierorazio,PIEW0184,Pierorazio,Wes,,Visalia,,,,,
palmer,1986,California League,pilkington,PILE0185,Pilkington,Eric,,Fresno,,,,,
palmer,1986,California League,pohle,POHW0184,Pohle,Walt,,Stockton,,,,,
palmer,1986,California League,poloni,POLJ0185,Poloni,John,,Salinas,,,,,
palmer,1986,California League,pounders,POUB0184,Pounders,Brad,,Reno,,,,,
palmer,1986,California League,price,PRIB0184,Price,Bryan,,Palm Springs,,,,,
palmer,1986,California League,provence,PROT0184,Provence,Todd,,Ventura,,,,,
palmer,1986,California League,puig,PUIE0185,Puig,Benny,,Reno,,,,,
palmer,1986,California League,quinones,QUIH0184,Quinones,Hector,,Fresno,,,,,
palmer,1986,California League,rainey,RAIS0184,Rainey,Scott,,Reno,,,,,
palmer,1986,California League,ratliff,RATD0284,Ratliff,Dan,,Stockton,,,,,
palmer,1986,California League,ray,RAYW0185,Ray,Jay,,Bakersfield,,,,,
palmer,1986,California League,reboulet,REBJ0186,Reboulet,Jeff,,Visalia,,,,,
palmer,1986,California League,reece,REEJ0484,Reece,Jeff,,Stockton,,,,,
palmer,1986,California League,reitz,REIK0285,Reitz,Ken,,San Jose,,,,,
palmer,1986,California League,reyes,REYP0184,Reyes,Pablo,,Ventura,,,,,
palmer,1986,California League,reyna,REYL0184,Reyna,Luis,,Ventura,,,,,
minoraverages/emilbb,1986,California League,reynolds-mod,M90897,Reynolds,Tommie,,Modesto,,,,,
palmer,1986,California League,reynolds-sto,REYM0184,Reynolds,Mark,,Stockton,,,,,
palmer,1986,California League,rivera,RIVP0184,Rivera,Pablo,,Reno,,,,,
palmer,1986,California League,rodgers,RODD0185,Rodgers,Darrell,,Fresno,,,,,
palmer,1986,California League,rodriguez,RODA0384,Rodriguez,Angel,,Stockton,,,,,
palmer,1986,California League,rohlof,ROHS0185,Rohlof,Scott,,Visalia,,,,,
palmer,1986,California League,romanovsky,ROMM0184,Romanovsky,Mike,,Palm Springs,,,,,
palmer,1986,California League,rousey,ROUS0184,Rousey,Steve,,Salinas,,,,,
palmer,1986,California League,rowen,ROWR0184,Rowen,Rob,,Bakersfield,,,,,
palmer,1986,California League,ruhle,RUHV0186,Ruhle,Vern,,San Jose,,,,,
palmer,1986,California League,rypien,RYPT0184,Rypien,Tim,,Ventura,,,,,
palmer,1986,California League,sadler,SADA0184,Sadler,Alan,,Stockton,,,,,
palmer,1986,California League,santana,SANJ0186,Santana,Jose,,Modesto,,,,,
palmer,1986,California League,savage,SAVJ0185,Savage,Jack,,Bakersfield,,,,,
palmer,1986,California League,savarino,SAVW0186,Savarino,Bill,,Modesto,,,,,
palmer,1986,California League,scales,SCAR0284,Scales,Rick,,Reno,,,,,
palmer,1986,California League,schiffelbein,SCHG0186,Schiffelbein,Greg,,Modesto,,,,,
minoraverages/emilbb,1986,California League,schmitz,M90946,Schmitz,Dan,,Visalia,,,,,
palmer,1986,California League,schwarz,SCHT0284,Schwarz,Tom,,Visalia,,,,,
palmer,1986,California League,sconiers,SCOD0185,Sconiers,Daryl,,San Jose,,,,,
palmer,1986,California League,senne,SENT0185,Senne,Timothy,,Visalia,,,,,
palmer,1986,California League,seoane,SEOM0184,Seoane,Mitch,,Palm Springs,,,,,
palmer,1986,California League,shanks,SHAW0184,Shanks,Willie,,Ventura,,,,,
palmer,1986,California League,sharpnack,SHAR0285,Sharpnack,Bob,,Modesto,,,,,
palmer,1986,California League,shull,SHUM0186,Shull,Mike,,Palm Springs,,,,,
palmer,1986,California League,siegel,SIER0184,Siegel,Bob,,Salinas,,,,,
minoraverages/emilbb,1986,California League,skaalen,M90881,Skaalen,James,,Reno,,,,,
palmer,1986,California League,skurla,SKUJ0185,Skurla,John,,Fresno,,,,,
palmer,1986,California League,smith.b-bak,SMIB0185,Smith,Bryan,,Bakersfield,,,,,
palmer,1986,California League,smith.d-bak,SMIJ0285,Smith,Dan,,Bakersfield,,,,,
palmer,1986,California League,smith-fre,SMIS0284,Smith,Steve,,Fresno,,,,,
palmer,1986,California League,snell,SNED0184,Snell,Dave,,Salinas,,,,,
palmer,1986,California League,sorrento,SORP0186,Sorrento,Paul,,Palm Springs,,,,,
palmer,1986,California League,spratke,SPRK0184,Spratke,Ken,,Salinas,,,,,
minoraverages/emilbb,1986,California League,stavrenos,M90909,Stavrenos,Harry,,San Jose,,,,,
palmer,1986,California League,stewart-sal,STED0285,Stewart,Dave,,Salinas,,,,,
palmer,1986,California League,stewart-ren,STEJ0884,Stewart,Jeff,,Reno,,,,,
palmer,1986,California League,stottlemyre,STOT0186,Stottlemyre,Todd,,Ventura,,,,,
palmer,1986,California League,strichek,STRJ0284,Strichek,Jim,,Modesto,,,,,
palmer,1986,California League,strong,STRJ0184,Strong,Joe,,Modesto,,,,,
palmer,1986,California League,stull,STUW0185,Stull,Walt,,Bakersfield,,,,,
palmer,1986,California League,swearingen,SWED0184,Swearingen,Doug,,Salinas,,,,,
palmer,1986,California League,tabeling,TABR0185,Tabeling,Bob,,Visalia,,,,,
palmer,1986,California League,tamori,TAMR0186,Tamori,Roy,,San Jose,,,,,
palmer,1986,California League,tanabe,TANN0186,Tanabe,Nori,,San Jose,,,,,
palmer,1986,California League,tapani,TAPK0186,Tapani,Kevin,,Modesto,,,,,
palmer,1986,California League,tejeda,TEJG0186,Tejeda,Gregorio,,Bakersfield,,,,,
palmer,1986,California League,tettleton,TETM0284,Tettleton,Mickey,,Modesto,,,,,
palmer,1986,California League,thomas,THOT0284,Thomas,Tom,,Visalia,,,,,
palmer,1986,California League,thompson,THOS0284,Thompson,Scott,,Fresno,,,,,
palmer,1986,California League,thornton,THOJ0484,Thornton,John,,Stockton,,,,,
palmer,1986,California League,thrower,THRA0184,Thrower,Keith,,San Jose,,,,,
palmer,1986,California League,timberlake,TIMD0184,Timberlake,Don,,Palm Springs,,,,,
palmer,1986,California League,tinkey,TIND0284,Tinkey,Jim,,San Jose,,,,,
palmer,1986,California League,tortorice,TORM0185,Tortorice,Mark,,Modesto,,,,,
palmer,1986,California League,vanstone,VANP0185,Van Stone,Paul,,Fresno,,,,,
palmer,1986,California League,vanburkleo,VANT0284,Vanburkleo,Ty,,Palm Springs,,,,,
palmer,1986,California League,velasquez,VELR0184,Velasquez,Ray,,Visalia,,,,,
palmer,1986,California League,venerri,VENA0186,Venerri,Tony,,San Jose,,,,,
palmer,1986,California League,ventura,VENJ0185,Ventura,Jose,,Stockton,,,,,
palmer,1986,California League,venturino,VENP0185,Venturino,Phil,,Palm Springs,,,,,
minoraverages/emilbb,1986,California League,verdi,M90914,Verdi,Mike,,San Jose,,,,,
palmer,1986,California League,verducci,VERJ0185,Verducci,John,,Fresno,,,,,
palmer,1986,California League,villa,VILM0284,Villa,Mike,,Fresno,,,,,
palmer,1986,California League,visor,VISM0184,Visor,Mike,,Reno,,,,,
palmer,1986,California League,walker,WALW0184,Walker,Cam,,Stockton,,,,,
palmer,1986,California League,walsh,WALD0284,Walsh,Dave,,Ventura,,,,,
palmer,1986,California League,walters,WALD0184,Walters,Darryel,,Stockton,,,,,
palmer,1986,California League,walton,WALB0185,Walton,Bruce,,Modesto,,,,,
palmer,1986,California League,wasem,WASJ0184,Wasem,Jim,,Reno,,,,,
palmer,1986,California League,wasilewski,WAST0184,Wasilewski,Tom,,Ventura,,,,,
palmer,1986,California League,wells,WELD0184,Wells,David,,Ventura,,,,,
palmer,1986,California League,wetteland,WETJ0185,Wetteland,John,,Bakersfield,,,,,
palmer,1986,California League,white-sj,WHIJ0186,White,Jerry,,San Jose,,,,,
palmer,1986,California League,white-sal,WHIL0184,White,Logan,,Salinas,,,,,
palmer,1986,California League,white-bak,WHIM0385,White,Mike,,Bakersfield,,,,,
palmer,1986,California League,whitfield,WHIT0186,Whitfield,Terry,,San Jose,,,,,
palmer,1986,California League,wiggins,WIGK0184,Wiggins,Kevin,,Visalia,,,,,
palmer,1986,California League,williams,WILF0184,Williams,Fred,,Stockton,,,,,
palmer,1986,California League,wilson,WILR0584,Wilson,Ric,,Salinas,,,,,
palmer,1986,California League,wortham,WORA0186,Wortham,Andy,,Ventura,,,,,
palmer,1986,California League,xavier,XAVJ0185,Xavier,Joe,,Modesto,,,,,
palmer,1986,California League,yamano,YAMK0186,Yamano,Mickey,,San Jose,,,,,
palmer,1986,California League,yanes,YANE0184,Yanes,Eddy,,Visalia,,,,,
palmer,1986,California League,yelding,YELE0184,Yelding,Eric,,Ventura,,,,,
palmer,1986,California League,yokota,YOKH0186,Yokota,George,,San Jose,,,,,
palmer,1986,California League,young,YOUR0184,Young,Ray,,Bakersfield,,,,,
