source,league.year,league.name,ident,person.ref,person.name.last,person.name.given,S_STINT,entry.name,S_FIRST,S_LAST,B_G,P_G,pos
palmer,1988,Pacific Coast League,abner,ABNS0184,Abner,Shawn,,Las Vegas,,,,,
palmer,1988,Pacific Coast League,adams,ADAP0184,Adams,Pat,,Albuquerque,,,,,
palmer,1988,Pacific Coast League,akerfelds,AKED0184,Akerfelds,Darrel,,Colorado Springs,,,,,
palmer,1988,Pacific Coast League,alcazar,ALCJ0184,Alcazar,Jorge,,Vancouver,,,,,
palmer,1988,Pacific Coast League,alfaro,ALFJ0284,Alfaro,Jesus,,Edmonton,,,,,
palmer,1988,Pacific Coast League,alicea,ALIM0184,Alicea,Miguel,,Edmonton,,,,,
palmer,1988,Pacific Coast League,allaire,ALLK0184,Allaire,Karl,,Tucson,,,,,
palmer,1988,Pacific Coast League,allen,ALLR0184,Allen,Rod,,Colorado Springs,,,,,
palmer,1988,Pacific Coast League,,ALOR0185,Alomar,Roberto,,Las Vegas,,,,,
palmer,1988,Pacific Coast League,,ALOS0184,Alomar,Sandy,,Las Vegas,,,,,
palmer,1988,Pacific Coast League,amelung,AMEE0184,Amelung,Ed,,Albuquerque,,,,,
palmer,1988,Pacific Coast League,,ANDA0184,Anderson,Allan,,Portland,,,,,
palmer,1988,Pacific Coast League,,ANDK0284,Anderson,Kent,,Edmonton,,,,,
palmer,1988,Pacific Coast League,arndt,ARNL0185,Arndt,Larry,,Tacoma,,,,,
palmer,1988,Pacific Coast League,arnold,ARNT0184,Arnold,Tony,,Albuquerque,,,,,
palmer,1988,Pacific Coast League,asadoor,ASAR0184,Asadoor,Randy,,Albuquerque,,,,,
palmer,1988,Pacific Coast League,ashby,ASHA0188,Ashby,Alan,,Tucson,,,,,
palmer,1988,Pacific Coast League,bailey,BAIJ0184,Bailey,Mark,,Tucson,,,,,
palmer,1988,Pacific Coast League,baker,BAKD0184,Baker,Doug,,Portland,,,,,
palmer,1988,Pacific Coast League,baller,BALJ0484,Baller,Jay,,Calgary,,,,,
palmer,1988,Pacific Coast League,bankhead,BANM0285,Bankhead,Scott,,Calgary,,,,,
palmer,1988,Pacific Coast League,basso,BASM0186,Basso,Mike,,Las Vegas,,,,,
palmer,1988,Pacific Coast League,,BELJ0184,Bell,Jay,,Colorado Springs,,,,,
palmer,1988,Pacific Coast League,,BELJ0285,Bell,Juan,,Albuquerque,,,,,
palmer,1988,Pacific Coast League,benjamin,BENM0187,Benjamin,Mike,,Phoenix,,,,,
palmer,1988,Pacific Coast League,bennett,BENK0185,Bennett,Keith,,Colorado Springs,,,,,
palmer,1988,Pacific Coast League,best,BESK0184,Best,Karl,,Portland,,,,,
palmer,1988,Pacific Coast League,best,BESK0184,Best,Karl,,Phoenix,,,,,
minoraverages/emilbb,1988,Pacific Coast League,bevington,M90484,Bevington,Terry,,Vancouver,,,,,
palmer,1988,Pacific Coast League,bichette,BICA0184,Bichette,Dante,,Edmonton,,,,,
palmer,1988,Pacific Coast League,bierley,BIEB0185,Bierley,Brad,,Portland,,,,,
palmer,1988,Pacific Coast League,biggio,BIGC0187,Biggio,Craig,,Tucson,,,,,
palmer,1988,Pacific Coast League,bitker,BITJ0184,Bitker,Joe,,Las Vegas,,,,,
palmer,1988,Pacific Coast League,bittiger,BITJ0284,Bittiger,Jeff,,Vancouver,,,,,
palmer,1988,Pacific Coast League,blankenship,BLAL0186,Blankenship,Lance,,Tacoma,,,,,
palmer,1988,Pacific Coast League,blasucci,BLAA0184,Blasucci,Tony,,Vancouver,,,,,
palmer,1988,Pacific Coast League,bochy,BOCB0184,Bochy,Bruce,,Las Vegas,,,,,
palmer,1988,Pacific Coast League,bockus,BOCR0184,Bockus,Randy,,Phoenix,,,,,
palmer,1988,Pacific Coast League,bordi,BORR0287,Bordi,Rich,,Tacoma,,,,,
palmer,1988,Pacific Coast League,bosley,BOST0184,Bosley,Thad,,Edmonton,,,,,
palmer,1988,Pacific Coast League,brady,BRAB0184,Brady,Brian,,Edmonton,,,,,
palmer,1988,Pacific Coast League,brantley,BRAJ0185,Brantley,Jeff,,Phoenix,,,,,
palmer,1988,Pacific Coast League,brassil,BRAT0284,Brassil,Tom,,Las Vegas,,,,,
palmer,1988,Pacific Coast League,brennan,BREW0185,Brennan,William,,Albuquerque,,,,,
palmer,1988,Pacific Coast League,briley,BRIG0186,Briley,Greg,,Calgary,,,,,
palmer,1988,Pacific Coast League,brilinski,BRIT0185,Brilinski,Tyler,,Tacoma,,,,,
palmer,1988,Pacific Coast League,,BROJ0186,Brown,Jeff,,Albuquerque,,,,,
palmer,1988,Pacific Coast League,,BROM0284,Brown,Mike,,Colorado Springs,,,,,
palmer,1988,Pacific Coast League,,BROM0384,Brown,Mike,,Edmonton,,,,,
palmer,1988,Pacific Coast League,brumley,BRUA0284,Brumley,Mike,,Las Vegas,,,,,
palmer,1988,Pacific Coast League,bryden,BRYT0184,Bryden,T.R.,,Portland,,,,,
palmer,1988,Pacific Coast League,buice,BUID0186,Buice,De Wayne,,Edmonton,,,,,
palmer,1988,Pacific Coast League,bullock,BULE0184,Bullock,Eric,,Portland,,,,,
palmer,1988,Pacific Coast League,bumgarner,BUMJ0185,Bumgarner,Jeff,,Portland,,,,,
palmer,1988,Pacific Coast League,burkett,BURJ0284,Burkett,John,,Phoenix,,,,,
palmer,1988,Pacific Coast League,burns,BURT0184,Burns,Todd,,Tacoma,,,,,
palmer,1988,Pacific Coast League,burroughs,BURD0384,Burroughs,Darren,,Calgary,,,,,
palmer,1988,Pacific Coast League,burtt,BURD0284,Burtt,Dennis,,Albuquerque,,,,,
palmer,1988,Pacific Coast League,byers,BYER0184,Byers,Randy,,Las Vegas,,,,,
palmer,1988,Pacific Coast League,bystrom,BYSM0184,Bystrom,Marty,,Phoenix,,,,,
palmer,1988,Pacific Coast League,camacho,CAME0187,Camacho,Ernie,,Tucson,,,,,
palmer,1988,Pacific Coast League,caminiti,CAMK0185,Caminiti,Ken,,Tucson,,,,,
palmer,1988,Pacific Coast League,campbell,CAMM0185,Campbell,Mike,,Calgary,,,,,
palmer,1988,Pacific Coast League,candaele,CANC0184,Candaele,Casey,,Tucson,,,,,
palmer,1988,Pacific Coast League,cano,CANJ0384,Cano,Jose,,Tucson,,,,,
palmer,1988,Pacific Coast League,carpenter,CARG0284,Carpenter,Glenn,,Tucson,,,,,
palmer,1988,Pacific Coast League,casian,CASL0187,Casian,Larry,,Portland,,,,,
palmer,1988,Pacific Coast League,chadwick,CHAR0384,Chadwick,Ray,,Vancouver,,,,,
palmer,1988,Pacific Coast League,childress,CHIR0184,Childress,Rocky,,Tucson,,,,,
palmer,1988,Pacific Coast League,christ,CHRM0184,Christ,Mike,,Calgary,,,,,
palmer,1988,Pacific Coast League,christensen,CHRJ0284,Christensen,John,,Calgary,,,,,
palmer,1988,Pacific Coast League,christensen,CHRJ0284,Christensen,John,,Portland,,,,,
palmer,1988,Pacific Coast League,christiansen,CHRC0184,Christiansen,Clay,,Tucson,,,,,
palmer,1988,Pacific Coast League,,CLAB0184,Clark,Bryan,,Tacoma,,,,,
palmer,1988,Pacific Coast League,,CLAD0584,Clark,Dave,,Colorado Springs,,,,,
palmer,1988,Pacific Coast League,,CLAJ0185,Clark,Jerald,,Las Vegas,,,,,
palmer,1988,Pacific Coast League,,CLAT0284,Clark,Terry,,Edmonton,,,,,
palmer,1988,Pacific Coast League,coachman,COAB0184,Coachman,Pete,,Edmonton,,,,,
palmer,1988,Pacific Coast League,cochrane,COCD0184,Cochrane,Dave,,Calgary,,,,,
palmer,1988,Pacific Coast League,cockrell,COCA0184,Cockrell,Alan,,Phoenix,,,,,
palmer,1988,Pacific Coast League,cockrell,COCA0184,Cockrell,Alan,,Portland,,,,,
palmer,1988,Pacific Coast League,codiroli,CODC0184,Codiroli,Chris,,Colorado Springs,,,,,
minoraverages/emilbb,1988,Pacific Coast League,collins,M90554,Collins,Terry,,Albuquerque,,,,,
palmer,1988,Pacific Coast League,comstock,COMK0184,Comstock,Keith,,Las Vegas,,,,,
palmer,1988,Pacific Coast League,,COOD0185,Cook,Dennis,,Phoenix,,,,,
palmer,1988,Pacific Coast League,,COOM0185,Cook,Mike,,Edmonton,,,,,
palmer,1988,Pacific Coast League,cora,CORJ0185,Cora,Joey,,Las Vegas,,,,,
palmer,1988,Pacific Coast League,corbell,CORC0284,Corbell,Charlie,,Tacoma,,,,,
palmer,1988,Pacific Coast League,corsi,CORJ0285,Corsi,Jim,,Tacoma,,,,,
palmer,1988,Pacific Coast League,costello,COSM0184,Costello,Mike,,Las Vegas,,,,,
palmer,1988,Pacific Coast League,crawford,CRAS0184,Crawford,Steve,,Albuquerque,,,,,
palmer,1988,Pacific Coast League,crew,CREK0185,Crew,Ken,,Tucson,,,,,
palmer,1988,Pacific Coast League,crews,CRES0184,Crews,Tim,,Albuquerque,,,,,
palmer,1988,Pacific Coast League,dabney,DABT0185,Dabney,Ty,,Phoenix,,,,,
palmer,1988,Pacific Coast League,dacus,DACB0184,Dacus,Barry,,Edmonton,,,,,
palmer,1988,Pacific Coast League,datz,DATJ0184,Datz,Jeff,,Tucson,,,,,
palmer,1988,Pacific Coast League,davidson,DAVJ0284,Davidson,Mark,,Portland,,,,,
palmer,1988,Pacific Coast League,davins,DAVJ0184,Davins,Jim,,Portland,,,,,
palmer,1988,Pacific Coast League,,DAVD0184,Davis,Doug,,Edmonton,,,,,
palmer,1988,Pacific Coast League,,DAVJ0384,Davis,John,,Vancouver,,,,,
palmer,1988,Pacific Coast League,,DAVJ0484,Davis,Joel,,Vancouver,,,,,
palmer,1988,Pacific Coast League,,DAVM0286,Davis,Mark,,Vancouver,,,,,
palmer,1988,Pacific Coast League,,DAVR0187,Davis,Ron,,Phoenix,,,,,
palmer,1988,Pacific Coast League,deleon,DELL0484,DeLeon,Luis,,Tucson,,,,,
palmer,1988,Pacific Coast League,debus,DEBJ0184,Debus,Jon,,Albuquerque,,,,,
palmer,1988,Pacific Coast League,dedmon,DEDJ0184,Dedmon,Jeff,,Colorado Springs,,,,,
palmer,1988,Pacific Coast League,devereaux,DEVM0185,Devereaux,Mike,,Albuquerque,,,,,
palmer,1988,Pacific Coast League,dimichele,DIMF0185,DiMichele,Frank,,Edmonton,,,,,
palmer,1988,Pacific Coast League,diaz,DIAM0284,Diaz,Mario,,Calgary,,,,,
minoraverages/emilbb,1988,Pacific Coast League,didier,M90579,Didier,Bob,,Tucson,,,,,
palmer,1988,Pacific Coast League,doran,DORM0284,Doran,Mark,,Edmonton,,,,,
palmer,1988,Pacific Coast League,dorsett,DORB0184,Dorsett,Brian,,Edmonton,,,,,
palmer,1988,Pacific Coast League,dravecky,DRAD0188,Dravecky,Dave,,Phoenix,,,,,
palmer,1988,Pacific Coast League,drew,DREC0185,Drew,Cameron,,Tucson,,,,,
palmer,1988,Pacific Coast League,dugas,DUGS0184,Dugas,Shanie,,Albuquerque,,,,,
palmer,1988,Pacific Coast League,duncan,DUNM0184,Duncan,Mariano,,Albuquerque,,,,,
palmer,1988,Pacific Coast League,dye,DYES0188,Dye,Steve,,Tacoma,,,,,
palmer,1988,Pacific Coast League,edwards,EDWW0185,Edwards,Wayne,,Vancouver,,,,,
palmer,1988,Pacific Coast League,engel,ENGS0184,Engel,Steve,,Albuquerque,,,,,
palmer,1988,Pacific Coast League,eppard,EPPJ0184,Eppard,Jim,,Edmonton,,,,,
palmer,1988,Pacific Coast League,escobar,ESCA0184,Escobar,Angel,,Phoenix,,,,,
palmer,1988,Pacific Coast League,ferreira,FERA0184,Ferreira,Tony,,Phoenix,,,,,
palmer,1988,Pacific Coast League,ferretti,FERS0187,Ferretti,Sam,,Colorado Springs,,,,,
palmer,1988,Pacific Coast League,fetters,FETM0186,Fetters,Mike,,Edmonton,,,,,
palmer,1988,Pacific Coast League,ficklin,FICW0184,Ficklin,Winston,,Portland,,,,,
palmer,1988,Pacific Coast League,fields,FIEB0184,Fields,Bruce,,Calgary,,,,,
palmer,1988,Pacific Coast League,firova,FIRD0185,Firova,Dan,,Colorado Springs,,,,,
minoraverages/emilbb,1988,Pacific Coast League,fischer,M90540,Fischer,Brad,,Tacoma,,,,,
palmer,1988,Pacific Coast League,fishel,FISJ0185,Fishel,John,,Tucson,,,,,
palmer,1988,Pacific Coast League,fowlkes,FOWA0184,Fowlkes,Alan,,Colorado Springs,,,,,
palmer,1988,Pacific Coast League,francona,FRAT0186,Francona,Terry,,Colorado Springs,,,,,
palmer,1988,Pacific Coast League,funk,FUNT0184,Funk,Tom,,Tucson,,,,,
palmer,1988,Pacific Coast League,gainey,GAIT0184,Gainey,Ty,,Tucson,,,,,
palmer,1988,Pacific Coast League,gallagher,GALD0184,Gallagher,Dave,,Vancouver,,,,,
palmer,1988,Pacific Coast League,galvez,GALB0184,Galvez,Balvino,,Portland,,,,,
palmer,1988,Pacific Coast League,,GARA0288,Garcia,Apolinar,,Tacoma,,,,,
palmer,1988,Pacific Coast League,,GARD0187,Garcia,Damaso,,Albuquerque,,,,,
palmer,1988,Pacific Coast League,,GARS0184,Garcia,Santiago,,Vancouver,,,,,
palmer,1988,Pacific Coast League,,GARS0284,Garcia,Steve,,Albuquerque,,,,,
palmer,1988,Pacific Coast League,garner,GARP0188,Garner,Phil,,Phoenix,,,,,
palmer,1988,Pacific Coast League,ghelfi,GHEA0184,Ghelfi,Tony,,Colorado Springs,,,,,
palmer,1988,Pacific Coast League,,GIBJ0284,Gibbons,John,,Calgary,,,,,
palmer,1988,Pacific Coast League,,GIBJ0384,Gibbons,John,,Albuquerque,,,,,
palmer,1988,Pacific Coast League,giles,GILB0184,Giles,Brian,,Calgary,,,,,
palmer,1988,Pacific Coast League,gilmore,GILT0187,Gilmore,Terry,,Las Vegas,,,,,
palmer,1988,Pacific Coast League,gonzalez,GONJ0384,Gonzalez,Jose,,Albuquerque,,,,,
palmer,1988,Pacific Coast League,gordon,GORD0184,Gordon,Don,,Colorado Springs,,,,,
palmer,1988,Pacific Coast League,gorman,GORT0284,Gorman,Tom,,Tacoma,,,,,
palmer,1988,Pacific Coast League,graham,GRAE0184,Graham,Everett,,Phoenix,,,,,
palmer,1988,Pacific Coast League,green,GREG0185,Green,Gary,,Las Vegas,,,,,
palmer,1988,Pacific Coast League,guerrero,GUEP0188,Guerrero,Pedro,,Albuquerque,,,,,
palmer,1988,Pacific Coast League,gwynn,GWYC0185,Gwynn,Chris,,Albuquerque,,,,,
palmer,1988,Pacific Coast League,hagen,HAGK0184,Hagen,Kevin,,Tucson,,,,,
palmer,1988,Pacific Coast League,hall,HALG0186,Hall,Grady,,Vancouver,,,,,
palmer,1988,Pacific Coast League,hansen,HANR0284,Hansen,Roger,,Calgary,,,,,
palmer,1988,Pacific Coast League,hanson,HANE0186,Hanson,Erik,,Calgary,,,,,
palmer,1988,Pacific Coast League,hardy,HARJ0484,Hardy,Jack,,Vancouver,,,,,
palmer,1988,Pacific Coast League,harper,HARB0286,Harper,Brian,,Portland,,,,,
palmer,1988,Pacific Coast League,harris,HARG0185,Harris,Greg,,Las Vegas,,,,,
palmer,1988,Pacific Coast League,hartley,HARM0384,Hartley,Mike,,Albuquerque,,,,,
palmer,1988,Pacific Coast League,harvey,HARB0185,Harvey,Bryan,,Edmonton,,,,,
palmer,1988,Pacific Coast League,havens,HAVB0184,Havens,Brad,,Colorado Springs,,,,,
palmer,1988,Pacific Coast League,hayes,HAYC0284,Hayes,Charlie,,Phoenix,,,,,
palmer,1988,Pacific Coast League,heathcock,HEAR0184,Heathcock,Jeff,,Tucson,,,,,
palmer,1988,Pacific Coast League,henderson,HENS0286,Henderson,Steve,,Tucson,,,,,
palmer,1988,Pacific Coast League,hengel,HEND0284,Hengel,Dave,,Calgary,,,,,
palmer,1988,Pacific Coast League,hensley,HENC0284,Hensley,Chuck,,Albuquerque,,,,,
palmer,1988,Pacific Coast League,heredia,HERH0185,Heredia,Hector,,Albuquerque,,,,,
palmer,1988,Pacific Coast League,,HERC0185,Hernandez,Carlos,,Albuquerque,,,,,
palmer,1988,Pacific Coast League,,HERM0184,Hernandez,Manny,,Tucson,,,,,
palmer,1988,Pacific Coast League,hibbard,HIBJ0186,Hibbard,Greg,,Vancouver,,,,,
palmer,1988,Pacific Coast League,higgins,HIGM0184,Higgins,Mark,,Colorado Springs,,,,,
palmer,1988,Pacific Coast League,hill,HILD0184,Hill,Donnie,,Vancouver,,,,,
palmer,1988,Pacific Coast League,hillegas,HILS0384,Hillegas,Shawn,,Albuquerque,,,,,
palmer,1988,Pacific Coast League,hilton,HILS0185,Hilton,Stan,,Colorado Springs,,,,,
palmer,1988,Pacific Coast League,hinshaw,HING0184,Hinshaw,George,,Albuquerque,,,,,
palmer,1988,Pacific Coast League,hinzo,HINT0186,Hinzo,Tommy,,Colorado Springs,,,,,
palmer,1988,Pacific Coast League,hogan,HOGM0184,Hogan,Mike,,Phoenix,,,,,
palmer,1988,Pacific Coast League,,HOLD0184,Holmes,Darren,,Albuquerque,,,,,
palmer,1988,Pacific Coast League,,HOLS0284,Holmes,Stan,,Edmonton,,,,,
palmer,1988,Pacific Coast League,howard,HOWT0186,Howard,Thomas,,Las Vegas,,,,,
palmer,1988,Pacific Coast League,howell,HOWK0184,Howell,Ken,,Albuquerque,,,,,
palmer,1988,Pacific Coast League,howitt,HOWD0186,Howitt,Dann,,Tacoma,,,,,
palmer,1988,Pacific Coast League,huff,HUFM0185,Huff,Mike,,Albuquerque,,,,,
palmer,1988,Pacific Coast League,hull,HULJ0184,Hull,Jeffrey,,Calgary,,,,,
palmer,1988,Pacific Coast League,,JACC0184,Jackson,Chuck,,Tucson,,,,,
palmer,1988,Pacific Coast League,,JACR0384,Jackson,Ron,,Vancouver,,,,,
palmer,1988,Pacific Coast League,jefferson,JEFS0184,Jefferson,Stan,,Las Vegas,,,,,
palmer,1988,Pacific Coast League,jennings,JENJ0184,Jennings,Doug,,Tacoma,,,,,
palmer,1988,Pacific Coast League,jimenez,JIMA0185,Jimenez,Houston,,Colorado Springs,,,,,
palmer,1988,Pacific Coast League,,JOHJ0584,Johnson,Joe,,Edmonton,,,,,
palmer,1988,Pacific Coast League,,JOHK0184,Johnson,Lance,,Vancouver,,,,,
palmer,1988,Pacific Coast League,,JOHR0784,Johnson,Roy,,Tacoma,,,,,
palmer,1988,Pacific Coast League,,JONG0184,Jones,Gary,,Tacoma,,,,,
palmer,1988,Pacific Coast League,,JONG0285,Jones,Gary,,Phoenix,,,,,
palmer,1988,Pacific Coast League,,JONJ0184,Jones,Jim,,Tacoma,,,,,
palmer,1988,Pacific Coast League,,JONR0184,Jones,Ross,,Tacoma,,,,,
palmer,1988,Pacific Coast League,,JONR0284,Jones,Ricky,,Portland,,,,,
palmer,1988,Pacific Coast League,jose,JOSD0184,Jose,Felix,,Tacoma,,,,,
palmer,1988,Pacific Coast League,jurak,JURE0185,Jurak,Ed,,Tacoma,,,,,
palmer,1988,Pacific Coast League,kaiser,KAIJ0184,Kaiser,Jeff,,Colorado Springs,,,,,
palmer,1988,Pacific Coast League,karkovice,KARR0184,Karkovice,Ron,,Vancouver,,,,,
palmer,1988,Pacific Coast League,keedy,KEEC0184,Keedy,Pat,,Tucson,,,,,
palmer,1988,Pacific Coast League,kelley,KELA0184,Kelley,Anthony,,Tucson,,,,,
palmer,1988,Pacific Coast League,kepshire,KEPK0184,Kepshire,Kurt,,Portland,,,,,
palmer,1988,Pacific Coast League,killingsworth,KILK0184,Killingsworth,Kirk,,Tacoma,,,,,
minoraverages/emilbb,1988,Pacific Coast League,kim,M90587,Kim,Wendell,,Phoenix,,,,,
palmer,1988,Pacific Coast League,king,KINK0284,King,Kevin,,Edmonton,,,,,
palmer,1988,Pacific Coast League,kingery,KINM0284,Kingery,Mike,,Calgary,,,,,
palmer,1988,Pacific Coast League,klink,KLIJ0184,Klink,Joe,,Tacoma,,,,,
minoraverages/emilbb,1988,Pacific Coast League,kotchman,M90533,Kotchman,John,,Edmonton,,,,,
palmer,1988,Pacific Coast League,krawczyk,KRAR0384,Krawczyk,Ray,,Edmonton,,,,,
palmer,1988,Pacific Coast League,krenchicki,KREW0184,Krenchicki,Wayne,,Tacoma,,,,,
palmer,1988,Pacific Coast League,krueger,KRUW0184,Krueger,Bill,,Albuquerque,,,,,
palmer,1988,Pacific Coast League,krukow,KRUM0288,Krukow,Mike,,Phoenix,,,,,
palmer,1988,Pacific Coast League,kyles,KYLS0184,Kyles,Stan,,Albuquerque,,,,,
palmer,1988,Pacific Coast League,lambert,LAMS0185,Lambert,Reese,,Tacoma,,,,,
palmer,1988,Pacific Coast League,lampkin,LAMT0186,Lampkin,Tom,,Colorado Springs,,,,,
palmer,1988,Pacific Coast League,laskey,LASW0186,Laskey,Bill,,Colorado Springs,,,,,
palmer,1988,Pacific Coast League,law,LAWJ0184,Law,Joe,,Tacoma,,,,,
palmer,1988,Pacific Coast League,lazorko,LAZJ0184,Lazorko,Jack,,Edmonton,,,,,
palmer,1988,Pacific Coast League,leeper,LEED0184,Leeper,Dave,,Portland,,,,,
palmer,1988,Pacific Coast League,liddle,LIDS0184,Liddle,Steve,,Portland,,,,,
palmer,1988,Pacific Coast League,lindsey,LINW0184,Lindsey,Bill,,Vancouver,,,,,
palmer,1988,Pacific Coast League,lovelace,LOVV0184,Lovelace,Vance,,Edmonton,,,,,
palmer,1988,Pacific Coast League,lovell,LOVD0185,Lovell,Don,,Colorado Springs,,,,,
palmer,1988,Pacific Coast League,lowry,LOWD0184,Lowry,Dwight,,Portland,,,,,
palmer,1988,Pacific Coast League,loynd,LOYM0186,Loynd,Mike,,Tucson,,,,,
palmer,1988,Pacific Coast League,lucas,LUCG0185,Lucas,Gary,,Phoenix,,,,,
palmer,1988,Pacific Coast League,lugo,LUGU0184,Lugo,Urbano,,Edmonton,,,,,
palmer,1988,Pacific Coast League,,LYNE0186,Lynch,Ed,,Phoenix,,,,,
palmer,1988,Pacific Coast League,,LYNJ0185,Lynch,Joe,,Las Vegas,,,,,
palmer,1988,Pacific Coast League,mack,MACS0185,Mack,Shane,,Las Vegas,,,,,
minoraverages/emilbb,1988,Pacific Coast League,mahoney,M90492,Mahoney,Jim,,Portland,,,,,
palmer,1988,Pacific Coast League,manwaring,MANK0186,Manwaring,Kirt,,Phoenix,,,,,
palmer,1988,Pacific Coast League,marquez,MARE0284,Marquez,Edwin,,Edmonton,,,,,
minoraverages/emilbb,1988,Pacific Coast League,,M90522,Martinez,Marty,,Calgary,,,,,
palmer,1988,Pacific Coast League,,MARA0187,Martinez,Louis,,Albuquerque,,,,,
palmer,1988,Pacific Coast League,,MARE0384,Martinez,Edgar,,Calgary,,,,,
palmer,1988,Pacific Coast League,,MARR0485,Martinez,Ramon,,Albuquerque,,,,,
palmer,1988,Pacific Coast League,,MASM0186,Mason,Mike,,Portland,,,,,
palmer,1988,Pacific Coast League,,MASR0184,Mason,Roger,,Phoenix,,,,,
palmer,1988,Pacific Coast League,mathis,MATR0384,Mathis,Ron,,Albuquerque,,,,,
palmer,1988,Pacific Coast League,mathis,MATR0384,Mathis,Ron,,Colorado Springs,,,,,
palmer,1988,Pacific Coast League,mccament,MCCL0185,McCAment,Randy,,Phoenix,,,,,
palmer,1988,Pacific Coast League,mccarthy,MCCT0184,McCArthy,Tom,,Vancouver,,,,,
palmer,1988,Pacific Coast League,mccue,MCCD0184,McCue,Deron,,Phoenix,,,,,
palmer,1988,Pacific Coast League,mcginnis,MCGR0285,McGInnis,Russ,,Tacoma,,,,,
palmer,1988,Pacific Coast League,mcguire,MCGW0185,McGUire,Bill,,Calgary,,,,,
palmer,1988,Pacific Coast League,mckeon,MCKJ0184,McKEon,Joel,,Las Vegas,,,,,
palmer,1988,Pacific Coast League,mclemore,MCLM0184,McLEmore,Mark,,Edmonton,,,,,
palmer,1988,Pacific Coast League,mcphail,MCPM0184,McPhail,Marlin,,Vancouver,,,,,
palmer,1988,Pacific Coast League,meadows,MEAM0184,Meadows,Louie,,Tucson,,,,,
palmer,1988,Pacific Coast League,meads,MEAD0184,Meads,Dave,,Tucson,,,,,
palmer,1988,Pacific Coast League,medina,MEDL0185,Medina,Luis,,Colorado Springs,,,,,
palmer,1988,Pacific Coast League,meeks,MEET0284,Meeks,Tim,,Tacoma,,,,,
palmer,1988,Pacific Coast League,melendez,MELF0184,Melendez,Francisco,,Phoenix,,,,,
palmer,1988,Pacific Coast League,melvin,MELR0184,Melvin,Bob,,Phoenix,,,,,
palmer,1988,Pacific Coast League,mendek,MENW0184,Mendek,Bill,,Calgary,,,,,
palmer,1988,Pacific Coast League,mercado,MERO0184,Mercado,Orlando,,Tacoma,,,,,
palmer,1988,Pacific Coast League,meyers,MEYP0186,Meyers,Paul,,Phoenix,,,,,
palmer,1988,Pacific Coast League,michel,MICD0284,Michel,Domingo,,Albuquerque,,,,,
palmer,1988,Pacific Coast League,mikulik,MIKJ0184,Mikulik,Joe,,Tucson,,,,,
palmer,1988,Pacific Coast League,milholland,MILE0185,Milholland,Eric,,Vancouver,,,,,
palmer,1988,Pacific Coast League,miller,MILD0384,Miller,Darrell,,Edmonton,,,,,
palmer,1988,Pacific Coast League,miscik,MISR0184,Miscik,Bobby,,Edmonton,,,,,
palmer,1988,Pacific Coast League,montalvo,MONR0284,Montalvo,Rafael,,Tucson,,,,,
palmer,1988,Pacific Coast League,monteleone,MONR0184,Monteleone,Rich,,Calgary,,,,,
palmer,1988,Pacific Coast League,monteleone,MONR0184,Monteleone,Rich,,Edmonton,,,,,
palmer,1988,Pacific Coast League,morman,MORR0284,Morman,Russ,,Vancouver,,,,,
palmer,1988,Pacific Coast League,moses,MOSJ0284,Moses,John,,Portland,,,,,
palmer,1988,Pacific Coast League,mota,MOTJ0285,Mota,Jose,,Albuquerque,,,,,
palmer,1988,Pacific Coast League,mulholland,MULT0184,Mulholland,Terry,,Phoenix,,,,,
palmer,1988,Pacific Coast League,murphy,MURM0284,Murphy,Mike,,Colorado Springs,,,,,
palmer,1988,Pacific Coast League,nago,NAGG0184,Nago,Garret,,Tucson,,,,,
palmer,1988,Pacific Coast League,nelson,NELR0284,Nelson,Rob,,Las Vegas,,,,,
palmer,1988,Pacific Coast League,nichols,NICR0185,Nichols,Rod,,Colorado Springs,,,,,
palmer,1988,Pacific Coast League,nieto,NIET0284,Nieto,Tom,,Portland,,,,,
palmer,1988,Pacific Coast League,nixon,NIXR0184,Nixon,Donell,,Calgary,,,,,
palmer,1988,Pacific Coast League,noboa,NOBM0184,Noboa,Junior,,Edmonton,,,,,
palmer,1988,Pacific Coast League,nolte,NOLE0185,Nolte,Eric,,Las Vegas,,,,,
palmer,1988,Pacific Coast League,nunez,NUNE0184,Nunez,Edwin,,Calgary,,,,,
palmer,1988,Pacific Coast League,ohnoutka,OHNB0185,Ohnoutka,Brian,,Phoenix,,,,,
palmer,1988,Pacific Coast League,oliveras,OLIF0184,Oliveras,Francisco,,Portland,,,,,
palmer,1988,Pacific Coast League,otto,OTTD0185,Otto,Dave,,Tacoma,,,,,
palmer,1988,Pacific Coast League,ouellette,OUEP0184,Ouellette,Phil,,Calgary,,,,,
palmer,1988,Pacific Coast League,pall,PALD0285,Pall,Donn,,Vancouver,,,,,
palmer,1988,Pacific Coast League,paris,PARK0184,Paris,Kelly,,Vancouver,,,,,
palmer,1988,Pacific Coast League,patterson,PATK0185,Patterson,Ken,,Vancouver,,,,,
palmer,1988,Pacific Coast League,pawlowski,PAWJ0185,Pawlowski,John,,Vancouver,,,,,
palmer,1988,Pacific Coast League,perezchica,PERA0284,Perezchica,Tony,,Phoenix,,,,,
palmer,1988,Pacific Coast League,perlman,PERJ0484,Perlman,Jon,,Colorado Springs,,,,,
palmer,1988,Pacific Coast League,,PETA0184,Peterson,Adam,,Vancouver,,,,,
palmer,1988,Pacific Coast League,,PETE0188,Peterson,Rick,,Colorado Springs,,,,,
palmer,1988,Pacific Coast League,phillips,PHIK0185,Phillips,Tony,,Tacoma,,,,,
palmer,1988,Pacific Coast League,pittaro,PITC0184,Pittaro,Chris,,Portland,,,,,
minoraverages/emilbb,1988,Pacific Coast League,plummer,M90511,Plummer,Bill,,Calgary,,,,,
palmer,1988,Pacific Coast League,polidor,POLG0184,Polidor,Gus,,Edmonton,,,,,
palmer,1988,Pacific Coast League,polonia,POLL0184,Polonia,Luis,,Tacoma,,,,,
palmer,1988,Pacific Coast League,portugal,PORM0184,Portugal,Mark,,Portland,,,,,
palmer,1988,Pacific Coast League,pounders,POUB0184,Pounders,Brad,,Las Vegas,,,,,
palmer,1988,Pacific Coast League,powell,POWD0184,Powell,Dennis,,Calgary,,,,,
palmer,1988,Pacific Coast League,price,PRIB0184,Price,Bryan,,Calgary,,,,,
palmer,1988,Pacific Coast League,puikunas,PUIE0184,Puikunas,Ed,,Phoenix,,,,,
palmer,1988,Pacific Coast League,rabb,RABJ0185,Rabb,John,,Calgary,,,,,
palmer,1988,Pacific Coast League,ralston,RALR0184,Ralston,Bobby,,Portland,,,,,
palmer,1988,Pacific Coast League,,RAMD0188,Ramos,Domingo,,Colorado Springs,,,,,
palmer,1988,Pacific Coast League,,RAMD0188,Ramos,Domingo,,Edmonton,,,,,
palmer,1988,Pacific Coast League,,RAMR0185,Ramos,Bobby,,Phoenix,,,,,
palmer,1988,Pacific Coast League,ramsey,RAMM0184,Ramsey,Mike,,Albuquerque,,,,,
palmer,1988,Pacific Coast League,randall,RANJ0184,Randall,Sap,,Vancouver,,,,,
palmer,1988,Pacific Coast League,ransom,RANJ0284,Ransom,Jeff,,Albuquerque,,,,,
palmer,1988,Pacific Coast League,reboulet,REBJ0186,Reboulet,Jeff,,Portland,,,,,
palmer,1988,Pacific Coast League,redfield,REDJ0284,Redfield,Joe,,Edmonton,,,,,
palmer,1988,Pacific Coast League,reed,REEM0384,Reed,Marty,,Edmonton,,,,,
palmer,1988,Pacific Coast League,reid,REIJ0384,Reid,Jessie,,Phoenix,,,,,
palmer,1988,Pacific Coast League,renteria,RENR0184,Renteria,Rich,,Calgary,,,,,
palmer,1988,Pacific Coast League,reyes,REYG0184,Reyes,Gil,,Albuquerque,,,,,
palmer,1988,Pacific Coast League,richardson,RICT0284,Richardson,Tim,,Colorado Springs,,,,,
palmer,1988,Pacific Coast League,ritter,RITR0184,Ritter,Reggie,,Colorado Springs,,,,,
palmer,1988,Pacific Coast League,,ROBL0184,Roberts,Bip,,Las Vegas,,,,,
palmer,1988,Pacific Coast League,,ROBP0186,Roberts,Pete,,Las Vegas,,,,,
palmer,1988,Pacific Coast League,,ROBS0184,Roberts,Scott,,Calgary,,,,,
palmer,1988,Pacific Coast League,robertson,ROBA0384,Robertson,Andre,,Tacoma,,,,,
palmer,1988,Pacific Coast League,,RODR0684,Rodriguez,Rick,,Colorado Springs,,,,,
palmer,1988,Pacific Coast League,,RODV0184,Rodriguez,Vic,,Portland,,,,,
palmer,1988,Pacific Coast League,rood,ROON0184,Rood,Nelson,,Tucson,,,,,
palmer,1988,Pacific Coast League,rosenberg,ROSS0286,Rosenberg,Steve,,Vancouver,,,,,
palmer,1988,Pacific Coast League,sambito,SAMJ0184,Sambito,Joe,,Tucson,,,,,
palmer,1988,Pacific Coast League,samuels,SAMR0184,Samuels,Roger,,Phoenix,,,,,
palmer,1988,Pacific Coast League,sanchez,SANA0184,Sanchez,Alejandro,,Tacoma,,,,,
palmer,1988,Pacific Coast League,schaefer,SCHJ0584,Schaefer,Jeff,,Vancouver,,,,,
palmer,1988,Pacific Coast League,schatzeder,SCHD0185,Schatzeder,Dan,,Portland,,,,,
palmer,1988,Pacific Coast League,scherrer,SCHW0184,Scherrer,Bill,,Phoenix,,,,,
palmer,1988,Pacific Coast League,schooler,SCHM0285,Schooler,Mike,,Calgary,,,,,
palmer,1988,Pacific Coast League,sconiers,SCOD0185,Sconiers,Daryl,,Vancouver,,,,,
palmer,1988,Pacific Coast League,scott,SCOC0185,Scott,Charles,,Colorado Springs,,,,,
palmer,1988,Pacific Coast League,scurry,SCUR0186,Scurry,Rod,,Calgary,,,,,
palmer,1988,Pacific Coast League,searage,SEAR0184,Searage,Ray,,Albuquerque,,,,,
palmer,1988,Pacific Coast League,segura,SEGJ0184,Segura,Jose,,Vancouver,,,,,
palmer,1988,Pacific Coast League,shaddy,SHAJ0184,Shaddy,Chris,,Tacoma,,,,,
palmer,1988,Pacific Coast League,sharperson,SHAM0284,Sharperson,Mike,,Albuquerque,,,,,
palmer,1988,Pacific Coast League,shaver,SHAJ0185,Shaver,Jeff,,Tacoma,,,,,
minoraverages/emilbb,1988,Pacific Coast League,shellenback,M90506,Shellenback,Jim,,Portland,,,,,
palmer,1988,Pacific Coast League,,SIMN0184,Simmons,Nelson,,Calgary,,,,,
palmer,1988,Pacific Coast League,,SIMT0184,Simmons,Todd,,Las Vegas,,,,,
palmer,1988,Pacific Coast League,sinatro,SINM0184,Sinatro,Matt,,Tacoma,,,,,
palmer,1988,Pacific Coast League,skalski,SKAJ0186,Skalski,Joe,,Colorado Springs,,,,,
palmer,1988,Pacific Coast League,sliwinski,SLIK0184,Sliwinski,Kevin,,Tacoma,,,,,
palmer,1988,Pacific Coast League,smajstrla,SMAC0184,Smajstrla,Craig,,Tucson,,,,,
minoraverages/emilbb,1988,Pacific Coast League,,M90565,Smith,Steve,,Las Vegas,,,,,
palmer,1988,Pacific Coast League,,SMIB0184,Smith,Brick,,Calgary,,,,,
palmer,1988,Pacific Coast League,,SMIL0384,Smith,Roy,,Portland,,,,,
palmer,1988,Pacific Coast League,snyder,SNYB0384,Snyder,Brian,,Tacoma,,,,,
palmer,1988,Pacific Coast League,soff,SOFR0184,Soff,Ray,,Portland,,,,,
palmer,1988,Pacific Coast League,solano,SOLJ0184,Solano,Julio,,Calgary,,,,,
palmer,1988,Pacific Coast League,sorensen,SORL0186,Sorensen,Lary,,Phoenix,,,,,
palmer,1988,Pacific Coast League,spilman,SPIW0188,Spilman,Harry,,Phoenix,,,,,
palmer,1988,Pacific Coast League,spilman,SPIW0188,Spilman,Harry,,Tucson,,,,,
palmer,1988,Pacific Coast League,springer,SPRS0184,Springer,Steve,,Vancouver,,,,,
palmer,1988,Pacific Coast League,stefero,STEJ0684,Stefero,John,,Colorado Springs,,,,,
palmer,1988,Pacific Coast League,stoddard,STOR0184,Stoddard,Bob,,Tacoma,,,,,
palmer,1988,Pacific Coast League,straker,STRL0284,Straker,Les,,Portland,,,,,
minoraverages/emilbb,1988,Pacific Coast League,swisher,M90598,Swisher,Steve,,Colorado Springs,,,,,
palmer,1988,Pacific Coast League,tate,TATS0184,Tate,Stu,,Phoenix,,,,,
palmer,1988,Pacific Coast League,taylor,TAYT0184,Taylor,Terry,,Calgary,,,,,
palmer,1988,Pacific Coast League,,THOJ0184,Thomas,Jim,,Edmonton,,,,,
palmer,1988,Pacific Coast League,,THOT0384,Thomas,Troy,,Vancouver,,,,,
palmer,1988,Pacific Coast League,thompson,THOT0584,Thompson,Tommy,,Vancouver,,,,,
palmer,1988,Pacific Coast League,tillman,TILK0184,Tillman,Rusty,,Phoenix,,,,,
palmer,1988,Pacific Coast League,tingley,TINR0184,Tingley,Ron,,Colorado Springs,,,,,
palmer,1988,Pacific Coast League,toliver,TOLF0184,Toliver,Freddie,,Portland,,,,,
palmer,1988,Pacific Coast League,torres,TORP0184,Torres,Phil,,Albuquerque,,,,,
palmer,1988,Pacific Coast League,torve,TORK0284,Torve,Kelvin,,Portland,,,,,
palmer,1988,Pacific Coast League,towers,TOWK0184,Towers,Kevin,,Las Vegas,,,,,
palmer,1988,Pacific Coast League,trevino,TREA0188,Trevino,Alex,,Tucson,,,,,
palmer,1988,Pacific Coast League,trout,TROS0187,Trout,Steve,,Calgary,,,,,
palmer,1988,Pacific Coast League,trudeau,TRUK0184,Trudeau,Kevin,,Portland,,,,,
palmer,1988,Pacific Coast League,venturini,VENP0184,Venturini,Pete,,Vancouver,,,,,
palmer,1988,Pacific Coast League,venturino,VENP0185,Venturino,Phil,,Edmonton,,,,,
palmer,1988,Pacific Coast League,villa,VILM0284,Villa,Mike,,Phoenix,,,,,
palmer,1988,Pacific Coast League,vizquel,VIZO0184,Vizquel,Omar,,Calgary,,,,,
palmer,1988,Pacific Coast League,vonohlen,VOND0184,VonOhlen,Dave,,Tacoma,,,,,
palmer,1988,Pacific Coast League,vosberg,VOSE0184,Vosberg,Ed,,Las Vegas,,,,,
palmer,1988,Pacific Coast League,,WALC0384,Walker,Chico,,Edmonton,,,,,
palmer,1988,Pacific Coast League,,WALJ0184,Walker,Jim,,Calgary,,,,,
palmer,1988,Pacific Coast League,,WALK0284,Walker,Kurt,,Edmonton,,,,,
palmer,1988,Pacific Coast League,walling,WALD0188,Walling,Denny,,Tucson,,,,,
palmer,1988,Pacific Coast League,walter,WALG0184,Walter,Gene,,Calgary,,,,,
palmer,1988,Pacific Coast League,walters,WALD0185,Walters,Dan,,Tucson,,,,,
palmer,1988,Pacific Coast League,ward,WARR0186,Ward,Colby,,Edmonton,,,,,
palmer,1988,Pacific Coast League,washington,WASR0184,Washington,Randy,,Colorado Springs,,,,,
palmer,1988,Pacific Coast League,wasinger,WASM0184,Wasinger,Mark,,Phoenix,,,,,
palmer,1988,Pacific Coast League,wasinger,WASM0184,Wasinger,Mark,,Colorado Springs,,,,,
palmer,1988,Pacific Coast League,watters,WATM0185,Watters,Mike,,Calgary,,,,,
palmer,1988,Pacific Coast League,weaver,WEAJ0284,Weaver,Jim,,Tucson,,,,,
palmer,1988,Pacific Coast League,west,WESM0384,West,Matt,,Calgary,,,,,
palmer,1988,Pacific Coast League,whitfield,WHIK0284,Whitfield,Ken,,Colorado Springs,,,,,
palmer,1988,Pacific Coast League,wickander,WICK0186,Wickander,Kevin,,Colorado Springs,,,,,
palmer,1988,Pacific Coast League,wilkinson,WILW0584,Wilkinson,Bill,,Calgary,,,,,
palmer,1988,Pacific Coast League,,WILE0284,Williams,Eddie,,Colorado Springs,,,,,
palmer,1988,Pacific Coast League,,WILK0184,Williams,Kenny,,Vancouver,,,,,
palmer,1988,Pacific Coast League,,WILM0186,Williams,Matt,,Phoenix,,,,,
palmer,1988,Pacific Coast League,,WILR0284,Williams,Reggie,,Colorado Springs,,,,,
palmer,1988,Pacific Coast League,willis,WILC0484,Willis,Carl,,Vancouver,,,,,
palmer,1988,Pacific Coast League,,WILP0184,Wilson,Phil,,Portland,,,,,
palmer,1988,Pacific Coast League,,WILT0185,Wilson,Trevor,,Phoenix,,,,,
palmer,1988,Pacific Coast League,winn,WINJ0284,Winn,Jim,,Portland,,,,,
palmer,1988,Pacific Coast League,wishnevski,WISM0184,Wishnevski,Mike,,Calgary,,,,,
palmer,1988,Pacific Coast League,wojna,WOJE0184,Wojna,Ed,,Vancouver,,,,,
palmer,1988,Pacific Coast League,woodard,WOOM0284,Woodard,Mike,,Vancouver,,,,,
palmer,1988,Pacific Coast League,woodson,WOOT0184,Woodson,Tracy,,Albuquerque,,,,,
palmer,1988,Pacific Coast League,wotus,WOTR0184,Wotus,Ron,,Phoenix,,,,,
palmer,1988,Pacific Coast League,wrona,WROW0184,Wrona,Billy,,Las Vegas,,,,,
palmer,1988,Pacific Coast League,xavier,XAVJ0185,Xavier,Joe,,Tacoma,,,,,
palmer,1988,Pacific Coast League,yastrzemski,YASC0184,Yastrzemski,Mike,,Vancouver,,,,,
palmer,1988,Pacific Coast League,yett,YETR0184,Yett,Rich,,Colorado Springs,,,,,
palmer,1988,Pacific Coast League,young,YOUM0184,Young,Shane,,Edmonton,,,,,
palmer,1988,Pacific Coast League,zaske,ZASL0184,Zaske,Jeff,,Tacoma,,,,,
palmer,1988,Pacific Coast League,zaske,ZASL0184,Zaske,Jeff,,Albuquerque,,,,,
palmer,1988,Pacific Coast League,zuvella,ZUVP0184,Zuvella,Paul,,Colorado Springs,,,,,
