source,league.year,league.name,ident,person.ref,person.name.last,person.name.given,S_STINT,entry.name,S_FIRST,S_LAST,B_G,P_G,pos
palmer,1988,Gulf Coast League,abbatinozzi,ABBP0188,Abbatinozzi,Paul,,White Sox,,,,,
palmer,1988,Gulf Coast League,abugherir,ABUA0188,Abugherir,Amer,,Reds,,,,,
palmer,1988,Gulf Coast League,alicano,ALIP0188,Alicano,Albert,,Royals,,,,,
palmer,1988,Gulf Coast League,alvarado,ALVJ0288,Alvarado,Jeffrey,,Indians,,,,,
minoraverages/emilbb,1988,Gulf Coast League,,M91944,Alvarez,Jose,,Dodgers,,,,,
palmer,1988,Gulf Coast League,,ALVJ0188,Alvarez,Jorge,,Dodgers,,,,,
palmer,1988,Gulf Coast League,,ALVT0188,Alvarez,Tomas,,Astros,,,,,
palmer,1988,Gulf Coast League,amick,AMIA0187,Amick,Pat,,Astros,,,,,
palmer,1988,Gulf Coast League,anderson,ANDM0188,Anderson,Mike,,Reds,,,,,
palmer,1988,Gulf Coast League,anglada,ANGR0188,Anglada,Raymundo,,Astros,,,,,
palmer,1988,Gulf Coast League,antigua,ANTF0188,Antigua,Felix,,Pirates,,,,,
palmer,1988,Gulf Coast League,apolinario,APOO0187,Apolinario,Oswaldo,,Braves,,,,,
palmer,1988,Gulf Coast League,aranguren,ARAI0188,Aranguren,Ismael,,Royals,,,,,
palmer,1988,Gulf Coast League,arland,ARLM0188,Arland,Mark,,Reds,,,,,
palmer,1988,Gulf Coast League,ashley,ASHB0188,Ashley,Billy,,Dodgers,,,,,
palmer,1988,Gulf Coast League,ausmus,AUSB0188,Ausmus,Brad,,Yankees,,,,,
palmer,1988,Gulf Coast League,ayala,AYAR0188,Ayala,Bobby,,Reds,,,,,
palmer,1988,Gulf Coast League,,BAEA0186,Baez,Angel,,Indians,,,,,
palmer,1988,Gulf Coast League,,BAEI0188,Baez,Igor,,Reds,,,,,
palmer,1988,Gulf Coast League,baker,BAKJ0288,Baker,Andy,,Indians,,,,,
palmer,1988,Gulf Coast League,bargman,BART0188,Bargman,Todd,,White Sox,,,,,
palmer,1988,Gulf Coast League,barreiro,BARF0188,Barreiro,Fernando,,Rangers,,,,,
palmer,1988,Gulf Coast League,bedoya,BEDR0188,Bedoya,Raul,,White Sox,,,,,
palmer,1988,Gulf Coast League,beltran,BELA0186,Beltran,Angel,,Pirates,,,,,
palmer,1988,Gulf Coast League,beniquez,BENJ0187,Beniquez,Juan,,Royals,,,,,
palmer,1988,Gulf Coast League,benitez,BENL0188,Benitez,Luis,,Rangers,,,,,
palmer,1988,Gulf Coast League,,BENB0187,Bennett,Brian,,Astros,,,,,
palmer,1988,Gulf Coast League,,BEND0186,Bennett,Chris,,Expos,,,,,
palmer,1988,Gulf Coast League,berroa,BERF0188,Berroa,Fabricio,,Braves,,,,,
palmer,1988,Gulf Coast League,berry,BERA0188,Berry,Anthony,,Rangers,,,,,
palmer,1988,Gulf Coast League,bevenour,BEVK0188,Bevenour,Keith,,Indians,,,,,
palmer,1988,Gulf Coast League,blackwell,BLAB0188,Blackwell,Barry,,Indians,,,,,
palmer,1988,Gulf Coast League,bond,BONM0288,Bond,Mark,,Braves,,,,,
palmer,1988,Gulf Coast League,bonini,BONM0188,Bonini,Mark,,Mets,,,,,
palmer,1988,Gulf Coast League,borbon,BORP0188,Borbon,Pedro,,White Sox,,,,,
palmer,1988,Gulf Coast League,bowling,BOWS0188,Bowling,Stan,,Royals,,,,,
palmer,1988,Gulf Coast League,branconier,BRAP0188,Branconier,Paul,,Dodgers,,,,,
palmer,1988,Gulf Coast League,braxton,BRAG0185,Braxton,Glen,,White Sox,,,,,
palmer,1988,Gulf Coast League,bristow,BRIR0188,Bristow,Rich,,Mets,,,,,
palmer,1988,Gulf Coast League,broadwater,BROT0188,Broadwater,Tom,,Pirates,,,,,
palmer,1988,Gulf Coast League,,BROF0188,Brown,Fred,,Mets,,,,,
palmer,1988,Gulf Coast League,,BROS0188,Brown,Stacy,,Indians,,,,,
palmer,1988,Gulf Coast League,broxton,BROJ0288,Broxton,John,,Yankees,,,,,
palmer,1988,Gulf Coast League,bruckner,BRUG0187,Bruckner,Glen,,Rangers,,,,,
palmer,1988,Gulf Coast League,brutcher,BRUL0188,Brutcher,Lenny,,White Sox,,,,,
palmer,1988,Gulf Coast League,bullett,BULS0188,Bullett,Scott,,Pirates,,,,,
palmer,1988,Gulf Coast League,burroughs,BURK0287,Burroughs,Ken,,White Sox,,,,,
palmer,1988,Gulf Coast League,busby,BUSM0188,Busby,Wayne,,White Sox,,,,,
palmer,1988,Gulf Coast League,bustillos,BUSA0188,Bustillos,Albert,,Dodgers,,,,,
palmer,1988,Gulf Coast League,butler,BUTC0188,Butler,Chris,,Mets,,,,,
minoraverages/emilbb,1988,Gulf Coast League,butterfield,M91931,Butterfield,Brian,,Yankees,,,,,
palmer,1988,Gulf Coast League,byerly,BYER0188,Byerly,Rod,,Pirates,,,,,
palmer,1988,Gulf Coast League,byrnes,BYRT0187,Byrnes,Tim,,Royals,,,,,
minoraverages/emilbb,1988,Gulf Coast League,cadahia,M91966,Cadahia,Chino,,Rangers,,,,,
palmer,1988,Gulf Coast League,calderon,CALE0188,Calderon,Ed,,Dodgers,,,,,
palmer,1988,Gulf Coast League,cameron,CAMS0187,Cameron,Stanton,,Mets,,,,,
palmer,1988,Gulf Coast League,campbell,CAMD0288,Campbell,Darrin,,Indians,,,,,
palmer,1988,Gulf Coast League,campos,CAMR0188,Campos,Rafael,,Astros,,,,,
palmer,1988,Gulf Coast League,campusano,CAMT0188,Campusano,Teo,,Astros,,,,,
palmer,1988,Gulf Coast League,cantres,CANJ0188,Cantres,Jorge,,Dodgers,,,,,
palmer,1988,Gulf Coast League,carrasco,CARH0188,Carrasco,Hector,,Mets,,,,,
palmer,1988,Gulf Coast League,carrion,CARJ0287,Carrion,Junior,,Braves,,,,,
palmer,1988,Gulf Coast League,cartwright,CARR0188,Cartwright,Ricardo,,Expos,,,,,
palmer,1988,Gulf Coast League,cary,CARC0384,Cary,Chuck,,Braves,,,,,
palmer,1988,Gulf Coast League,,CASA0287,Castillo,Alberto,,Mets,,,,,
palmer,1988,Gulf Coast League,,CASJ0188,Castillo,Juan,,Mets,,,,,
palmer,1988,Gulf Coast League,,CASM0188,Castillo,Manuel,,Yankees,,,,,
palmer,1988,Gulf Coast League,castro,CASC0188,Castro,Confesor,,Rangers,,,,,
palmer,1988,Gulf Coast League,cedeno,CEDA0188,Cedeno,Andujar,,Astros,,,,,
palmer,1988,Gulf Coast League,cepero,CEPI0187,Cepero,Ismael,,Dodgers,,,,,
palmer,1988,Gulf Coast League,chiusano,CHIM0188,Chiusano,Mike,,Dodgers,,,,,
palmer,1988,Gulf Coast League,chmielewski,CHMS0187,Chmielewski,Shon,,Braves,,,,,
palmer,1988,Gulf Coast League,,CLAJ0188,Clark,Jeff,,Braves,,,,,
palmer,1988,Gulf Coast League,,CLAM0186,Clark,Mark,,Braves,,,,,
palmer,1988,Gulf Coast League,clemens,CLET0188,Clemens,Troy,,Pirates,,,,,
palmer,1988,Gulf Coast League,clisanchez,CLIG0188,Clisanchez,Gil,,Expos,,,,,
palmer,1988,Gulf Coast League,clouse,CLOD0188,Clouse,David,,Braves,,,,,
palmer,1988,Gulf Coast League,cofer,COFB0188,Cofer,Brian,,Indians,,,,,
palmer,1988,Gulf Coast League,coker,COKT0188,Coker,Shane,,Reds,,,,,
palmer,1988,Gulf Coast League,cole,COLL0186,Cole,Lucius,,Rangers,,,,,
palmer,1988,Gulf Coast League,coleman,COLJ0188,Coleman,Dale,,Dodgers,,,,,
palmer,1988,Gulf Coast League,collier,COLA0188,Collier,Anthony,,Dodgers,,,,,
palmer,1988,Gulf Coast League,colon,COLA0187,Colon,Tony,,Rangers,,,,,
palmer,1988,Gulf Coast League,colontino,COLP0187,Colontino,Paul,,White Sox,,,,,
palmer,1988,Gulf Coast League,conde,CONH0187,Conde,Hector,,Royals,,,,,
palmer,1988,Gulf Coast League,conner,CONJ0188,Conner,John,,Royals,,,,,
palmer,1988,Gulf Coast League,correa,CORM0188,Correa,Marlon,,Expos,,,,,
palmer,1988,Gulf Coast League,cortes,CORH0188,Cortes,Hernan,,Yankees,,,,,
palmer,1988,Gulf Coast League,crockom,CROK0187,Crockom,Ken,,Astros,,,,,
palmer,1988,Gulf Coast League,cronk,CROD0188,Cronk,Doug,,Rangers,,,,,
palmer,1988,Gulf Coast League,crowson,CROD0186,Crowson,Dave,,Braves,,,,,
palmer,1988,Gulf Coast League,cruz,CRUJ0188,Cruz,Jose,,White Sox,,,,,
palmer,1988,Gulf Coast League,cudjo,CUDL0187,Cudjo,Lavell,,Reds,,,,,
palmer,1988,Gulf Coast League,dariah,DARB0187,Dariah,Bruce,,Indians,,,,,
palmer,1988,Gulf Coast League,datcher,DATR0188,Datcher,Ron,,Pirates,,,,,
palmer,1988,Gulf Coast League,,DAVA0288,Davis,Alton,,Reds,,,,,
palmer,1988,Gulf Coast League,,DAVB0287,Davis,Brian,,White Sox,,,,,
palmer,1988,Gulf Coast League,,DAVF0187,Davis,Freddie,,White Sox,,,,,
palmer,1988,Gulf Coast League,,DAVK0188,Davis,Kelvin,,Royals,,,,,
palmer,1988,Gulf Coast League,,DAVN0188,Davis,Nick,,Mets,,,,,
palmer,1988,Gulf Coast League,,DAVR0188,Davis,Russ,,Yankees,,,,,
palmer,1988,Gulf Coast League,davison,DAVS0188,Davison,Scott,,Expos,,,,,
palmer,1988,Gulf Coast League,deleon,DELH0188,De Leon,Huascar,,Royals,,,,,
palmer,1988,Gulf Coast League,delossantos,DELO0188,De Los Santos,Al,,Pirates,,,,,
palmer,1988,Gulf Coast League,devaughan,DEVJ0188,DeVaughan,Todd,,Rangers,,,,,
palmer,1988,Gulf Coast League,dejaynes,DEJP0187,Dejaynes,Paul,,Braves,,,,,
palmer,1988,Gulf Coast League,delgado,DELP0188,Delgado,Pablo,,Rangers,,,,,
palmer,1988,Gulf Coast League,denard,DENN0188,Denard,Eugene,,Pirates,,,,,
palmer,1988,Gulf Coast League,deushane,DEUM0188,Deushane,Mark,,Braves,,,,,
palmer,1988,Gulf Coast League,diaz,DIAA0287,Diaz,Al,,Mets,,,,,
palmer,1988,Gulf Coast League,dorn,DORC0188,Dorn,Chris,,Mets,,,,,
palmer,1988,Gulf Coast League,dovey,DOVT0188,Dovey,Troy,,Astros,,,,,
palmer,1988,Gulf Coast League,doyle,DOYS0188,Doyle,Steve,,Braves,,,,,
palmer,1988,Gulf Coast League,duncan,DUNR0288,Duncan,Rob,,Braves,,,,,
palmer,1988,Gulf Coast League,ebarb,EBAW0187,Ebarb,Wayne,,Rangers,,,,,
palmer,1988,Gulf Coast League,ebel,EBED0188,Ebel,Dino,,Dodgers,,,,,
palmer,1988,Gulf Coast League,echavarria,ECHJ0188,Echavarria,Juan,,Astros,,,,,
palmer,1988,Gulf Coast League,echoles,ECHJ0187,Echoles,Jamie,,Mets,,,,,
palmer,1988,Gulf Coast League,eckert,ECKM0188,Eckert,Mike,,Yankees,,,,,
palmer,1988,Gulf Coast League,edward,EDWJ0288,Edward,John,,Reds,,,,,
palmer,1988,Gulf Coast League,egan,EGAS0188,Egan,Scott,,White Sox,,,,,
palmer,1988,Gulf Coast League,elder,ELDI0188,Elder,Isaac,,Expos,,,,,
palmer,1988,Gulf Coast League,ellis,ELLD0186,Ellis,Doug,,Pirates,,,,,
palmer,1988,Gulf Coast League,emm,EMMA0188,Emm,Artie,,Astros,,,,,
palmer,1988,Gulf Coast League,encarnacion,ENCJ0188,Encarnacion,Juan,,Astros,,,,,
palmer,1988,Gulf Coast League,enno,ENNC0188,Enno,Clayton,,Dodgers,,,,,
palmer,1988,Gulf Coast League,espinoza,ESPC0188,Espinoza,Carlos,,Expos,,,,,
palmer,1988,Gulf Coast League,fagnant,FAGR0188,Fagnant,Ray,,Pirates,,,,,
palmer,1988,Gulf Coast League,farrell,FARM0188,Farrell,Mike,,Expos,,,,,
palmer,1988,Gulf Coast League,fascher,FASS0185,Fascher,Stan,,Astros,,,,,
palmer,1988,Gulf Coast League,,FELF0187,Feliz,Felix,,Pirates,,,,,
palmer,1988,Gulf Coast League,,FELJ0188,Feliz,Janeiro,,Pirates,,,,,
palmer,1988,Gulf Coast League,felton,FELL0188,Felton,Lawrence,,Indians,,,,,
palmer,1988,Gulf Coast League,fermin,FERN0188,Fermin,Nilson,,Reds,,,,,
palmer,1988,Gulf Coast League,ferran,FERA0188,Ferran,Alex,,Indians,,,,,
palmer,1988,Gulf Coast League,fidler,FIDA0188,Fidler,Andy,,Mets,,,,,
palmer,1988,Gulf Coast League,filson,FILW0186,Filson,Pete,,Yankees,,,,,
palmer,1988,Gulf Coast League,fletcher,FLER0188,Fletcher,Robert,,White Sox,,,,,
palmer,1988,Gulf Coast League,floyd,FLOD0187,Floyd,D.J.,,Dodgers,,,,,
palmer,1988,Gulf Coast League,foster,FOSK0188,Foster,Kevin,,Expos,,,,,
palmer,1988,Gulf Coast League,fujioh,FUJY0188,Fujioh,Yasuharu,,Dodgers,,,,,
palmer,1988,Gulf Coast League,furch,FURJ0188,Furch,John,,White Sox,,,,,
palmer,1988,Gulf Coast League,gamez,GAMR0188,Gamez,Bob,,Rangers,,,,,
palmer,1988,Gulf Coast League,ganino,GANE0188,Ganino,Eric,,Dodgers,,,,,
minoraverages/emilbb,1988,Gulf Coast League,,M91977,Garcia,Julio,,Pirates,,,,,
palmer,1988,Gulf Coast League,,GARM0188,Garcia,Manuel,,Rangers,,,,,
palmer,1988,Gulf Coast League,,GARR0287,Garcia,Ramon,,White Sox,,,,,
palmer,1988,Gulf Coast League,,GARS0287,Garcia,Santos,,Yankees,,,,,
palmer,1988,Gulf Coast League,,GARV0188,Garcia,Victor,,Reds,,,,,
palmer,1988,Gulf Coast League,gardner,GARC0188,Gardner,Chris,,Astros,,,,,
palmer,1988,Gulf Coast League,garibaldo,GARC0288,Garibaldo,Christobal,,Royals,,,,,
palmer,1988,Gulf Coast League,garrett,GARJ0388,Garrett,James,,White Sox,,,,,
palmer,1988,Gulf Coast League,geronimo,GERA0186,Geronimo,Angel,,Mets,,,,,
palmer,1988,Gulf Coast League,gianni,GIAG0188,Gianni,Guy,,Reds,,,,,
palmer,1988,Gulf Coast League,gillum,GILK0188,Gillum,K.C,,Reds,,,,,
palmer,1988,Gulf Coast League,given,GIVE0188,Given,Eric,,Astros,,,,,
palmer,1988,Gulf Coast League,gogos,GOGK0188,Gogos,Keith,,Expos,,,,,
palmer,1988,Gulf Coast League,gonzales,GONB0188,Gonzales,Ben,,Astros,,,,,
minoraverages/emilbb,1988,Gulf Coast League,,M92000,Gonzalez,Pedro,,Braves,,,,,
palmer,1988,Gulf Coast League,,GONF0188,Gonzalez,Frank,,Expos,,,,,
palmer,1988,Gulf Coast League,,GONF0288,Gonzalez,Freddy,,Dodgers,,,,,
palmer,1988,Gulf Coast League,,GONJ0188,Gonzalez,Jesus,,Dodgers,,,,,
palmer,1988,Gulf Coast League,grantges,GRAT0188,Grantges,Terence,,Pirates,,,,,
palmer,1988,Gulf Coast League,green,GRED0188,Green,Darryl,,Pirates,,,,,
palmer,1988,Gulf Coast League,griffiths,GRIB0188,Griffiths,Brian,,Astros,,,,,
palmer,1988,Gulf Coast League,guanchez,GUAH0188,Guanchez,Harry,,Royals,,,,,
palmer,1988,Gulf Coast League,gutierrez,GUTA0188,Gutierrez,Anthony,,Astros,,,,,
palmer,1988,Gulf Coast League,hall,HALA0185,Hall,Albert,,Braves,,,,,
palmer,1988,Gulf Coast League,harrell,HARS0188,Harrell,Steve,,Indians,,,,,
palmer,1988,Gulf Coast League,,HARJ0288,Harris,James,,Mets,,,,,
palmer,1988,Gulf Coast League,,HARK0187,Harris,Keith,,White Sox,,,,,
palmer,1988,Gulf Coast League,hartmann,HARR0188,Hartmann,Reid,,Mets,,,,,
palmer,1988,Gulf Coast League,hartzog,HARA0288,Hartzog,Cullen,,Yankees,,,,,
palmer,1988,Gulf Coast League,harvell,HARR0288,Harvell,Roderick,,Dodgers,,,,,
palmer,1988,Gulf Coast League,harvey,HARD0388,Harvey,Dwayne,,White Sox,,,,,
palmer,1988,Gulf Coast League,haupt,HAUR0188,Haupt,Richard,,Pirates,,,,,
palmer,1988,Gulf Coast League,hays,HAYK0188,Hays,Kevin,,Pirates,,,,,
palmer,1988,Gulf Coast League,heath,HEAR0188,Heath,Lee,,Braves,,,,,
palmer,1988,Gulf Coast League,hebets,HEBB0188,Hebets,Brad,,Indians,,,,,
palmer,1988,Gulf Coast League,heiderscheit,HEIP0188,Heiderscheit,Pat,,Expos,,,,,
palmer,1988,Gulf Coast League,hempen,HEMH0187,Hempen,Hal,,Royals,,,,,
palmer,1988,Gulf Coast League,,HEND0187,Henderson,Dave,,Astros,,,,,
palmer,1988,Gulf Coast League,,HENV0188,Henderson,Val,,Pirates,,,,,
palmer,1988,Gulf Coast League,hendricks,HENR0188,Hendricks,Rivelino,,Braves,,,,,
palmer,1988,Gulf Coast League,,HERE0188,Hernandez,Kiki,,Yankees,,,,,
palmer,1988,Gulf Coast League,,HERJ0287,Hernandez,Jose,,Rangers,,,,,
palmer,1988,Gulf Coast League,herrera,HERJ0387,Herrera,Jose,,Yankees,,,,,
palmer,1988,Gulf Coast League,hershiser,HERG0287,Hershiser,Gordie,,Dodgers,,,,,
palmer,1988,Gulf Coast League,hill,HILL0187,Hill,Lew,,Yankees,,,,,
palmer,1988,Gulf Coast League,hofer,HOFJ0288,Hofer,John,,Royals,,,,,
palmer,1988,Gulf Coast League,holshouser,HOLJ0188,Holshouser,Jeff,,Royals,,,,,
palmer,1988,Gulf Coast League,holum,HOLB0188,Holum,Brett,,Astros,,,,,
palmer,1988,Gulf Coast League,honeywell,HONB0188,Honeywell,Brent,,Pirates,,,,,
palmer,1988,Gulf Coast League,hopson,HOPD0188,Hopson,Dan,,Braves,,,,,
palmer,1988,Gulf Coast League,howell,HOWD0188,Howell,David,,Yankees,,,,,
palmer,1988,Gulf Coast League,howze,HOWB0188,Howze,Ben,,Expos,,,,,
palmer,1988,Gulf Coast League,hudgins,HUDM0188,Hudgins,Mark,,Astros,,,,,
palmer,1988,Gulf Coast League,hudson,HUDJ0187,Hudson,Jim,,Royals,,,,,
palmer,1988,Gulf Coast League,hulme,HULP0188,Hulme,Pat,,White Sox,,,,,
palmer,1988,Gulf Coast League,hurst,HURJ0187,Hurst,Jonathan,,Rangers,,,,,
palmer,1988,Gulf Coast League,huth,HUTJ0288,Huth,Jon,,Rangers,,,,,
palmer,1988,Gulf Coast League,james,JAMS0188,James,Steve,,White Sox,,,,,
minoraverages/emilbb,1988,Gulf Coast League,jauss,M91989,Jauss,Dave,,Expos,,,,,
palmer,1988,Gulf Coast League,,JOHD0388,Johnson,Darron,,Royals,,,,,
palmer,1988,Gulf Coast League,,JOHJ0288,Johnson,Jeff,,Braves,,,,,
palmer,1988,Gulf Coast League,,JOHK0188,Johnson,Kevin,,Expos,,,,,
palmer,1988,Gulf Coast League,johnstone,JOHJ0187,Johnstone,John,,Mets,,,,,
palmer,1988,Gulf Coast League,,JONE0187,Jones,Motor-boat,,Reds,,,,,
palmer,1988,Gulf Coast League,,JONM0188,Jones,Marty,,Astros,,,,,
palmer,1988,Gulf Coast League,juarbe,JUAK0188,Juarbe,Ken,,Yankees,,,,,
palmer,1988,Gulf Coast League,jundy,JUNL0184,Jundy,Lorin,,Royals,,,,,
palmer,1988,Gulf Coast League,karklins,KARG0187,Karklins,Greg,,Royals,,,,,
palmer,1988,Gulf Coast League,kelly,KELK0188,Kelly,Kevin,,Braves,,,,,
palmer,1988,Gulf Coast League,keshock,KESC0188,Keshock,Chris,,Braves,,,,,
palmer,1988,Gulf Coast League,kile,KILD0188,Kile,Darryl,,Astros,,,,,
palmer,1988,Gulf Coast League,kimbell,KIMZ0188,Kimbell,Zach,,Royals,,,,,
palmer,1988,Gulf Coast League,kiser,KISG0186,Kiser,Garland,,Indians,,,,,
palmer,1988,Gulf Coast League,klancnik,KLAJ0188,Klancnik,Joe,,Expos,,,,,
palmer,1988,Gulf Coast League,kohyama,KOHK0188,Kohyama,Kazuyoshi,,Dodgers,,,,,
palmer,1988,Gulf Coast League,kovarick,KOVP0187,Kovarick,Paul,,Reds,,,,,
palmer,1988,Gulf Coast League,kroell,KROR0188,Kroell,Rob,,Reds,,,,,
palmer,1988,Gulf Coast League,kull,KULW0188,Kull,Bill,,Indians,,,,,
palmer,1988,Gulf Coast League,kupsey,KUPJ0188,Kupsey,John,,Braves,,,,,
minoraverages/emilbb,1988,Gulf Coast League,kusyner,M91953,Kusyner,Art,,White Sox,,,,,
palmer,1988,Gulf Coast League,lake,LAKK0188,Lake,Ken,,Expos,,,,,
palmer,1988,Gulf Coast League,lane,LANK0188,Lane,Kevin,,Expos,,,,,
palmer,1988,Gulf Coast League,lariviere,LARC0187,Lariviere,Christopher,,Expos,,,,,
palmer,1988,Gulf Coast League,latham,LATJ0188,Latham,John,,Pirates,,,,,
palmer,1988,Gulf Coast League,lee,LEEB0186,Lee,Ben,,Royals,,,,,
palmer,1988,Gulf Coast League,leger,LEGL0188,Leger,Lenny,,Indians,,,,,
palmer,1988,Gulf Coast League,lehnerz,LEHM0188,Lehnerz,Mike,,Mets,,,,,
palmer,1988,Gulf Coast League,lemuth,LEMS0187,Lemuth,Steve,,Expos,,,,,
minoraverages/emilbb,1988,Gulf Coast League,,M91915,Linares,Julio,,Astros,,,,,
palmer,1988,Gulf Coast League,,LINY0188,Linares,Yfrain,,Reds,,,,,
palmer,1988,Gulf Coast League,lipscomb,LIPT0188,Lipscomb,Bruce,,Rangers,,,,,
palmer,1988,Gulf Coast League,lopez,LOPJ0188,Lopez,Javy,,Braves,,,,,
palmer,1988,Gulf Coast League,lora,LORJ0188,Lora,Julio,,Reds,,,,,
palmer,1988,Gulf Coast League,lott,LOTH0186,Lott,Hank,,Mets,,,,,
palmer,1988,Gulf Coast League,lunsford,LUNG0188,Lunsford,Greg,,Pirates,,,,,
palmer,1988,Gulf Coast League,lynch,LYND0187,Lynch,Dave,,Rangers,,,,,
palmer,1988,Gulf Coast League,lytle,LYTW0188,Lytle,Wade,,Pirates,,,,,
palmer,1988,Gulf Coast League,magria,MAGJ0188,Magria,Javier,,Pirates,,,,,
palmer,1988,Gulf Coast League,,MALJ0287,Maldonado,Johnny,,Braves,,,,,
palmer,1988,Gulf Coast League,,MALR0187,Maldonado,Ricardo,,Expos,,,,,
palmer,1988,Gulf Coast League,mallett,MALL0188,Mallett,Lane,,White Sox,,,,,
palmer,1988,Gulf Coast League,malley,MALM0188,Malley,Mike,,Reds,,,,,
palmer,1988,Gulf Coast League,malone,MALS0188,Malone,Todd,,Yankees,,,,,
palmer,1988,Gulf Coast League,manfredonia,MANJ0188,Manfredonia,Doug,,Dodgers,,,,,
palmer,1988,Gulf Coast League,manon,MANR0188,Manon,Ramon,,Reds,,,,,
palmer,1988,Gulf Coast League,marrero,MARR0487,Marrero,Roger,,Astros,,,,,
palmer,1988,Gulf Coast League,marshall,MARW0188,Marshall,Brett,,White Sox,,,,,
palmer,1988,Gulf Coast League,martin,MARJ0188,Martin,Jon,,Pirates,,,,,
palmer,1988,Gulf Coast League,,MARA0288,Martinez,Angel,,White Sox,,,,,
palmer,1988,Gulf Coast League,,MARG0187,Martinez,Gabriel,,White Sox,,,,,
palmer,1988,Gulf Coast League,mason,MASR0187,Mason,Robbie,,Expos,,,,,
palmer,1988,Gulf Coast League,mathews,MATJ0187,Mathews,Jeremy,,Reds,,,,,
palmer,1988,Gulf Coast League,mayberry,MAYM0188,Mayberry,Marvin,,Royals,,,,,
palmer,1988,Gulf Coast League,mccormick,MCCJ0188,McCormick,John,,Royals,,,,,
palmer,1988,Gulf Coast League,mccray,MCCE0188,McCray,Eric,,Rangers,,,,,
palmer,1988,Gulf Coast League,mcdaniel,MCDJ0188,McDaniel,Joel,,Reds,,,,,
palmer,1988,Gulf Coast League,mcelfish,MCES0188,McElfish,Shawn,,Indians,,,,,
palmer,1988,Gulf Coast League,mcghay,MCGP0188,McGhay,Paul,,Pirates,,,,,
palmer,1988,Gulf Coast League,mckinney,MCKA0188,McKinney,Tony,,Pirates,,,,,
palmer,1988,Gulf Coast League,meddaugh,MEDD0188,Meddaugh,Dean,,Indians,,,,,
palmer,1988,Gulf Coast League,medina,MEDL0188,Medina,Luciano,,Mets,,,,,
minoraverages/emilbb,1988,Gulf Coast League,mejias,M91928,Mejias,Sam,,Reds,,,,,
palmer,1988,Gulf Coast League,melendez,MELH0188,Melendez,Hector,,Royals,,,,,
palmer,1988,Gulf Coast League,mendazona,MENM0188,Mendazona,Mike,,Rangers,,,,,
palmer,1988,Gulf Coast League,michael,MICM0188,Michael,Matt,,Yankees,,,,,
palmer,1988,Gulf Coast League,middaugh,MIDS0188,Middaugh,Scott,,White Sox,,,,,
palmer,1988,Gulf Coast League,mileski,MILT0188,Mileski,Tom,,Rangers,,,,,
palmer,1988,Gulf Coast League,,MILO0188,Miller,Orlando,,Yankees,,,,,
palmer,1988,Gulf Coast League,,MILW0188,Miller,Bill,,Dodgers,,,,,
palmer,1988,Gulf Coast League,minnifield,MINW0188,Minnifield,Wallace,,Mets,,,,,
palmer,1988,Gulf Coast League,miranda,MIRG0188,Miranda,Geovany,,Royals,,,,,
palmer,1988,Gulf Coast League,mitchener,MITM0188,Mitchener,Mike,,White Sox,,,,,
palmer,1988,Gulf Coast League,,MOLA0188,Molina,Albert,,Pirates,,,,,
palmer,1988,Gulf Coast League,,MOLM0188,Molina,Manuel,,Rangers,,,,,
palmer,1988,Gulf Coast League,,MOOD0188,Moore,Tony,,Mets,,,,,
palmer,1988,Gulf Coast League,,MOOJ0188,Moore,James,,Reds,,,,,
palmer,1988,Gulf Coast League,,MOOK0188,Moore,Kerwin,,Royals,,,,,
palmer,1988,Gulf Coast League,,MOOL0188,Moore,Larry,,Reds,,,,,
palmer,1988,Gulf Coast League,morrison,MORT0288,Morrison,Teryl,,Indians,,,,,
palmer,1988,Gulf Coast League,morrow,MORT0188,Morrow,Tim,,Rangers,,,,,
palmer,1988,Gulf Coast League,morse,MORS0186,Morse,Scott,,Rangers,,,,,
palmer,1988,Gulf Coast League,moye,MOYW0188,Moye,Wayne,,White Sox,,,,,
palmer,1988,Gulf Coast League,mraz,MRAT0188,Mraz,Todd,,Indians,,,,,
palmer,1988,Gulf Coast League,munoz,MUNF0188,Munoz,Francisco,,Reds,,,,,
palmer,1988,Gulf Coast League,murillo,MURJ0388,Murillo,Javier,,Indians,,,,,
palmer,1988,Gulf Coast League,navarro,NAVL0188,Navarro,Luis,,Astros,,,,,
palmer,1988,Gulf Coast League,neely,NEEJ0188,Neely,Jeffrey,,Pirates,,,,,
palmer,1988,Gulf Coast League,neill,NEIS0188,Neill,Scott,,Indians,,,,,
palmer,1988,Gulf Coast League,,NELE0188,Nelson,Erik,,Pirates,,,,,
palmer,1988,Gulf Coast League,,NELE0288,Nelson,Eric,,Expos,,,,,
palmer,1988,Gulf Coast League,nevada,NEVY0187,Nevada,Yonny,,Braves,,,,,
palmer,1988,Gulf Coast League,nieves,NIEM0188,Nieves,Melvin,,Braves,,,,,
palmer,1988,Gulf Coast League,nina,NINR0188,Nina,Robin,,Dodgers,,,,,
palmer,1988,Gulf Coast League,nocas,NOCL0186,Nocas,Luke,,Royals,,,,,
palmer,1988,Gulf Coast League,nunez,NUND0188,Nunez,Dimerson,,Royals,,,,,
palmer,1988,Gulf Coast League,obando,OBAS0188,Obando,Sherman,,Yankees,,,,,
palmer,1988,Gulf Coast League,ohlms,OHLM0188,Ohlms,Mark,,Yankees,,,,,
palmer,1988,Gulf Coast League,ohman,OHME0188,Ohman,Ed,,Rangers,,,,,
palmer,1988,Gulf Coast League,oliva,OLIJ0188,Oliva,Jose,,Rangers,,,,,
palmer,1988,Gulf Coast League,oliver,OLID0188,Oliver,Darren,,Rangers,,,,,
palmer,1988,Gulf Coast League,olsson,OLSD0185,Olsson,Dan,,Rangers,,,,,
palmer,1988,Gulf Coast League,oropeza,OROD0188,Oropeza,Dave,,Expos,,,,,
palmer,1988,Gulf Coast League,,ORTJ0188,Ortiz,Jose,,Yankees,,,,,
palmer,1988,Gulf Coast League,,ORTR0188,Ortiz,Ramon,,Indians,,,,,
palmer,1988,Gulf Coast League,osborne,OSBJ0188,Osborne,Jeffrey,,Pirates,,,,,
palmer,1988,Gulf Coast League,osik,OSIS0188,Osik,Steve,,Royals,,,,,
palmer,1988,Gulf Coast League,pagan,PAGJ0188,Pagan,Joe,,Pirates,,,,,
palmer,1988,Gulf Coast League,parham,PARW0188,Parham,Bill,,Dodgers,,,,,
palmer,1988,Gulf Coast League,parker,PARJ0187,Parker,Jarrod,,Braves,,,,,
palmer,1988,Gulf Coast League,parrotte,PARB0188,Parrotte,Brian,,Reds,,,,,
palmer,1988,Gulf Coast League,pascual,PASJ0188,Pascual,Jorge,,Dodgers,,,,,
palmer,1988,Gulf Coast League,payne,PAYJ0188,Payne,Jeff,,Pirates,,,,,
palmer,1988,Gulf Coast League,pennyfeather,PENW0188,Pennyfeather,Will,,Pirates,,,,,
palmer,1988,Gulf Coast League,,PERB0187,Perez,Beban,,Yankees,,,,,
palmer,1988,Gulf Coast League,,PERC0188,Perez,Cesar,,Yankees,,,,,
palmer,1988,Gulf Coast League,,PERF0187,Perez,Francisco,,Astros,,,,,
palmer,1988,Gulf Coast League,,PERS0188,Perry,Steve,,Yankees,,,,,
palmer,1988,Gulf Coast League,,PERS0288,Perry,Scott,,Royals,,,,,
palmer,1988,Gulf Coast League,persia,PERL0187,Persia,Lauriano,,Yankees,,,,,
palmer,1988,Gulf Coast League,peters,PETM0188,Peters,Mike,,Reds,,,,,
palmer,1988,Gulf Coast League,petit,PETR0188,Petit,Rolando,,Braves,,,,,
palmer,1988,Gulf Coast League,pichardo,PICH0188,Pichardo,Hipolito,,Royals,,,,,
palmer,1988,Gulf Coast League,pickrell,PICJ0188,Pickrell,Jesse,,Yankees,,,,,
palmer,1988,Gulf Coast League,pierce,PIEB0187,Pierce,Ben,,Royals,,,,,
palmer,1988,Gulf Coast League,polanco,POLN0188,Polanco,Chaco,,Mets,,,,,
palmer,1988,Gulf Coast League,polemil,POLJ0188,Polemil,Juan,,Expos,,,,,
palmer,1988,Gulf Coast League,polo,POLA0187,Polo,Andres,,Braves,,,,,
palmer,1988,Gulf Coast League,ponte,PONE0188,Ponte,Ed,,Astros,,,,,
palmer,1988,Gulf Coast League,pough,POUC0188,Pough,Chop,,Indians,,,,,
palmer,1988,Gulf Coast League,prusia,PRUG0188,Prusia,Greg,,Royals,,,,,
palmer,1988,Gulf Coast League,pullins,PULJ0188,Pullins,Jimmie,,Braves,,,,,
palmer,1988,Gulf Coast League,quijada,QUIE0188,Quijada,Ed,,Astros,,,,,
palmer,1988,Gulf Coast League,radinsky,RADS0186,Radinsky,Scott,,White Sox,,,,,
palmer,1988,Gulf Coast League,ralph,RALC0188,Ralph,Curtis,,Yankees,,,,,
palmer,1988,Gulf Coast League,ramirez,RAMJ0187,Ramirez,Juan,,Expos,,,,,
palmer,1988,Gulf Coast League,ramos,RAMJ0188,Ramos,Jorge,,White Sox,,,,,
palmer,1988,Gulf Coast League,reagan,REAK0188,Reagan,Kyle,,Reds,,,,,
palmer,1988,Gulf Coast League,reagans,REAJ0187,Reagans,Javan,,Expos,,,,,
palmer,1988,Gulf Coast League,redmond,REDA0187,Redmond,Andre,,Pirates,,,,,
palmer,1988,Gulf Coast League,reed,REET0188,Reed,Toncie,,Astros,,,,,
palmer,1988,Gulf Coast League,,REYF0188,Reyes,Freddy,,Mets,,,,,
palmer,1988,Gulf Coast League,,REYR0187,Reyes,Rolando,,Yankees,,,,,
palmer,1988,Gulf Coast League,,RHOM0188,Rhodes,Mike,,Yankees,,,,,
palmer,1988,Gulf Coast League,,RHOR0188,Rhodes,Ricky,,Yankees,,,,,
palmer,1988,Gulf Coast League,richardson,RICD0288,Richardson,Dave,,Indians,,,,,
palmer,1988,Gulf Coast League,rijo,RIJR0188,Rijo,Rafael,,Dodgers,,,,,
palmer,1988,Gulf Coast League,rivera,RIVR0188,Rivera,Roberto,,Indians,,,,,
palmer,1988,Gulf Coast League,,ROBL0188,Robinson,Lindsey,,Rangers,,,,,
palmer,1988,Gulf Coast League,,ROBN0188,Robinson,Nap,,Dodgers,,,,,
palmer,1988,Gulf Coast League,,ROBJ0188,Robles,Josman,,Braves,,,,,
palmer,1988,Gulf Coast League,,ROBR0188,Robles,Roberto,,Pirates,,,,,
palmer,1988,Gulf Coast League,,RODJ0187,Rodriguez,Jorge,,Rangers,,,,,
palmer,1988,Gulf Coast League,,RODR0188,Rodriguez,Roman,,Pirates,,,,,
palmer,1988,Gulf Coast League,,RODS0188,Rodriguez,Sammy,,Royals,,,,,
palmer,1988,Gulf Coast League,roeder,ROES0188,Roeder,Steve,,Pirates,,,,,
palmer,1988,Gulf Coast League,romero,ROMR0188,Romero,Ronaldo,,Rangers,,,,,
palmer,1988,Gulf Coast League,rosario,ROSE0288,Rosario,Eliezel,,Astros,,,,,
palmer,1988,Gulf Coast League,rudolph,RUDM0188,Rudolph,Mason,,Mets,,,,,
palmer,1988,Gulf Coast League,ruffin,RUFJ0188,Ruffin,Johnny,,White Sox,,,,,
palmer,1988,Gulf Coast League,ruscitto,RUSA0287,Ruscitto,Andy,,Astros,,,,,
palmer,1988,Gulf Coast League,saavedra,SAAF0187,Saavedra,Francisco,,Rangers,,,,,
palmer,1988,Gulf Coast League,saccomanno,SACJ0188,Saccomanno,Joe,,Braves,,,,,
palmer,1988,Gulf Coast League,sample,SAMD0188,Sample,Deron,,Mets,,,,,
palmer,1988,Gulf Coast League,sampson,SAMM0188,Sampson,Mike,,Dodgers,,,,,
palmer,1988,Gulf Coast League,sanders,SAND0188,Sanders,Deion,,Yankees,,,,,
palmer,1988,Gulf Coast League,sanford,SANM0388,Sanford,Mo,,Reds,,,,,
palmer,1988,Gulf Coast League,santana,SANJ0188,Santana,Jose,,Astros,,,,,
palmer,1988,Gulf Coast League,santiago,SAND0186,Santiago,Delvy,,Pirates,,,,,
palmer,1988,Gulf Coast League,satre,SATJ0188,Satre,Jason,,Reds,,,,,
palmer,1988,Gulf Coast League,saunders,SAUD0188,Saunders,Doug,,Mets,,,,,
palmer,1988,Gulf Coast League,scarborough,SCAW0188,Scarborough,Bill,,Indians,,,,,
palmer,1988,Gulf Coast League,schmitt,SCHG0187,Schmitt,Gary,,Pirates,,,,,
palmer,1988,Gulf Coast League,scott,SCOC0188,Scott,Craig,,Mets,,,,,
palmer,1988,Gulf Coast League,scruggs,SCRA0187,Scruggs,Tony,,Rangers,,,,,
palmer,1988,Gulf Coast League,segui,SEGD0187,Segui,Dan,,Mets,,,,,
palmer,1988,Gulf Coast League,shepherd,SHEM0188,Shepherd,Matt,,Indians,,,,,
palmer,1988,Gulf Coast League,shore,SHOJ0188,Shore,Jeff,,Rangers,,,,,
palmer,1988,Gulf Coast League,silva,SILM0188,Silva,Mario,,White Sox,,,,,
palmer,1988,Gulf Coast League,simmons,SIMJ0188,Simmons,Jeff,,Rangers,,,,,
palmer,1988,Gulf Coast League,sims,SIMR0188,Sims,Ron,,Braves,,,,,
palmer,1988,Gulf Coast League,singley,SINJ0187,Singley,Joe,,White Sox,,,,,
palmer,1988,Gulf Coast League,skyrd,SKYC0188,Skyrd,Chris,,Pirates,,,,,
palmer,1988,Gulf Coast League,,SMIL0188,Smith,Lawrence,,Indians,,,,,
palmer,1988,Gulf Coast League,,SMIT0284,Smith,Todd,,Pirates,,,,,
palmer,1988,Gulf Coast League,,SOLJ0187,Solarte,Jose,,Expos,,,,,
palmer,1988,Gulf Coast League,,SOLN0187,Solarte,Nollys,,Pirates,,,,,
palmer,1988,Gulf Coast League,stclaire,STCS0184,St. Claire,Steve,,Expos,,,,,
palmer,1988,Gulf Coast League,stesteben,STEM0188,St.Esteben,Mike,,Dodgers,,,,,
palmer,1988,Gulf Coast League,stewart,STEC0188,Stewart,Carl,,Reds,,,,,
palmer,1988,Gulf Coast League,stoltenberg,STOB0188,Stoltenberg,Brad,,Yankees,,,,,
palmer,1988,Gulf Coast League,stombaugh,STOC0188,Stombaugh,Chad,,Royals,,,,,
palmer,1988,Gulf Coast League,stout,STOJ0188,Stout,Jeff,,Pirates,,,,,
palmer,1988,Gulf Coast League,studstill,STUT0188,Studstill,Tom,,Pirates,,,,,
palmer,1988,Gulf Coast League,susana,SUSJ0188,Susana,Jacinto,,Reds,,,,,
minoraverages/emilbb,1988,Gulf Coast League,tamargo,M91990,Tamargo,John,,Mets,,,,,
palmer,1988,Gulf Coast League,tarasco,TARA0188,Tarasco,Tony,,Braves,,,,,
palmer,1988,Gulf Coast League,taveras,TAVR0188,Taveras,Ramon,,Dodgers,,,,,
palmer,1988,Gulf Coast League,tedder,TEDS0188,Tedder,Scott,,White Sox,,,,,
palmer,1988,Gulf Coast League,tejada,TEJA0188,Tejada,Alex,,Expos,,,,,
palmer,1988,Gulf Coast League,tepper,TEPM0188,Tepper,Marc,,Indians,,,,,
palmer,1988,Gulf Coast League,tesmer,TESJ0187,Tesmer,Jim,,Mets,,,,,
palmer,1988,Gulf Coast League,teter,TETC0188,Teter,Craig,,White Sox,,,,,
palmer,1988,Gulf Coast League,,THIA0188,Thigpen,Arthur,,White Sox,,,,,
palmer,1988,Gulf Coast League,,THIL0188,Thigpen,Leonard,,Yankees,,,,,
palmer,1988,Gulf Coast League,,THOC0188,Thomas,C.L.,,Reds,,,,,
palmer,1988,Gulf Coast League,,THOC0288,Thomas,Tito,,Braves,,,,,
palmer,1988,Gulf Coast League,,THOD0187,Thomas,Dwight,,White Sox,,,,,
palmer,1988,Gulf Coast League,,THOD0188,Thompson,Mike,,Pirates,,,,,
palmer,1988,Gulf Coast League,,THOJ0188,Thompson,Jeff,,Mets,,,,,
palmer,1988,Gulf Coast League,,THOR0488,Thompson,Rob,,White Sox,,,,,
palmer,1988,Gulf Coast League,tingle,TIND0187,Tingle,Darrell,,Yankees,,,,,
palmer,1988,Gulf Coast League,tinnin,TIND0188,Tinnin,Derek,,Pirates,,,,,
palmer,1988,Gulf Coast League,,TORC0188,Torres,Carmelo,,Rangers,,,,,
palmer,1988,Gulf Coast League,,TORJ0188,Torres,Jose,,Mets,,,,,
palmer,1988,Gulf Coast League,,TORM0187,Torres,Miguel,,Yankees,,,,,
minoraverages/emilbb,1988,Gulf Coast League,tosca,M91891,Tosca,Carlos,,Royals,,,,,
palmer,1988,Gulf Coast League,tucker,TUCR0188,Tucker,Bob,,Reds,,,,,
palmer,1988,Gulf Coast League,tuss,TUSJ0188,Tuss,Jeff,,Expos,,,,,
palmer,1988,Gulf Coast League,tyson,TYSK0188,Tyson,Kevin,,Braves,,,,,
palmer,1988,Gulf Coast League,udell,UDEM0188,Udell,Matt,,Pirates,,,,,
palmer,1988,Gulf Coast League,valarezo,VALP0188,Valarezo,Pedro,,Rangers,,,,,
palmer,1988,Gulf Coast League,valdez,VALF0188,Valdez,Francisco,,Rangers,,,,,
palmer,1988,Gulf Coast League,valentin,VALE0188,Valentin,Ed,,Astros,,,,,
palmer,1988,Gulf Coast League,vanhorne,VAND0188,Van Horne,Dwayne,,Reds,,,,,
palmer,1988,Gulf Coast League,vanhouten,VANJ0184,Van Houten,Jim,,Astros,,,,,
palmer,1988,Gulf Coast League,vazquez,VAZP0188,Vazquez,Pedro,,Royals,,,,,
palmer,1988,Gulf Coast League,ventura,VENJ0188,Ventura,Jose,,White Sox,,,,,
palmer,1988,Gulf Coast League,veras,VERY0187,Veras,Yovanny,,Yankees,,,,,
palmer,1988,Gulf Coast League,virgo,VIRR0187,Virgo,Ryan,,Dodgers,,,,,
palmer,1988,Gulf Coast League,waldenberger,WALD0288,Waldenberger,Dave,,Braves,,,,,
palmer,1988,Gulf Coast League,,WALD0488,Walker,Dennis,,White Sox,,,,,
palmer,1988,Gulf Coast League,,WALR0187,Walker,Roosevelt,,Expos,,,,,
palmer,1988,Gulf Coast League,,WALV0188,Walker,Hugh,,Royals,,,,,
palmer,1988,Gulf Coast League,wall,WALM0187,Wall,Mike,,Pirates,,,,,
palmer,1988,Gulf Coast League,wallman,WALS0187,Wallman,Scott,,Indians,,,,,
palmer,1988,Gulf Coast League,warren,WARA0288,Warren,Allen,,Yankees,,,,,
palmer,1988,Gulf Coast League,,WASD0187,Washington,Dave,,Astros,,,,,
palmer,1988,Gulf Coast League,,WASK0188,Washington,Kyle,,Mets,,,,,
palmer,1988,Gulf Coast League,way,WAYR0188,Way,Ron,,Pirates,,,,,
palmer,1988,Gulf Coast League,weeks,WEEJ0188,Weeks,Trevor,,Reds,,,,,
palmer,1988,Gulf Coast League,wellington,WELR0187,Wellington,Rob,,Royals,,,,,
palmer,1988,Gulf Coast League,wessel,WEST0188,Wessel,Troy,,Expos,,,,,
palmer,1988,Gulf Coast League,,WESA0185,West,Tommy,,Rangers,,,,,
palmer,1988,Gulf Coast League,,WESD0188,West,Darin,,Pirates,,,,,
palmer,1988,Gulf Coast League,,WESR0188,West,Bobby,,Pirates,,,,,
palmer,1988,Gulf Coast League,whitehead,WHIS0188,Whitehead,Steve,,Expos,,,,,
palmer,1988,Gulf Coast League,wiese,WIEM0187,Wiese,Marc,,Mets,,,,,
palmer,1988,Gulf Coast League,wilburn,WILE0188,Wilburn,Trey,,Reds,,,,,
minoraverages/emilbb,1988,Gulf Coast League,,M91902,Williams,Billy,,Indians,,,,,
palmer,1988,Gulf Coast League,,WILC0188,Williams,Clifford,,Rangers,,,,,
palmer,1988,Gulf Coast League,,WILH0186,Williams,Dwayne,,Reds,,,,,
palmer,1988,Gulf Coast League,,WILR0388,Williams,Rosie,,Reds,,,,,
palmer,1988,Gulf Coast League,willoughby,WILM0185,Willoughby,Mark,,Mets,,,,,
palmer,1988,Gulf Coast League,wolak,WOLJ0188,Wolak,Jerry,,White Sox,,,,,
palmer,1988,Gulf Coast League,wolfer,WOLJ0187,Wolfer,Jim,,Reds,,,,,
palmer,1988,Gulf Coast League,woods,WOOT0188,Woods,Tyrone,,Expos,,,,,
palmer,1988,Gulf Coast League,wright,WRIB0187,Wright,Brian,,Braves,,,,,
palmer,1988,Gulf Coast League,wurm,WURG0188,Wurm,Garry,,Pirates,,,,,
palmer,1988,Gulf Coast League,yan,YAND0188,Yan,Tito,,Mets,,,,,
palmer,1988,Gulf Coast League,yankovich,YANM0188,Yankovich,Eric,,Braves,,,,,
palmer,1988,Gulf Coast League,zaksek,ZAKJ0188,Zaksek,John,,White Sox,,,,,
palmer,1988,Gulf Coast League,zeratsky,ZERM0188,Zeratsky,Mark,,Yankees,,,,,
palmer,1988,Gulf Coast League,ziegler,ZIEG0187,Ziegler,Greg,,Braves,,,,,
palmer,1988,Gulf Coast League,zink,ZINW0188,Zink,Wendall,,Dodgers,,,,,
