source,league.year,league.name,ident,person.ref,person.name.last,person.name.given,S_STINT,entry.name,S_FIRST,S_LAST,B_G,P_G,pos
palmer,1988,South Atlantic League,acosta,ACOJ0186,Acosta,Jose,,Augusta,,,,,
palmer,1988,South Atlantic League,adler,ADLM0188,Adler,Marcus,,Fayetteville,,,,,
palmer,1988,South Atlantic League,allen,ALLH0187,Allen,Harold,,Asheville,,,,,
palmer,1988,South Atlantic League,alou,ALOM0186,Alou,Moises,,Augusta,,,,,
palmer,1988,South Atlantic League,,ALVM0186,Alvarez,Mike,,Savannah,,,,,
palmer,1988,South Atlantic League,,ALVW0187,Alvarez,Wilson,,Gastonia,,,,,
palmer,1988,South Atlantic League,alyea,ALYB0185,Alyea,Brant,,Gastonia,,,,,
palmer,1988,South Atlantic League,anderson,ANDM0185,Anderson,Mike,,Columbia,,,,,
palmer,1988,South Atlantic League,anthony,ANTE0186,Anthony,Eric,,Asheville,,,,,
palmer,1988,South Atlantic League,arguelles,ARGF0188,Arguelles,Fernando,,Augusta,,,,,
palmer,1988,South Atlantic League,arias,ARIA0187,Arias,Alex,,Charleston WV,,,,,
palmer,1988,South Atlantic League,ashby,ASHA0186,Ashby,Andy,,Spartanburg,,,,,
palmer,1988,South Atlantic League,baker,BAKJ0188,Baker,Jay,,Gastonia,,,,,
palmer,1988,South Atlantic League,baldwin,BALA0187,Baldwin,Tony,,Sumter,,,,,
palmer,1988,South Atlantic League,barczi,BARS0187,Barczi,Scott,,Augusta,,,,,
palmer,1988,South Atlantic League,barker,BART0185,Barker,Tim,,Charleston SC,,,,,
palmer,1988,South Atlantic League,barragan,BARJ0287,Barragan,Jimmy,,Spartanburg,,,,,
palmer,1988,South Atlantic League,barretto,BARS0186,Barretto,Saul,,Gastonia,,,,,
palmer,1988,South Atlantic League,barrs,BARC0186,Barrs,Stan,,Savannah,,,,,
palmer,1988,South Atlantic League,batiste,BATK0187,Batiste,Kim,,Spartanburg,,,,,
palmer,1988,South Atlantic League,bauer,BAUP0186,Bauer,Pete,,Columbia,,,,,
palmer,1988,South Atlantic League,beams,BEAM0186,Beams,Mike,,Asheville,,,,,
palmer,1988,South Atlantic League,behny,BEHM0186,Behny,Mark,,Savannah,,,,,
palmer,1988,South Atlantic League,,BELG0186,Belcher,Glenn,,Fayetteville,,,,,
palmer,1988,South Atlantic League,,BELK0187,Belcher,Kevin,,Gastonia,,,,,
palmer,1988,South Atlantic League,,BELD0187,Bell,Derek,,Myrtle Beach,,,,,
palmer,1988,South Atlantic League,,BELL0187,Bell,Lenny,,Charleston WV,,,,,
palmer,1988,South Atlantic League,bello,BELD0188,Bello,Duben,,Fayetteville,,,,,
palmer,1988,South Atlantic League,berry,BERM0184,Berry,Mark,,Greensboro,,,,,
palmer,1988,South Atlantic League,bogar,BOGT0187,Bogar,Tim,,Columbia,,,,,
palmer,1988,South Atlantic League,bond,BOND0187,Bond,David,,Charleston SC,,,,,
palmer,1988,South Atlantic League,borders,BORT0288,Borders,Todd,,Charleston WV,,,,,
palmer,1988,South Atlantic League,boucher,BOUD0188,Boucher,Denis,,Myrtle Beach,,,,,
palmer,1988,South Atlantic League,brewer,BREO0187,Brewer,Omar,,Gastonia,,,,,
palmer,1988,South Atlantic League,britt,BRIR0187,Britt,Bob,,Spartanburg,,,,,
palmer,1988,South Atlantic League,broadfoot,BROS0187,Broadfoot,Scott,,Savannah,,,,,
palmer,1988,South Atlantic League,brocail,BROD0186,Brocail,Doug,,Charleston SC,,,,,
palmer,1988,South Atlantic League,brooks,BROM0287,Brooks,Monte,,Charleston SC,,,,,
palmer,1988,South Atlantic League,brown,BROD0185,Brown,Don,,Greensboro,,,,,
palmer,1988,South Atlantic League,brune,BRUJ0187,Brune,Jim,,Greensboro,,,,,
palmer,1988,South Atlantic League,,BURF0185,Burgos,Francisco,,Gastonia,,,,,
palmer,1988,South Atlantic League,,BURJ0186,Burgos,John,,Gastonia,,,,,
palmer,1988,South Atlantic League,burlingame,BURD0188,Burlingame,Dennis,,Sumter,,,,,
palmer,1988,South Atlantic League,cakora,CAKM0187,Cakora,Matt,,Charleston WV,,,,,
palmer,1988,South Atlantic League,camilli,CAMK0184,Camilli,Kevin,,Fayetteville,,,,,
palmer,1988,South Atlantic League,campos,CAMF0187,Campos,Frank,,Charleston WV,,,,,
palmer,1988,South Atlantic League,canan,CANR0285,Canan,Dick,,Charleston WV,,,,,
palmer,1988,South Atlantic League,carmona,CARG0187,Carmona,Greg,,Savannah,,,,,
palmer,1988,South Atlantic League,carrion,CARJ0287,Carrion,Junior,,Sumter,,,,,
palmer,1988,South Atlantic League,cartaya,CARJ0286,Cartaya,Joel,,Gastonia,,,,,
palmer,1988,South Atlantic League,,CARA0187,Carter,Andy,,Spartanburg,,,,,
palmer,1988,South Atlantic League,,CARE0186,Carter,Eddie,,Savannah,,,,,
palmer,1988,South Atlantic League,,CARS0187,Carter,Steve,,Augusta,,,,,
palmer,1988,South Atlantic League,carver,CARB0187,Carver,Billy,,Asheville,,,,,
palmer,1988,South Atlantic League,casillas,CASA0187,Casillas,Adam,,Greensboro,,,,,
palmer,1988,South Atlantic League,,CASB0188,Castillo,Benny,,Fayetteville,,,,,
palmer,1988,South Atlantic League,,CASF0186,Castillo,Felipe,,Gastonia,,,,,
palmer,1988,South Atlantic League,castro,CASL0387,Castro,Liliano,,Fayetteville,,,,,
palmer,1988,South Atlantic League,cedeno,CEDR0187,Cedeno,Ramon,,Asheville,,,,,
palmer,1988,South Atlantic League,cerny,CERM0186,Cerny,Marty,,Gastonia,,,,,
palmer,1988,South Atlantic League,chamberlain,CHAW0187,Chamberlain,Wes,,Augusta,,,,,
minoraverages/emilbb,1988,South Atlantic League,champion,M91717,Champion,Keith,,Savannah,,,,,
palmer,1988,South Atlantic League,charno,CHAJ0188,Charno,Joe,,Asheville,,,,,
palmer,1988,South Atlantic League,cisarik,CISB0188,Cisarik,Brian,,Charleston SC,,,,,
palmer,1988,South Atlantic League,clark,CLAM0186,Clark,Mark,,Sumter,,,,,
palmer,1988,South Atlantic League,cloninger,CLOG0187,Cloninger,Greg,,Sumter,,,,,
palmer,1988,South Atlantic League,cobb,COBM0187,Cobb,Mark,,Spartanburg,,,,,
palmer,1988,South Atlantic League,cohen,COHT0187,Cohen,Tonny,,Augusta,,,,,
palmer,1988,South Atlantic League,cohoon,COHD0185,Cohoon,Don,,Charleston WV,,,,,
palmer,1988,South Atlantic League,coker,COKL0187,Coker,Larry,,Fayetteville,,,,,
palmer,1988,South Atlantic League,cole,COLR0187,Cole,Popeye,,Sumter,,,,,
palmer,1988,South Atlantic League,coleman,COLD0185,Coleman,Dewayne,,Charleston WV,,,,,
palmer,1988,South Atlantic League,colescott,COLR0184,Colescott,Rob,,Savannah,,,,,
palmer,1988,South Atlantic League,,COLC0187,Colon,Cris,,Gastonia,,,,,
palmer,1988,South Atlantic League,,COLD0187,Colon,David,,Sumter,,,,,
palmer,1988,South Atlantic League,colvard,COLH0188,Colvard,Benny,,Greensboro,,,,,
palmer,1988,South Atlantic League,cook,COOR0287,Cook,Ron,,Fayetteville,,,,,
palmer,1988,South Atlantic League,costello,COSF0186,Costello,Fred,,Asheville,,,,,
palmer,1988,South Atlantic League,coulter,COUD0186,Coulter,Darrell,,Spartanburg,,,,,
minoraverages/emilbb,1988,South Atlantic League,coveney,M91629,Coveney,Jim,,Asheville,,,,,
minoraverages/emilbb,1988,South Atlantic League,cox,M91686,Cox,Jeff,,Augusta,,,,,
palmer,1988,South Atlantic League,cromwell,CRON0187,Cromwell,Nate,,Myrtle Beach,,,,,
palmer,1988,South Atlantic League,crowley,CROT0286,Crowley,Terry,,Augusta,,,,,
palmer,1988,South Atlantic League,cuevas,CUEJ0184,Cuevas,Johnny,,Sumter,,,,,
palmer,1988,South Atlantic League,cunningham,CUND0187,Cunningham,Dave,,Asheville,,,,,
palmer,1988,South Atlantic League,currin,CURJ0187,Currin,Wes,,Sumter,,,,,
palmer,1988,South Atlantic League,david,DAVG0185,David,Greg,,Myrtle Beach,,,,,
palmer,1988,South Atlantic League,,DAVB0187,Davis,Braz,,Charleston WV,,,,,
palmer,1988,South Atlantic League,,DAVM0187,Davis,Mark,,Sumter,,,,,
palmer,1988,South Atlantic League,delarosa,DELJ0186,De La Rosa,Juan,,Myrtle Beach,,,,,
palmer,1988,South Atlantic League,delossantos,DELP0187,Delossantos,Pedro,,Asheville,,,,,
palmer,1988,South Atlantic League,diaz,DIAA0187,Diaz,Alex,,Columbia,,,,,
palmer,1988,South Atlantic League,dickson,DICK0187,Dickson,Kenny,,Asheville,,,,,
palmer,1988,South Atlantic League,dixon,DIXB0188,Dixon,Bryan,,Myrtle Beach,,,,,
palmer,1988,South Atlantic League,dodd,DODD0188,Dodd,Dan,,Myrtle Beach,,,,,
palmer,1988,South Atlantic League,donnels,DONC0187,Donnels,Chris,,Columbia,,,,,
palmer,1988,South Atlantic League,doss,DOSG0187,Doss,Greg,,Savannah,,,,,
palmer,1988,South Atlantic League,doster,DOSZ0186,Doster,Zack,,Fayetteville,,,,,
palmer,1988,South Atlantic League,dovey,DOVT0188,Dovey,Troy,,Asheville,,,,,
palmer,1988,South Atlantic League,downs,DOWR0187,Downs,Ron,,Augusta,,,,,
palmer,1988,South Atlantic League,duenas,DUEV0188,Duenas,Tony,,Charleston WV,,,,,
palmer,1988,South Atlantic League,duquette,DUQJ0187,Duquette,Chuck,,Fayetteville,,,,,
palmer,1988,South Atlantic League,durant,DURR0186,Durant,Rick,,Columbia,,,,,
palmer,1988,South Atlantic League,eddings,EDDJ0187,Eddings,Jay,,Charleston WV,,,,,
palmer,1988,South Atlantic League,eggleston,EGGD0186,Eggleston,Skip,,Charleston WV,,,,,
palmer,1988,South Atlantic League,elam,ELAT0188,Elam,Todd,,Spartanburg,,,,,
palmer,1988,South Atlantic League,elli,ELLR0186,Elli,Rocky,,Columbia,,,,,
palmer,1988,South Atlantic League,ellison,ELLP0188,Ellison,Paul,,Spartanburg,,,,,
palmer,1988,South Atlantic League,englett,ENGM0187,Englett,Todd,,Augusta,,,,,
palmer,1988,South Atlantic League,espinal,ESPS0186,Espinal,Sergio,,Charleston WV,,,,,
palmer,1988,South Atlantic League,estes,ESTJ0186,Estes,Joel,,Asheville,,,,,
palmer,1988,South Atlantic League,estrada,ESTJ0187,Estrada,Jay,,Charleston SC,,,,,
palmer,1988,South Atlantic League,etzweiler,ETZD0187,Etzweiler,Dan,,Myrtle Beach,,,,,
palmer,1988,South Atlantic League,evans,EVAB0288,Evans,Brian,,Gastonia,,,,,
palmer,1988,South Atlantic League,fagnano,FAGP0187,Fagnano,Phil,,Spartanburg,,,,,
palmer,1988,South Atlantic League,farmer,FARR0187,Farmer,Reggie,,Charleston SC,,,,,
palmer,1988,South Atlantic League,felix,FELA0188,Felix,Antonio,,Augusta,,,,,
palmer,1988,South Atlantic League,felton,FELF0188,Felton,Todd,,Spartanburg,,,,,
palmer,1988,South Atlantic League,ferguson,FERJ0187,Ferguson,Jim,,Savannah,,,,,
palmer,1988,South Atlantic League,findlay,FINW0186,Findlay,Bill,,Gastonia,,,,,
palmer,1988,South Atlantic League,floyd,FLOC0187,Floyd,Chris,,Myrtle Beach,,,,,
palmer,1988,South Atlantic League,foley,FOLM0186,Foley,Marty,,Spartanburg,,,,,
palmer,1988,South Atlantic League,forbes,FORW0187,Forbes,Willie,,Charleston SC,,,,,
palmer,1988,South Atlantic League,forrest,FORJ0186,Forrest,Joel,,Augusta,,,,,
palmer,1988,South Atlantic League,fredymond,FREJ0284,Fredymond,Juan,,Sumter,,,,,
palmer,1988,South Atlantic League,freeman,FREP0187,Freeman,Pete,,Augusta,,,,,
palmer,1988,South Atlantic League,fryman,FRYD0187,Fryman,Travis,,Fayetteville,,,,,
palmer,1988,South Atlantic League,garces,GARR0184,Garces,Robinson,,Fayetteville,,,,,
palmer,1988,South Atlantic League,garcia,GARC0187,Garcia,Carlos,,Augusta,,,,,
palmer,1988,South Atlantic League,gardner,GARJ0187,Gardner,John,,Charleston WV,,,,,
palmer,1988,South Atlantic League,garman,GARJ0287,Garman,Pat,,Gastonia,,,,,
palmer,1988,South Atlantic League,garrison,GARJ0185,Garrison,Jimmy,,Augusta,,,,,
palmer,1988,South Atlantic League,gatewood,GATH0184,Gatewood,Henry,,Charleston WV,,,,,
palmer,1988,South Atlantic League,gentleman,GENJ0187,Gentleman,Jean,,Savannah,,,,,
palmer,1988,South Atlantic League,gilbert,GILG0187,Gilbert,Gregg,,Sumter,,,,,
palmer,1988,South Atlantic League,glasker,GLAS0184,Glasker,Stephen,,Gastonia,,,,,
minoraverages/emilbb,1988,South Atlantic League,,M91655,Gomez,Orlando,,Gastonia,,,,,
palmer,1988,South Atlantic League,,GOMH0186,Gomez,Henrique,,Charleston WV,,,,,
palmer,1988,South Atlantic League,,GOMP0186,Gomez,Pat,,Charleston WV,,,,,
palmer,1988,South Atlantic League,,GONJ0286,Gonzalez,Javier,,Columbia,,,,,
palmer,1988,South Atlantic League,,GONL0188,Gonzalez,Luis,,Asheville,,,,,
palmer,1988,South Atlantic League,gourlay,GOUR0187,Gourlay,Craig,,Sumter,,,,,
palmer,1988,South Atlantic League,grier,GRIA0187,Grier,Antron,,Savannah,,,,,
palmer,1988,South Atlantic League,griffith,GRIJ0187,Griffith,Jeff,,Augusta,,,,,
palmer,1988,South Atlantic League,grimes,GRIL0285,Grimes,Lee,,Charleston WV,,,,,
palmer,1988,South Atlantic League,haas,HAAR0188,Haas,David,,Fayetteville,,,,,
palmer,1988,South Atlantic League,hainline,HAIJ0188,Hainline,Jeff,,Gastonia,,,,,
palmer,1988,South Atlantic League,hansen,HANT0184,Hansen,Todd,,Charleston SC,,,,,
palmer,1988,South Atlantic League,harding,HART0188,Harding,Greg,,Myrtle Beach,,,,,
palmer,1988,South Atlantic League,harper,HARG0287,Harper,Greg,,Sumter,,,,,
palmer,1988,South Atlantic League,harris,HARR0186,Harris,Robert,,Augusta,,,,,
palmer,1988,South Atlantic League,harrison,HARK0186,Harrison,Keith,,Charleston SC,,,,,
palmer,1988,South Atlantic League,harter,HARA0188,Harter,Andy,,Asheville,,,,,
palmer,1988,South Atlantic League,hartgraves,HARD0287,Hartgraves,Dean,,Asheville,,,,,
palmer,1988,South Atlantic League,hartman,HARE0186,Hartman,Eddie,,Augusta,,,,,
palmer,1988,South Atlantic League,harvick,HARB0187,Harvick,Brad,,Savannah,,,,,
palmer,1988,South Atlantic League,hatfield,HATK0186,Hatfield,Rob,,Augusta,,,,,
palmer,1988,South Atlantic League,hearron,HEAJ0184,Hearron,Jeff,,Myrtle Beach,,,,,
minoraverages/emilbb,1988,South Atlantic League,hebner,M91678,Hebner,Richie,,Myrtle Beach,,,,,
palmer,1988,South Atlantic League,hempen,HEMH0187,Hempen,Hal,,Savannah,,,,,
palmer,1988,South Atlantic League,henderson,HENW0187,Henderson,Bill,,Fayetteville,,,,,
palmer,1988,South Atlantic League,henry,HENC0186,Henry,Carlos,,Asheville,,,,,
palmer,1988,South Atlantic League,hernandez,HERF0186,Hernandez,Xavier,,Myrtle Beach,,,,,
palmer,1988,South Atlantic League,hershman,HERW0186,Hershman,Bill,,Savannah,,,,,
palmer,1988,South Atlantic League,hester,HESS0187,Hester,Steve,,Greensboro,,,,,
palmer,1988,South Atlantic League,hillemann,HILC0187,Hillemann,Charles,,Charleston SC,,,,,
palmer,1988,South Atlantic League,hillman,HILJ0187,Hillman,Eric,,Columbia,,,,,
palmer,1988,South Atlantic League,hinkle,HINR0187,Hinkle,Mike,,Savannah,,,,,
minoraverages/emilbb,1988,South Atlantic League,hobson,M91701,Hobson,Butch,,Columbia,,,,,
palmer,1988,South Atlantic League,hoffman,HOFR0188,Hoffman,Rich,,Savannah,,,,,
palmer,1988,South Atlantic League,hook,HOOM0186,Hook,Mike,,Asheville,,,,,
palmer,1988,South Atlantic League,horsley,HORC0187,Horsley,Clint,,Savannah,,,,,
palmer,1988,South Atlantic League,horta,HORN0185,Horta,Neder,,Asheville,,,,,
palmer,1988,South Atlantic League,huffman,HUFK0187,Huffman,Kris,,Savannah,,,,,
palmer,1988,South Atlantic League,hurta,HURR0187,Hurta,Bob,,Spartanburg,,,,,
palmer,1988,South Atlantic League,huseby,HUSK0185,Huseby,Ken,,Greensboro,,,,,
minoraverages/emilbb,1988,South Atlantic League,huyke,M91693,Huyke,Woody,,Augusta,,,,,
palmer,1988,South Atlantic League,ingram,INGR0188,Ingram,Riccardo,,Fayetteville,,,,,
palmer,1988,South Atlantic League,isaac,ISAR0185,Isaac,Richard,,Fayetteville,,,,,
palmer,1988,South Atlantic League,jaster,JASS0185,Jaster,Scott,,Columbia,,,,,
palmer,1988,South Atlantic League,jeffery,JEFR0187,Jeffery,Scott,,Greensboro,,,,,
palmer,1988,South Atlantic League,jenkins,JENM0186,Jenkins,Mack,,Greensboro,,,,,
palmer,1988,South Atlantic League,jensen,JENJ0188,Jensen,John,,Charleston WV,,,,,
palmer,1988,South Atlantic League,jewett,JEWP0187,Jewett,Trent,,Augusta,,,,,
palmer,1988,South Atlantic League,jimenez,JIMA0186,Jimenez,Al,,Columbia,,,,,
palmer,1988,South Atlantic League,,JOHC0288,Johnson,Curtis,,Myrtle Beach,,,,,
palmer,1988,South Atlantic League,,JOHD0185,Johnson,Dodd,,Sumter,,,,,
palmer,1988,South Atlantic League,,JOHG0187,Johnson,Greg,,Asheville,,,,,
palmer,1988,South Atlantic League,johnston,JOHR0187,Johnston,Ryan,,Savannah,,,,,
palmer,1988,South Atlantic League,joiner,JOID0187,Joiner,Dave,,Columbia,,,,,
palmer,1988,South Atlantic League,jose,JOSE0186,Jose,Elio,,Charleston WV,,,,,
palmer,1988,South Atlantic League,kaiser,KAIK0186,Kaiser,Keith,,Greensboro,,,,,
palmer,1988,South Atlantic League,king,KINM0186,King,Mike,,Charleston SC,,,,,
palmer,1988,South Atlantic League,kirkpatrick,KIRS0187,Kirkpatrick,Steve,,Spartanburg,,,,,
palmer,1988,South Atlantic League,kleven,KLEM0187,Kleven,Mark,,Charleston SC,,,,,
palmer,1988,South Atlantic League,knorr,KNOR0186,Knorr,Randy,,Myrtle Beach,,,,,
palmer,1988,South Atlantic League,knudsen,KNUK0188,Knudsen,Kurt,,Fayetteville,,,,,
palmer,1988,South Atlantic League,kolecki,KOLR0188,Kolecki,Roy,,Myrtle Beach,,,,,
palmer,1988,South Atlantic League,kopczynski,KOPT0187,Kopczynski,Todd,,Gastonia,,,,,
palmer,1988,South Atlantic League,kremers,KREJ0188,Kremers,Jimmy,,Sumter,,,,,
palmer,1988,South Atlantic League,kroeger,KROJ0188,Kroeger,J.T.,,Savannah,,,,,
minoraverages/emilbb,1988,South Atlantic League,krol,M91664,Krol,Jack,,Charleston SC,,,,,
palmer,1988,South Atlantic League,laboy,LABC0186,Laboy,Carlos,,Asheville,,,,,
palmer,1988,South Atlantic League,lane,LANB0187,Lane,Brian,,Greensboro,,,,,
palmer,1988,South Atlantic League,larosa,LARJ0187,Larosa,John,,Spartanburg,,,,,
palmer,1988,South Atlantic League,larose,LARS0187,Larose,Steve,,Columbia,,,,,
palmer,1988,South Atlantic League,lau,LAUD0187,Lau,Dave,,Columbia,,,,,
palmer,1988,South Atlantic League,lavender,LAVR0187,Lavender,Robert,,Gastonia,,,,,
palmer,1988,South Atlantic League,law,LAWT0188,Law,Travis,,Gastonia,,,,,
palmer,1988,South Atlantic League,lawrence,LAWS0186,Lawrence,Scott,,Savannah,,,,,
palmer,1988,South Atlantic League,,LEEC0187,Lee,Chris,,Asheville,,,,,
palmer,1988,South Atlantic League,,LEET0184,Lee,Terry,,Greensboro,,,,,
palmer,1988,South Atlantic League,lemle,LEMR0185,Lemle,Rob,,Columbia,,,,,
palmer,1988,South Atlantic League,lepley,LEPJ0188,Lepley,John,,Savannah,,,,,
palmer,1988,South Atlantic League,letterio,LETD0187,Letterio,Shane,,Greensboro,,,,,
palmer,1988,South Atlantic League,,LEWA0187,Lewis,Tony,,Charleston SC,,,,,
palmer,1988,South Atlantic League,,LEWD0186,Lewis,Danny,,Asheville,,,,,
palmer,1988,South Atlantic League,lindsey,LINM0187,Lindsey,Doug,,Spartanburg,,,,,
palmer,1988,South Atlantic League,lipscomb,LIPT0188,Lipscomb,Bruce,,Gastonia,,,,,
palmer,1988,South Atlantic League,liriano,LIRF0187,Liriano,Felix,,Fayetteville,,,,,
palmer,1988,South Atlantic League,livchak,LIVR0185,Livchak,Rob,,Savannah,,,,,
palmer,1988,South Atlantic League,lloyd,LLOG0188,Lloyd,Graeme,,Myrtle Beach,,,,,
palmer,1988,South Atlantic League,locke,LOCR0187,Locke,Joe,,Asheville,,,,,
palmer,1988,South Atlantic League,looper,LOOE0186,Looper,Eddie,,Savannah,,,,,
palmer,1988,South Atlantic League,lopez,LOPM0188,Lopez,Marcos,,Charleston WV,,,,,
palmer,1988,South Atlantic League,losa,LOSW0187,Losa,Bill,,Gastonia,,,,,
palmer,1988,South Atlantic League,love,LOVJ0185,Love,John,,Augusta,,,,,
palmer,1988,South Atlantic League,luciani,LUCR0186,Luciani,Randy,,Fayetteville,,,,,
palmer,1988,South Atlantic League,lumley,LUMM0188,Lumley,Mike,,Fayetteville,,,,,
palmer,1988,South Atlantic League,lutticken,LUTR0186,Lutticken,Bob,,Charleston SC,,,,,
palmer,1988,South Atlantic League,maasberg,MAAG0187,Maasberg,Gary,,Spartanburg,,,,,
palmer,1988,South Atlantic League,macdonald,MACR0187,MacDonald,Rob,,Myrtle Beach,,,,,
palmer,1988,South Atlantic League,macavage,MACJ0187,Macavage,Joe,,Augusta,,,,,
palmer,1988,South Atlantic League,maclin,MACL0187,Maclin,Lonnie,,Savannah,,,,,
palmer,1988,South Atlantic League,malave,MALO0184,Malave,Omar,,Myrtle Beach,,,,,
palmer,1988,South Atlantic League,maldonado,MALP0186,Maldonado,Pete,,Spartanburg,,,,,
palmer,1988,South Atlantic League,mantrana,MANM0286,Mantrana,Manny,,Columbia,,,,,
palmer,1988,South Atlantic League,marina,MARJ0285,Marina,Juan,,Columbia,,,,,
palmer,1988,South Atlantic League,markley,MARS0186,Markley,Scott,,Asheville,,,,,
palmer,1988,South Atlantic League,marquez,MARE0188,Marquez,Edgar,,Myrtle Beach,,,,,
palmer,1988,South Atlantic League,marsh,MARQ0186,Marsh,Quinn,,Greensboro,,,,,
palmer,1988,South Atlantic League,marte,MARR0284,Marte,Roberto,,Savannah,,,,,
palmer,1988,South Atlantic League,martin,MARD0186,Martin,Darryl,,Fayetteville,,,,,
palmer,1988,South Atlantic League,,MARL0185,Martinez,Luis,,Greensboro,,,,,
palmer,1988,South Atlantic League,,MARR0188,Martinez,Rafael,,Myrtle Beach,,,,,
palmer,1988,South Atlantic League,mauser,MAUT0188,Mauser,Tim,,Spartanburg,,,,,
palmer,1988,South Atlantic League,mcanarney,MCAJ0187,McAnarney,Jim,,Columbia,,,,,
palmer,1988,South Atlantic League,mccarthy,MCCG0187,McCArthy,Greg,,Spartanburg,,,,,
palmer,1988,South Atlantic League,mccutchen,MCCJ0186,McCutchen,Jim,,Gastonia,,,,,
palmer,1988,South Atlantic League,mcdaniel,MCDT0286,McDAniel,Terry,,Columbia,,,,,
palmer,1988,South Atlantic League,mcdonald,MCDS0287,McDonald,Shelby,,Spartanburg,,,,,
palmer,1988,South Atlantic League,meacham,MEAR0188,Meacham,Rusty,,Fayetteville,,,,,
palmer,1988,South Atlantic League,mealy,MEAA0185,Mealy,Tony,,Greensboro,,,,,
palmer,1988,South Atlantic League,meamber,MEAT0187,Meamber,Tim,,Savannah,,,,,
palmer,1988,South Atlantic League,mee,MEEJ0187,Mee,Jimmy,,Greensboro,,,,,
palmer,1988,South Atlantic League,meister,MEIR0187,Meister,Ralph,,Sumter,,,,,
palmer,1988,South Atlantic League,melendez,MELL0187,Melendez,Luis,,Fayetteville,,,,,
palmer,1988,South Atlantic League,mendoza,MENJ0285,Mendoza,Jesus,,Sumter,,,,,
palmer,1988,South Atlantic League,merced,MERO0185,Merced,Orlando,,Augusta,,,,,
palmer,1988,South Atlantic League,mercedes,MERG0184,Mercedes,Guillermo,,Augusta,,,,,
palmer,1988,South Atlantic League,merchant,MERM0187,Merchant,Mark,,Augusta,,,,,
palmer,1988,South Atlantic League,meyer,MEYB0188,Meyer,Brad,,Gastonia,,,,,
minoraverages/emilbb,1988,South Atlantic League,miley,M91597,Miley,Dave,,Greensboro,,,,,
palmer,1988,South Atlantic League,,MILM0187,Miller,Mike,,Columbia,,,,,
palmer,1988,South Atlantic League,,MILP0187,Miller,Paul,,Augusta,,,,,
minoraverages/emilbb,1988,South Atlantic League,mills,M91641,Mills,Brad,,Charleston WV,,,,,
palmer,1988,South Atlantic League,,MITG0187,Mitchell,Glenn,,Sumter,,,,,
palmer,1988,South Atlantic League,,MITK0187,Mitchell,Keith,,Sumter,,,,,
palmer,1988,South Atlantic League,molina,MOLA0188,Molina,Albert,,Augusta,,,,,
palmer,1988,South Atlantic League,montejano,MONS0188,Montejano,Steve,,Augusta,,,,,
palmer,1988,South Atlantic League,moore,MOOP0184,Moore,Greg,,Gastonia,,,,,
palmer,1988,South Atlantic League,mullino,MULR0186,Mullino,Ray,,Charleston WV,,,,,
palmer,1988,South Atlantic League,mullins,MULR0185,Mullins,Ron,,Greensboro,,,,,
palmer,1988,South Atlantic League,murphy,MURM0185,Murphy,Miguel,,Fayetteville,,,,,
palmer,1988,South Atlantic League,murphy,MURM0185,Murphy,Miguel,,Gastonia,,,,,
palmer,1988,South Atlantic League,murrell,MURR0185,Murrell,Rodney,,Columbia,,,,,
palmer,1988,South Atlantic League,myers,MYEM0187,Myers,Mike,,Charleston SC,,,,,
palmer,1988,South Atlantic League,natera,NATL0184,Natera,Luis,,Columbia,,,,,
palmer,1988,South Atlantic League,naughton,NAUC0186,Naughton,Danny,,Columbia,,,,,
palmer,1988,South Atlantic League,nelson,NELD0187,Nelson,Darren,,Savannah,,,,,
palmer,1988,South Atlantic League,nen,NENR0187,Nen,Robb,,Gastonia,,,,,
palmer,1988,South Atlantic League,newman,NEWD0187,Newman,Danny,,Asheville,,,,,
palmer,1988,South Atlantic League,nicholson,NICK0184,Nicholson,Keith,,Fayetteville,,,,,
palmer,1988,South Atlantic League,nied,NIED0288,Nied,David,,Sumter,,,,,
palmer,1988,South Atlantic League,nieto,NIEA0186,Nieto,Andy,,Fayetteville,,,,,
palmer,1988,South Atlantic League,nunez,NUNB0187,Nunez,Bernie,,Myrtle Beach,,,,,
palmer,1988,South Atlantic League,nyssen,NYSD0187,Nyssen,Dan,,Asheville,,,,,
palmer,1988,South Atlantic League,olivares,OLIO0187,Olivares,Omar,,Charleston SC,,,,,
palmer,1988,South Atlantic League,olmstead,OLMR0186,Olmstead,Reed,,Savannah,,,,,
palmer,1988,South Atlantic League,ortiz,ORTJ0287,Ortiz,Joe,,Asheville,,,,,
palmer,1988,South Atlantic League,osuna,OSUA0187,Osuna,Al,,Asheville,,,,,
palmer,1988,South Atlantic League,owens,OWES0187,Owens,Steve,,Charleston WV,,,,,
palmer,1988,South Atlantic League,pacholec,PACJ0187,Pacholec,Joe,,Augusta,,,,,
palmer,1988,South Atlantic League,parascand,PARS0286,Parascand,Steve,,Fayetteville,,,,,
palmer,1988,South Atlantic League,patrick,PATM0188,Patrick,Mike,,Gastonia,,,,,
palmer,1988,South Atlantic League,patterson,PATG0184,Patterson,Glenn,,Gastonia,,,,,
palmer,1988,South Atlantic League,pavlik,PAVR0187,Pavlik,Roger,,Gastonia,,,,,
palmer,1988,South Atlantic League,pearn,PEAJ0186,Pearn,Joe,,Gastonia,,,,,
palmer,1988,South Atlantic League,pearson,PEAP0186,Pearson,Kevin,,Greensboro,,,,,
palmer,1988,South Atlantic League,peek,PEET0187,Peek,Tim,,Spartanburg,,,,,
palmer,1988,South Atlantic League,pegues,PEGS0187,Pegues,Steve,,Fayetteville,,,,,
palmer,1988,South Atlantic League,pellegrino,PELA0186,Pellegrino,Tony,,Charleston SC,,,,,
palmer,1988,South Atlantic League,penland,PENK0188,Penland,Ken,,Gastonia,,,,,
palmer,1988,South Atlantic League,perez,PERG0186,Perez,Gorky,,Asheville,,,,,
palmer,1988,South Atlantic League,perry,PERE0187,Perry,Eric,,Charleston WV,,,,,
palmer,1988,South Atlantic League,pettengill,PETT0188,Pettengill,Tim,,Savannah,,,,,
palmer,1988,South Atlantic League,peyton,PEYM0187,Peyton,Mickey,,Augusta,,,,,
palmer,1988,South Atlantic League,pilkinton,PILL0186,Pilkinton,Lem,,Myrtle Beach,,,,,
palmer,1988,South Atlantic League,pino,PINR0184,Pino,Rolando,,Myrtle Beach,,,,,
palmer,1988,South Atlantic League,plemel,PLEL0188,Plemel,Lee,,Savannah,,,,,
palmer,1988,South Atlantic League,polanco,POLR0185,Polanco,Radhames,,Columbia,,,,,
palmer,1988,South Atlantic League,ponder,PONK0187,Ponder,Kevin,,Columbia,,,,,
palmer,1988,South Atlantic League,provence,PROT0184,Provence,Todd,,Myrtle Beach,,,,,
palmer,1988,South Atlantic League,raisanen,RAIR0187,Raisanen,Keith,,Augusta,,,,,
palmer,1988,South Atlantic League,raley,RALD0188,Raley,Dan,,Fayetteville,,,,,
palmer,1988,South Atlantic League,rambo,RAMM0187,Rambo,Matt,,Spartanburg,,,,,
palmer,1988,South Atlantic League,ramirez,RAMN0187,Ramirez,Nick,,Charleston WV,,,,,
palmer,1988,South Atlantic League,ramos,RAMJ0287,Ramos,Jose,,Fayetteville,,,,,
palmer,1988,South Atlantic League,ramsey,RAMF0187,Ramsey,Fernando,,Charleston WV,,,,,
palmer,1988,South Atlantic League,reaves,REAS0187,Reaves,Scotti,,Spartanburg,,,,,
palmer,1988,South Atlantic League,redington,REDT0287,Redington,Tom,,Sumter,,,,,
palmer,1988,South Atlantic League,reeder,REEM0186,Reeder,Mike,,Charleston WV,,,,,
palmer,1988,South Atlantic League,reichle,REID0187,Reichle,Darrin,,Charleston SC,,,,,
palmer,1988,South Atlantic League,reilley,REIJ0187,Reilley,John,,Sumter,,,,,
palmer,1988,South Atlantic League,reitzel,REIM0188,Reitzel,Mike,,Gastonia,,,,,
palmer,1988,South Atlantic League,relaford,RELW0188,Relaford,Win,,Sumter,,,,,
palmer,1988,South Atlantic League,renteria,RENE0185,Renteria,Ed,,Asheville,,,,,
palmer,1988,South Atlantic League,richards,RICD0287,Richards,Dave,,Fayetteville,,,,,
palmer,1988,South Atlantic League,richardson,RICR0188,Richardson,Keith,,Augusta,,,,,
palmer,1988,South Atlantic League,rickman,RICJ0188,Rickman,Andy,,Greensboro,,,,,
palmer,1988,South Atlantic League,risley,RISW0187,Risley,Bill,,Greensboro,,,,,
palmer,1988,South Atlantic League,rivera,RIVB0187,Rivera,Ben,,Sumter,,,,,
minoraverages/emilbb,1988,South Atlantic League,,M91607,Roberts,Mel,,Spartanburg,,,,,
minoraverages/emilbb,1988,South Atlantic League,,M91632,Roberts,Leon,,Fayetteville,,,,,
palmer,1988,South Atlantic League,robertson,ROBR0286,Robertson,Rod,,Spartanburg,,,,,
palmer,1988,South Atlantic League,robinson,ROBB0187,Robinson,Brad,,Greensboro,,,,,
palmer,1988,South Atlantic League,rockman,ROCM0187,Rockman,Marv,,Gastonia,,,,,
palmer,1988,South Atlantic League,rodriguez,RODR0187,Rodriguez,Rosario,,Greensboro,,,,,
palmer,1988,South Atlantic League,,ROGJ0187,Rogers,Jimmy,,Myrtle Beach,,,,,
palmer,1988,South Atlantic League,,ROGS0284,Rogers,Dusty,,Greensboro,,,,,
palmer,1988,South Atlantic League,rosado,ROSE0188,Rosado,Edwin,,Spartanburg,,,,,
palmer,1988,South Atlantic League,,ROSF0186,Rosario,Francisco,,Savannah,,,,,
palmer,1988,South Atlantic League,,ROSJ0187,Rosario,Jossy,,Charleston WV,,,,,
palmer,1988,South Atlantic League,roseboro,ROSJ0186,Roseboro,Jaime,,Columbia,,,,,
palmer,1988,South Atlantic League,ross,ROSM0188,Ross,Mike,,Savannah,,,,,
palmer,1988,South Atlantic League,royalty,ROYD0187,Royalty,Doug,,Asheville,,,,,
palmer,1988,South Atlantic League,ruckman,RUCS0186,Ruckman,Scott,,Spartanburg,,,,,
palmer,1988,South Atlantic League,runge,RUNS0186,Runge,Scott,,Augusta,,,,,
palmer,1988,South Atlantic League,russo,RUSA0187,Russo,Tony,,Savannah,,,,,
palmer,1988,South Atlantic League,sable,SABL0187,Sable,Luke,,Gastonia,,,,,
palmer,1988,South Atlantic League,saccomanno,SACJ0188,Saccomanno,Joe,,Sumter,,,,,
palmer,1988,South Atlantic League,sanchez,SANO0187,Sanchez,Osvaldo,,Charleston SC,,,,,
palmer,1988,South Atlantic League,santana,SANR0288,Santana,Reuben,,Charleston WV,,,,,
palmer,1988,South Atlantic League,schlopy,SCHC0186,Schlopy,Butch,,Augusta,,,,,
palmer,1988,South Atlantic League,schnurbusch,SCHC0187,Schnurbusch,Chris,,Fayetteville,,,,,
palmer,1988,South Atlantic League,schnurbusch,SCHC0187,Schnurbusch,Chris,,Greensboro,,,,,
palmer,1988,South Atlantic League,schulte,SCHJ0285,Schulte,Joe,,Asheville,,,,,
palmer,1988,South Atlantic League,sellick,SELJ0187,Sellick,John,,Savannah,,,,,
palmer,1988,South Atlantic League,shebelut,SHEL0188,Shebelut,Lance,,Fayetteville,,,,,
palmer,1988,South Atlantic League,,SHEB0187,Shelton,Ben,,Augusta,,,,,
palmer,1988,South Atlantic League,,SHEH0186,Shelton,Harry,,Charleston WV,,,,,
palmer,1988,South Atlantic League,shepherd,SHEK0186,Shepherd,Keith,,Augusta,,,,,
palmer,1988,South Atlantic League,sherrill,SHET0187,Sherrill,Tim,,Savannah,,,,,
palmer,1988,South Atlantic League,shiflett,SHIG0186,Shiflett,Chris,,Gastonia,,,,,
palmer,1988,South Atlantic League,siebert,SIER0284,Siebert,Rick,,Sumter,,,,,
palmer,1988,South Atlantic League,,SILF0184,Silverio,Francisco,,Greensboro,,,,,
palmer,1988,South Atlantic League,,SILN0185,Silverio,Nelson,,Charleston SC,,,,,
palmer,1988,South Atlantic League,silverstein,SILA0187,Silverstein,Allan,,Myrtle Beach,,,,,
palmer,1988,South Atlantic League,simon,SIMR0386,Simon,Richie,,Asheville,,,,,
palmer,1988,South Atlantic League,sipple,SIPJ0188,Sipple,John,,Gastonia,,,,,
palmer,1988,South Atlantic League,,SMIJ0385,Smith,Jack,,Greensboro,,,,,
palmer,1988,South Atlantic League,,SMIK0187,Smith,Ken,,Savannah,,,,,
palmer,1988,South Atlantic League,,SMIW0186,Smith,Willie,,Augusta,,,,,
palmer,1988,South Atlantic League,sojo,SOJL0187,Sojo,Luis,,Myrtle Beach,,,,,
palmer,1988,South Atlantic League,soltero,SOLS0187,Soltero,Saul,,Charleston SC,,,,,
palmer,1988,South Atlantic League,spoolstra,SPOS0187,Spoolstra,Scott,,Columbia,,,,,
palmer,1988,South Atlantic League,stading,STAG0184,Stading,Greg,,Greensboro,,,,,
palmer,1988,South Atlantic League,stark,STAJ0186,Stark,Jeff,,Spartanburg,,,,,
palmer,1988,South Atlantic League,steiner,STEB0187,Steiner,Brian,,Gastonia,,,,,
palmer,1988,South Atlantic League,steward,STEC0187,Steward,Charles,,Fayetteville,,,,,
palmer,1988,South Atlantic League,stone,STOE0188,Stone,Eric,,Fayetteville,,,,,
palmer,1988,South Atlantic League,strickland,STRR0185,Strickland,Bob,,Charleston WV,,,,,
palmer,1988,South Atlantic League,strong,STRS0187,Strong,Steve,,Fayetteville,,,,,
palmer,1988,South Atlantic League,stuart,STUR0186,Stuart,Rob,,Sumter,,,,,
palmer,1988,South Atlantic League,suero,SUEW0186,Suero,William,,Myrtle Beach,,,,,
palmer,1988,South Atlantic League,tafoya,TAFD0187,Tafoya,Dennis,,Asheville,,,,,
palmer,1988,South Atlantic League,taubensee,TAUE0186,Taubensee,Eddie,,Greensboro,,,,,
palmer,1988,South Atlantic League,taveras,TAVM0188,Taveras,Marcos,,Myrtle Beach,,,,,
palmer,1988,South Atlantic League,,TAYA0186,Taylor,Andy,,Savannah,,,,,
palmer,1988,South Atlantic League,,TAYD0187,Taylor,Mike,,Gastonia,,,,,
palmer,1988,South Atlantic League,,TAYS0187,Taylor,Scott,,Charleston WV,,,,,
palmer,1988,South Atlantic League,,THOK0186,Thomas,Keith,,Greensboro,,,,,
palmer,1988,South Atlantic League,,THOR0187,Thomas,Royal,,Spartanburg,,,,,
palmer,1988,South Atlantic League,,THOT0186,Thomas,Orlando,,Savannah,,,,,
palmer,1988,South Atlantic League,timlin,TIMM0187,Timlin,Mike,,Myrtle Beach,,,,,
palmer,1988,South Atlantic League,toney,TONA0187,Toney,Andy,,Fayetteville,,,,,
palmer,1988,South Atlantic League,torchia,TORT0187,Torchia,Todd,,Charleston SC,,,,,
palmer,1988,South Atlantic League,towey,TOWS0186,Towey,Steve,,Myrtle Beach,,,,,
palmer,1988,South Atlantic League,townley,TOWJ0187,Townley,Jason,,Myrtle Beach,,,,,
palmer,1988,South Atlantic League,toy,TOYT0186,Toy,Tracy,,Augusta,,,,,
palmer,1988,South Atlantic League,tracy,TRAR0188,Tracy,Richard,,Spartanburg,,,,,
palmer,1988,South Atlantic League,trevino,TREA0187,Trevino,Tony,,Spartanburg,,,,,
minoraverages/emilbb,1988,South Atlantic League,tuck,M91610,Tuck,Gary,,Asheville,,,,,
palmer,1988,South Atlantic League,turek,TURJ0187,Turek,Joe,,Greensboro,,,,,
palmer,1988,South Atlantic League,turner,TURW0186,Turner,Matt,,Sumter,,,,,
palmer,1988,South Atlantic League,turtletaub,TURG0187,Turtletaub,Greg,,Columbia,,,,,
palmer,1988,South Atlantic League,valdez,VALR0186,Valdez,Rafael,,Charleston SC,,,,,
palmer,1988,South Atlantic League,valencia,VALJ0188,Valencia,Jose,,Sumter,,,,,
palmer,1988,South Atlantic League,valentin,VALJ0187,Valentin,Jose,,Charleston SC,,,,,
palmer,1988,South Atlantic League,valera,VALJ0186,Valera,Julio,,Columbia,,,,,
palmer,1988,South Atlantic League,valverde,VALM0285,Valverde,Miguel,,Augusta,,,,,
palmer,1988,South Atlantic League,vasquez,VASM0187,Vasquez,Marcos,,Sumter,,,,,
palmer,1988,South Atlantic League,vatcher,VATJ0187,Vatcher,Jim,,Spartanburg,,,,,
palmer,1988,South Atlantic League,velasquez,VELG0187,Velasquez,Guillermo,,Charleston SC,,,,,
palmer,1988,South Atlantic League,velez,VELJ0186,Velez,Jose,,Gastonia,,,,,
palmer,1988,South Atlantic League,velky,VELJ0188,Velky,Joseph,,Augusta,,,,,
palmer,1988,South Atlantic League,vella,VELG0287,Vella,Greg,,Myrtle Beach,,,,,
palmer,1988,South Atlantic League,vierra,VIEJ0187,Vierra,Joey,,Greensboro,,,,,
palmer,1988,South Atlantic League,walbeck,WALM0287,Walbeck,Matt,,Charleston WV,,,,,
palmer,1988,South Atlantic League,wapnick,WAPS0187,Wapnick,Steve,,Myrtle Beach,,,,,
palmer,1988,South Atlantic League,wasem,WASJ0184,Wasem,Jim,,Charleston SC,,,,,
palmer,1988,South Atlantic League,waznik,WAZA0187,Waznik,Allan,,Sumter,,,,,
palmer,1988,South Atlantic League,wentz,WENB0188,Wentz,Brad,,Charleston WV,,,,,
palmer,1988,South Atlantic League,west,WESD0188,West,Darin,,Augusta,,,,,
palmer,1988,South Atlantic League,white,WHIG0187,White,Gary,,Spartanburg,,,,,
palmer,1988,South Atlantic League,whitlock,WHIM0187,Whitlock,Mike,,Columbia,,,,,
palmer,1988,South Atlantic League,wilkins,WILM0287,Wilkins,Mike,,Fayetteville,,,,,
palmer,1988,South Atlantic League,wilkinson,WILS0187,Wilkinson,Spencer,,Gastonia,,,,,
palmer,1988,South Atlantic League,williams,WILT0187,Williams,Teddy,,Sumter,,,,,
palmer,1988,South Atlantic League,woide,WOIS0187,Woide,Steve,,Myrtle Beach,,,,,
palmer,1988,South Atlantic League,wolfer,WOLJ0187,Wolfer,Jim,,Greensboro,,,,,
palmer,1988,South Atlantic League,wright,WRIW0187,Wright,Skipper,,Sumter,,,,,
palmer,1988,South Atlantic League,wurm,WURG0188,Wurm,Garry,,Augusta,,,,,
minoraverages/emilbb,1988,South Atlantic League,yost,M91725,Yost,Ned,,Sumter,,,,,
palmer,1988,South Atlantic League,,YOUJ0187,Young,John,,Augusta,,,,,
palmer,1988,South Atlantic League,,YOUM0187,Young,Mark,,Myrtle Beach,,,,,
palmer,1988,South Atlantic League,zayas,ZAYC0185,Zayas,Carlos,,Spartanburg,,,,,
palmer,1988,South Atlantic League,ziegler,ZIEG0187,Ziegler,Greg,,Sumter,,,,,
