source,league.year,league.name,ident,person.ref,person.name.last,person.name.given,S_STINT,entry.name,S_FIRST,S_LAST,B_G,P_G,pos
palmer,1988,Florida State League,abbott,ABBJ0185,Abbott,John,,Winter Haven,,,,,
palmer,1988,Florida State League,abril,ABRE0184,Abril,Odie,,Winter Haven,,,,,
palmer,1988,Florida State League,acta,ACTM0187,Acta,Manuel,,Osceola,,,,,
palmer,1988,Florida State League,adames,ADAH0187,Adames,Hernan,,Tampa,,,,,
palmer,1988,Florida State League,,ADAJ0187,Adams,Bud,,Baseball City,,,,,
palmer,1988,Florida State League,,ADAK0186,Adams,Ken,,Baseball City,,,,,
palmer,1988,Florida State League,,ADAP0184,Adams,Pat,,West Palm Beach,,,,,
palmer,1988,Florida State League,aguilera,AGUR0184,Aguilera,Rick,,St. Lucie,,,,,
palmer,1988,Florida State League,alcala,ALCJ0185,Alcala,Julio,,Baseball City,,,,,
palmer,1988,Florida State League,aldred,ALDS0187,Aldred,Scott,,Lakeland,,,,,
palmer,1988,Florida State League,alexander,ALEJ0187,Alexander,Jon,,Baseball City,,,,,
palmer,1988,Florida State League,allen,ALLN0187,Allen,Neil,,Fort Lauderdale,,,,,
palmer,1988,Florida State League,allison,ALLJ0187,Allison,Jeff,,Miami,,,,,
minoraverages/emilbb,1988,Florida State League,,M91120,Alou,Felipe,,West Palm Beach,,,,,
palmer,1988,Florida State League,,ALOJ0187,Alou,Jose,,West Palm Beach,,,,,
palmer,1988,Florida State League,anderson,ANDM0185,Anderson,Mike,,St. Lucie,,,,,
palmer,1988,Florida State League,andujar,ANDJ0288,Andujar,Joaquin,,Osceola,,,,,
palmer,1988,Florida State League,anglero,ANGJ0186,Anglero,Jose,,Baseball City,,,,,
palmer,1988,Florida State League,appier,APPR0187,Appier,Kevin,,Baseball City,,,,,
palmer,1988,Florida State League,arendas,ARED0186,Arendas,Dan,,Fort Lauderdale,,,,,
palmer,1988,Florida State League,asadoor,ASAR0184,Asadoor,Randy,,Charlotte,,,,,
palmer,1988,Florida State League,august,AUGS0186,August,Sam,,Osceola,,,,,
minoraverages/emilbb,1988,Florida State League,ault,M91185,Ault,Doug,,Dunedin,,,,,
palmer,1988,Florida State League,baham,BAHL0185,Baham,Leon,,Tampa,,,,,
palmer,1988,Florida State League,bailey,BAIB0184,Bailey,Brandon,,St. Lucie,,,,,
palmer,1988,Florida State League,baker,BAKM0186,Baker,Mike,,Winter Haven,,,,,
palmer,1988,Florida State League,balabon,BALA0185,Balabon,Rick,,Fort Lauderdale,,,,,
palmer,1988,Florida State League,balch,BALK0188,Balch,Kyle,,Baseball City,,,,,
palmer,1988,Florida State League,baldwin,BALJ0185,Baldwin,Jeff,,Osceola,,,,,
palmer,1988,Florida State League,balfanz,BALJ0187,Balfanz,John,,St. Petersburg,,,,,
palmer,1988,Florida State League,balthazar,BALD0185,Balthazar,Doyle,,Lakeland,,,,,
palmer,1988,Florida State League,barefoot,BARM0188,Barefoot,Mike,,Miami,,,,,
palmer,1988,Florida State League,bates,BATS0187,Bates,Steve,,Clearwater,,,,,
palmer,1988,Florida State League,batesole,BATM0185,Batesole,Mike,,Vero Beach,,,,,
palmer,1988,Florida State League,bayer,BAYC0185,Bayer,Chris,,St. Lucie,,,,,
palmer,1988,Florida State League,becker,BECT0186,Becker,Tim,,Fort Lauderdale,,,,,
palmer,1988,Florida State League,beltre,BELE0184,Beltre,Esteban,,West Palm Beach,,,,,
palmer,1988,Florida State League,benitez,BENM0184,Benitez,Manuel,,Vero Beach,,,,,
palmer,1988,Florida State League,bennett,BEND0186,Bennett,Chris,,West Palm Beach,,,,,
palmer,1988,Florida State League,berman,BERG0186,Berman,Gary,,Clearwater,,,,,
palmer,1988,Florida State League,bernardo,BERR0186,Bernardo,Rick,,Charlotte,,,,,
palmer,1988,Florida State League,berry,BERS0186,Berry,Sean,,Baseball City,,,,,
palmer,1988,Florida State League,berube,BERG0286,Berube,Luc,,Fort Lauderdale,,,,,
palmer,1988,Florida State League,beyeler,BEYA0186,Beyeler,Arnie,,Lakeland,,,,,
minoraverages/emilbb,1988,Florida State League,bialas,M91173,Bialas,Dave,,St. Petersburg,,,,,
palmer,1988,Florida State League,billmeyer,BILM0185,Billmeyer,Mick,,Miami,,,,,
palmer,1988,Florida State League,billmeyer,BILM0185,Billmeyer,Mick,,Charlotte,,,,,
palmer,1988,Florida State League,bishop,BIST0187,Bishop,Tim,,Fort Lauderdale,,,,,
palmer,1988,Florida State League,blair,BLAW0186,Blair,Willie,,Dunedin,,,,,
palmer,1988,Florida State League,blum,BLUB0185,Blum,Brent,,Fort Lauderdale,,,,,
minoraverages/emilbb,1988,Florida State League,bodie,M91200,Bodie,Keith,,Osceola,,,,,
palmer,1988,Florida State League,bogar,BOGT0187,Bogar,Tim,,St. Lucie,,,,,
palmer,1988,Florida State League,bohanon,BOHB0187,Bohanon,Brian,,Charlotte,,,,,
palmer,1988,Florida State League,boling,BOLJ0184,Boling,John,,Tampa,,,,,
palmer,1988,Florida State League,bond,BOND0186,Bond,Daven,,Osceola,,,,,
palmer,1988,Florida State League,bottenfield,BOTK0286,Bottenfield,Kent,,West Palm Beach,,,,,
palmer,1988,Florida State League,bourne,BOUK0186,Bourne,Ken,,Winter Haven,,,,,
palmer,1988,Florida State League,bowen,BOWR0187,Bowen,Ryan,,Osceola,,,,,
palmer,1988,Florida State League,boyd,BOYD0186,Boyd,Daryl,,West Palm Beach,,,,,
palmer,1988,Florida State League,brantley,BRAC0186,Brantley,Cliff,,Clearwater,,,,,
palmer,1988,Florida State League,brevell,BRER0185,Brevell,Bubba,,Miami,,,,,
palmer,1988,Florida State League,brewer,BREO0187,Brewer,Omar,,Charlotte,,,,,
palmer,1988,Florida State League,bridges,BRIA0186,Bridges,Tony,,Baseball City,,,,,
palmer,1988,Florida State League,brill,BRIT0187,Brill,Todd,,Fort Lauderdale,,,,,
palmer,1988,Florida State League,britt,BRIR0187,Britt,Bob,,Clearwater,,,,,
palmer,1988,Florida State League,broadfoot,BROS0187,Broadfoot,Scott,,St. Petersburg,,,,,
palmer,1988,Florida State League,,BROK0285,Brown,Kurt,,Tampa,,,,,
palmer,1988,Florida State League,,BROK0386,Brown,Kevin,,St. Lucie,,,,,
palmer,1988,Florida State League,,BROR0186,Brown,Rick,,St. Lucie,,,,,
palmer,1988,Florida State League,browning,BROM0184,Browning,Mike,,Miami,,,,,
palmer,1988,Florida State League,brumfield,BRUH0186,Brumfield,Harvey,,Clearwater,,,,,
palmer,1988,Florida State League,brunelle,BRUR0185,Brunelle,Rod,,Clearwater,,,,,
palmer,1988,Florida State League,bryant,BRYP0187,Bryant,Phil,,Charlotte,,,,,
palmer,1988,Florida State League,burgo,BURD0288,Burgo,Dale,,Winter Haven,,,,,
palmer,1988,Florida State League,,BURE0284,Burgos,Enrique,,Dunedin,,,,,
palmer,1988,Florida State League,,BURF0185,Burgos,Francisco,,Charlotte,,,,,
palmer,1988,Florida State League,bustamante,BUSR0187,Bustamante,Rafael,,Clearwater,,,,,
palmer,1988,Florida State League,butcher,BUTM0186,Butcher,Mike,,Baseball City,,,,,
palmer,1988,Florida State League,,CABB0186,Cabrera,Basilio,,Lakeland,,,,,
palmer,1988,Florida State League,,CABF0186,Cabrera,Francisco,,Dunedin,,,,,
palmer,1988,Florida State League,caceres,CACE0184,Caceres,Edgar,,Tampa,,,,,
palmer,1988,Florida State League,callas,CALP0185,Callas,Pete,,Clearwater,,,,,
palmer,1988,Florida State League,,CALA0185,Calvert,Art,,Fort Lauderdale,,,,,
palmer,1988,Florida State League,,CALK0184,Calvert,Chris,,Clearwater,,,,,
minoraverages/emilbb,1988,Florida State League,,M91237,Camilli,Doug,,Winter Haven,,,,,
palmer,1988,Florida State League,,CAMK0184,Camilli,Kevin,,Lakeland,,,,,
palmer,1988,Florida State League,campbell,CAMK0186,Campbell,Kevin,,Vero Beach,,,,,
palmer,1988,Florida State League,campos,CAMR0188,Campos,Rafael,,Osceola,,,,,
palmer,1988,Florida State League,cangemi,CANJ0186,Cangemi,James,,Miami,,,,,
palmer,1988,Florida State League,caraballo,CARR0184,Caraballo,Ramon,,Clearwater,,,,,
palmer,1988,Florida State League,carter,CARD0284,Carter,Dennis,,St. Petersburg,,,,,
palmer,1988,Florida State League,cash,CAST0284,Cash,Earl,,Vero Beach,,,,,
palmer,1988,Florida State League,,CASA0284,Castillo,Tony,,Dunedin,,,,,
palmer,1988,Florida State League,,CASB0187,Castillo,Braulio,,Vero Beach,,,,,
palmer,1988,Florida State League,,CASF0186,Castillo,Felipe,,Charlotte,,,,,
palmer,1988,Florida State League,cauley,CAUC0187,Cauley,Chris,,Tampa,,,,,
palmer,1988,Florida State League,cavalier,CAVK0187,Cavalier,Kevin,,West Palm Beach,,,,,
palmer,1988,Florida State League,chapin,CHAD0186,Chapin,Darrin,,Fort Lauderdale,,,,,
palmer,1988,Florida State League,christopher,CHRF0186,Christopher,Fred,,Clearwater,,,,,
palmer,1988,Florida State League,cina,CINR0188,Cina,Randy,,Winter Haven,,,,,
palmer,1988,Florida State League,cinnella,CIND0186,Cinnella,Doug,,West Palm Beach,,,,,
palmer,1988,Florida State League,,CLAD0185,Clark,Dave,,Miami,,,,,
palmer,1988,Florida State League,,CLAD0187,Clark,Dera,,Baseball City,,,,,
palmer,1988,Florida State League,,CLAG0187,Clark,Garry,,Clearwater,,,,,
palmer,1988,Florida State League,,CLAP0186,Clark,Phil,,Lakeland,,,,,
palmer,1988,Florida State League,clayton,CLAR0187,Clayton,Royal,,Fort Lauderdale,,,,,
palmer,1988,Florida State League,clemo,CLEC0186,Clemo,Scott,,West Palm Beach,,,,,
palmer,1988,Florida State League,,COLS0287,Cole,Stu,,Baseball City,,,,,
palmer,1988,Florida State League,,COLV0188,Cole,Victor,,Baseball City,,,,,
palmer,1988,Florida State League,collins,COLA0184,Collins,Al,,West Palm Beach,,,,,
palmer,1988,Florida State League,conde,CONH0187,Conde,Hector,,Baseball City,,,,,
palmer,1988,Florida State League,conine,CONJ0288,Conine,Jeff,,Baseball City,,,,,
palmer,1988,Florida State League,cortes,CORA0185,Cortes,Argenis,,Tampa,,,,,
palmer,1988,Florida State League,cotto,COTH0188,Cotto,Hector,,Miami,,,,,
palmer,1988,Florida State League,cox,COXC0185,Cox,Doug,,Vero Beach,,,,,
palmer,1988,Florida State League,credeur,CRET0186,Credeur,Todd,,Osceola,,,,,
palmer,1988,Florida State League,crofton,CROK0186,Crofton,Kevin,,Fort Lauderdale,,,,,
palmer,1988,Florida State League,crosby,CROT0186,Crosby,Todd,,Clearwater,,,,,
palmer,1988,Florida State League,cunningham,CUNJ0184,Cunningham,Joe,,St. Petersburg,,,,,
palmer,1988,Florida State League,cuyler,CUYM0186,Cuyler,Milt,,Lakeland,,,,,
palmer,1988,Florida State League,dacosta,DACW0187,Dacosta,Bill,,Fort Lauderdale,,,,,
palmer,1988,Florida State League,daniels,DANJ0187,Daniels,Jerry,,St. Petersburg,,,,,
palmer,1988,Florida State League,dantzler,DANS0184,Dantzler,Shawn,,Clearwater,,,,,
palmer,1988,Florida State League,darretta,DARD0184,Darretta,Dave,,Dunedin,,,,,
palmer,1988,Florida State League,,DAVB0287,Davis,Brian,,Tampa,,,,,
palmer,1988,Florida State League,,DAVT0185,Davis,Wayne,,Dunedin,,,,,
palmer,1988,Florida State League,decillis,DECD0187,Decillis,Dean,,Lakeland,,,,,
palmer,1988,Florida State League,degifico,DEGV0187,Degifico,Vinnie,,Winter Haven,,,,,
palmer,1988,Florida State League,deiley,DEIL0186,Deiley,Lou,,Osceola,,,,,
palmer,1988,Florida State League,deleon,DELP0284,Deleon,Pedro,,Osceola,,,,,
palmer,1988,Florida State League,deluca,DELK0185,Deluca,Kurt,,St. Lucie,,,,,
palmer,1988,Florida State League,demerit,DEMT0187,Demerit,Tom,,Vero Beach,,,,,
palmer,1988,Florida State League,dempsay,DEMA0185,Dempsay,Adam,,Lakeland,,,,,
palmer,1988,Florida State League,depastino,DEPR0186,Depastino,Rich,,Dunedin,,,,,
palmer,1988,Florida State League,devine,DEVK0185,Devine,Kevin,,Vero Beach,,,,,
palmer,1988,Florida State League,devlin,DEVR0184,Devlin,Bob,,West Palm Beach,,,,,
palmer,1988,Florida State League,deyoung,DEYR0187,Deyoung,Rob,,West Palm Beach,,,,,
palmer,1988,Florida State League,,DIAA0187,Diaz,Alex,,St. Lucie,,,,,
palmer,1988,Florida State League,,DIAC0186,Diaz,Carlos,,Dunedin,,,,,
palmer,1988,Florida State League,,DIAJ0284,Diaz,Jose,,Dunedin,,,,,
palmer,1988,Florida State League,,DIAJ0387,Diaz,Johnny,,Winter Haven,,,,,
palmer,1988,Florida State League,,DIAS0184,Diaz,Tony,,Miami,,,,,
palmer,1988,Florida State League,dickerson,DICB0187,Dickerson,Bobby,,Fort Lauderdale,,,,,
palmer,1988,Florida State League,diez,DIES0184,Diez,Scott,,Miami,,,,,
palmer,1988,Florida State League,diez,DIES0184,Diez,Scott,,West Palm Beach,,,,,
palmer,1988,Florida State League,dolan,DOLJ0187,Dolan,John,,Winter Haven,,,,,
palmer,1988,Florida State League,donnels,DONC0187,Donnels,Chris,,St. Lucie,,,,,
palmer,1988,Florida State League,dull,DULM0186,Dull,Mike,,West Palm Beach,,,,,
palmer,1988,Florida State League,edwards,EDWJ0384,Edwards,Jovon,,St. Lucie,,,,,
palmer,1988,Florida State League,ehrhard,EHRJ0187,Ehrhard,Rod,,Fort Lauderdale,,,,,
palmer,1988,Florida State League,elliot,ELLT0187,Elliot,Terry,,St. Petersburg,,,,,
palmer,1988,Florida State League,ellis,ELLR0185,Ellis,Rufus,,Charlotte,,,,,
palmer,1988,Florida State League,ellison,ELLP0188,Ellison,Paul,,Clearwater,,,,,
palmer,1988,Florida State League,erickson,ERIS0187,Erickson,Steve,,Fort Lauderdale,,,,,
palmer,1988,Florida State League,escalera,ESCC0185,Escalera,Carlos,,Baseball City,,,,,
palmer,1988,Florida State League,esteban,ESTF0186,Esteban,Felipe,,Vero Beach,,,,,
palmer,1988,Florida State League,estes,ESTJ0186,Estes,Joel,,Osceola,,,,,
palmer,1988,Florida State League,estevez,ESTJ0288,Estevez,Juan,,Lakeland,,,,,
palmer,1988,Florida State League,etzweiler,ETZD0187,Etzweiler,Dan,,Dunedin,,,,,
palmer,1988,Florida State League,eusebio,EUSR0185,Eusebio,Tony,,Osceola,,,,,
palmer,1988,Florida State League,evans,EVAR0188,Evans,Ray,,Miami,,,,,
palmer,1988,Florida State League,eveline,EVEW0184,Eveline,Bill,,Tampa,,,,,
palmer,1988,Florida State League,everson,EVEG0187,Everson,Chuck,,Lakeland,,,,,
palmer,1988,Florida State League,faccio,FACL0185,Faccio,Luis,,Fort Lauderdale,,,,,
palmer,1988,Florida State League,fagnano,FAGP0187,Fagnano,Phil,,Clearwater,,,,,
palmer,1988,Florida State League,fanizzi,FANW0188,Fanizzi,Bill,,Miami,,,,,
palmer,1988,Florida State League,faron,FARR0186,Faron,Bob,,St. Petersburg,,,,,
palmer,1988,Florida State League,farwell,FARF0185,Farwell,Fred,,West Palm Beach,,,,,
palmer,1988,Florida State League,fernandez,FERJ0287,Fernandez,Joey,,St. Petersburg,,,,,
palmer,1988,Florida State League,figueroa,FIGF0186,Figueroa,Fernando,,Fort Lauderdale,,,,,
palmer,1988,Florida State League,florence,FLOD0188,Florence,Don,,Winter Haven,,,,,
palmer,1988,Florida State League,floyd,FLOD0187,Floyd,D.J.,,Vero Beach,,,,,
minoraverages/emilbb,1988,Florida State League,foley,M91157,Foley,Marv,,Tampa,,,,,
palmer,1988,Florida State League,fontes,FONB0186,Fontes,Brad,,Charlotte,,,,,
palmer,1988,Florida State League,fortugno,FORT0186,Fortugno,Tim,,Clearwater,,,,,
palmer,1988,Florida State League,,FOSK0188,Foster,Kevin,,West Palm Beach,,,,,
palmer,1988,Florida State League,,FOSL0186,Foster,Lindsay,,Dunedin,,,,,
palmer,1988,Florida State League,,FOSP0186,Foster,Paul,,Lakeland,,,,,
palmer,1988,Florida State League,fox,FOXB0185,Fox,Blane,,Lakeland,,,,,
palmer,1988,Florida State League,frazier,FRAA0186,Frazier,Lou,,Osceola,,,,,
palmer,1988,Florida State League,freiling,FREH0187,Freiling,Howard,,Vero Beach,,,,,
palmer,1988,Florida State League,fynan,FYNW0188,Fynan,Kevin,,Clearwater,,,,,
palmer,1988,Florida State League,gaeta,GAEW0188,Gaeta,Bill,,Miami,,,,,
palmer,1988,Florida State League,galindo,GALL0187,Galindo,Luis,,Lakeland,,,,,
palmer,1988,Florida State League,,GARC0184,Garcia,Cornelio,,Tampa,,,,,
palmer,1988,Florida State League,,GARO0188,Garcia,Oscar,,Dunedin,,,,,
palmer,1988,Florida State League,garman,GARJ0287,Garman,Pat,,Charlotte,,,,,
palmer,1988,Florida State League,garner,GARD0285,Garner,Darrin,,Charlotte,,,,,
palmer,1988,Florida State League,gay,GAYS0185,Gay,Scottie,,Fort Lauderdale,,,,,
palmer,1988,Florida State League,gaylor,GAYR0186,Gaylor,Bobby,,West Palm Beach,,,,,
palmer,1988,Florida State League,gelatt,GELD0185,Gelatt,Dave,,St. Lucie,,,,,
palmer,1988,Florida State League,ging,GINA0185,Ging,Adam,,St. Lucie,,,,,
palmer,1988,Florida State League,giron,GIRY0186,Giron,Ysidro,,Miami,,,,,
palmer,1988,Florida State League,goff,GOFT0186,Goff,Tim,,Baseball City,,,,,
palmer,1988,Florida State League,gogolewski,GOGD0187,Gogolewski,Doug,,Fort Lauderdale,,,,,
palmer,1988,Florida State League,gohmann,GOHK0185,Gohmann,Ken,,Lakeland,,,,,
palmer,1988,Florida State League,,GONC0185,Gonzalez,Cliff,,Tampa,,,,,
palmer,1988,Florida State League,,GONC0285,Gonzalez,Carlos,,Baseball City,,,,,
palmer,1988,Florida State League,,GONE0186,Gonzalez,Eddie,,Vero Beach,,,,,
palmer,1988,Florida State League,,GONJ0386,Gonzalez,Juan,,Charlotte,,,,,
palmer,1988,Florida State League,,GONO0184,Gonzalez,Orlando,,Miami,,,,,
palmer,1988,Florida State League,goshay,GOSH0186,Goshay,Henry,,Vero Beach,,,,,
palmer,1988,Florida State League,green,GRET0184,Green,Terry,,St. Petersburg,,,,,
palmer,1988,Florida State League,greene,GREJ0286,Greene,Jeff,,Tampa,,,,,
palmer,1988,Florida State League,grimsley,GRIJ0185,Grimsley,Jason,,Clearwater,,,,,
palmer,1988,Florida State League,groom,GROW0187,Groom,Buddy,,Tampa,,,,,
palmer,1988,Florida State League,gross,GROK0187,Gross,Kip,,St. Lucie,,,,,
palmer,1988,Florida State League,grotewold,GROJ0287,Grotewold,Jeff,,Clearwater,,,,,
palmer,1988,Florida State League,grovom,GROC0186,Grovom,Carl,,Osceola,,,,,
palmer,1988,Florida State League,guidry,GUIR0186,Guidry,Ron,,Fort Lauderdale,,,,,
palmer,1988,Florida State League,gwinn,GWIJ0187,Gwinn,Tony,,Fort Lauderdale,,,,,
palmer,1988,Florida State League,haggerty,HAGR0186,Haggerty,Roger,,Winter Haven,,,,,
palmer,1988,Florida State League,hailey,HAIF0187,Hailey,Freddie,,Fort Lauderdale,,,,,
palmer,1988,Florida State League,,HALM0186,Hall,Darren,,Dunedin,,,,,
palmer,1988,Florida State League,,HALT0186,Hall,Todd,,Tampa,,,,,
palmer,1988,Florida State League,hamilton,HAMS0186,Hamilton,Scott,,St. Petersburg,,,,,
minoraverages/emilbb,1988,Florida State League,hamner,M91199,Hamner,Granny,,Clearwater,,,,,
palmer,1988,Florida State League,,HAND0186,Hansen,Dave,,Vero Beach,,,,,
palmer,1988,Florida State League,,HANM0287,Hansen,Mike,,Lakeland,,,,,
palmer,1988,Florida State League,,HANT0187,Hansen,Terrel,,West Palm Beach,,,,,
palmer,1988,Florida State League,harlan,HARD0387,Harlan,Dan,,Baseball City,,,,,
palmer,1988,Florida State League,,HARF0187,Harris,Frank,,Tampa,,,,,
palmer,1988,Florida State League,,HARR0187,Harris,Rusty,,Osceola,,,,,
palmer,1988,Florida State League,hartman,HARJ0185,Hartman,Jeff,,Vero Beach,,,,,
palmer,1988,Florida State League,haselman,HASW0187,Haselman,Bill,,Charlotte,,,,,
palmer,1988,Florida State League,hatfield,HATK0186,Hatfield,Rob,,Miami,,,,,
palmer,1988,Florida State League,hauradou,HAUY0185,Hauradou,Yanko,,Fort Lauderdale,,,,,
palmer,1988,Florida State League,hearn,HEAE0184,Hearn,Ed,,Baseball City,,,,,
palmer,1988,Florida State League,henika,HENR0384,Henika,Ron,,Lakeland,,,,,
palmer,1988,Florida State League,hennis,HENR0187,Hennis,Randy,,Osceola,,,,,
palmer,1988,Florida State League,hentgen,HENP0186,Hentgen,Pat,,Dunedin,,,,,
palmer,1988,Florida State League,hernandez,HERR0186,Hernandez,Rob,,St. Lucie,,,,,
palmer,1988,Florida State League,hershman,HERW0186,Hershman,Bill,,St. Petersburg,,,,,
palmer,1988,Florida State League,hewes,HEWP0186,Hewes,Pat,,St. Petersburg,,,,,
palmer,1988,Florida State League,,HILA0186,Hill,Tony,,Winter Haven,,,,,
palmer,1988,Florida State League,,HILD0284,Hill,Clay,,Miami,,,,,
palmer,1988,Florida State League,,HILS0284,Hill,Steve,,St. Petersburg,,,,,
palmer,1988,Florida State League,hinkle,HINR0187,Hinkle,Mike,,St. Petersburg,,,,,
palmer,1988,Florida State League,hithe,HITV0185,Hithe,Victor,,Osceola,,,,,
palmer,1988,Florida State League,hoffman,HOFH0185,Hoffman,Hunter,,Miami,,,,,
palmer,1988,Florida State League,hornacek,HORJ0184,Hornacek,Jay,,Miami,,,,,
palmer,1988,Florida State League,horsman,HORV0185,Horsman,Vince,,Dunedin,,,,,
palmer,1988,Florida State League,housie,HOUW0186,Housie,Wayne,,Lakeland,,,,,
palmer,1988,Florida State League,howes,HOWJ0186,Howes,John,,West Palm Beach,,,,,
palmer,1988,Florida State League,howey,HOWT0185,Howey,Todd,,Clearwater,,,,,
palmer,1988,Florida State League,,HUBJ0184,Hubbard,Jeff,,Charlotte,,,,,
palmer,1988,Florida State League,,HUBT0186,Hubbard,Trenidad,,Osceola,,,,,
palmer,1988,Florida State League,hudson,HUDK0184,Hudson,Lance,,Lakeland,,,,,
palmer,1988,Florida State League,huff,HUFM0186,Huff,Matt,,Miami,,,,,
palmer,1988,Florida State League,hufford,HUFS0184,Hufford,Scott,,Lakeland,,,,,
palmer,1988,Florida State League,humphries,HUMB0185,Humphries,Joe,,Vero Beach,,,,,
palmer,1988,Florida State League,hundley,HUNT0187,Hundley,Todd,,St. Lucie,,,,,
palmer,1988,Florida State League,,HUNB0185,Hunter,Bert,,Osceola,,,,,
palmer,1988,Florida State League,,HUNR0286,Hunter,Robert,,Fort Lauderdale,,,,,
minoraverages/emilbb,1988,Florida State League,hurdle,M91112,Hurdle,Clint,,St. Lucie,,,,,
palmer,1988,Florida State League,hursey,HURD0186,Hursey,Darren,,Lakeland,,,,,
palmer,1988,Florida State League,hurst,HURJ0187,Hurst,Jonathan,,Charlotte,,,,,
palmer,1988,Florida State League,iglesias,IGLL0184,Iglesias,Luis,,Clearwater,,,,,
palmer,1988,Florida State League,imes,IMER0187,Imes,Rod,,Fort Lauderdale,,,,,
palmer,1988,Florida State League,inagaki,INAS0187,Inagaki,Shoe,,Miami,,,,,
palmer,1988,Florida State League,infante,INFK0184,Infante,Kennedy,,Dunedin,,,,,
palmer,1988,Florida State League,ingram,INGR0188,Ingram,Riccardo,,Lakeland,,,,,
palmer,1988,Florida State League,intorcia,INTT0186,Intorcia,Trent,,Miami,,,,,
palmer,1988,Florida State League,isaac,ISAR0185,Isaac,Richard,,Lakeland,,,,,
palmer,1988,Florida State League,jacas,JACA0184,Jacas,Andre,,St. Lucie,,,,,
palmer,1988,Florida State League,jackson,JACR0286,Jackson,Kenny,,Baseball City,,,,,
palmer,1988,Florida State League,jacobson,JACN0186,Jacobson,Nels,,West Palm Beach,,,,,
palmer,1988,Florida State League,jaster,JASS0185,Jaster,Scott,,St. Lucie,,,,,
palmer,1988,Florida State League,jeter,JETS0185,Jeter,Shawn,,Dunedin,,,,,
palmer,1988,Florida State League,,JOHC0187,Johnson,Carl,,Vero Beach,,,,,
palmer,1988,Florida State League,,JOHD0184,Johnson,Dane,,Dunedin,,,,,
minoraverages/emilbb,1988,Florida State League,,M91161,Jones,Bobby,,Charlotte,,,,,
palmer,1988,Florida State League,,JONG0185,Jones,Geary,,St. Lucie,,,,,
palmer,1988,Florida State League,,JONM0184,Jones,Ross,,West Palm Beach,,,,,
palmer,1988,Florida State League,,JONM0185,Jones,Mike,,Dunedin,,,,,
palmer,1988,Florida State League,,JONT0184,Jones,Terry,,Baseball City,,,,,
palmer,1988,Florida State League,jundy,JUNL0184,Jundy,Lorin,,Baseball City,,,,,
palmer,1988,Florida State League,kamieniecki,KAMS0187,Kamieniecki,Scott,,Fort Lauderdale,,,,,
palmer,1988,Florida State League,kelly,KELM0187,Kelly,Mike,,Winter Haven,,,,,
palmer,1988,Florida State League,kesselmark,KESJ0186,Kesselmark,Joe,,Vero Beach,,,,,
palmer,1988,Florida State League,key,KEYJ0188,Key,Jimmy,,Dunedin,,,,,
palmer,1988,Florida State League,kida,KIDM0188,Kida,Masao,,Miami,,,,,
palmer,1988,Florida State League,kingwood,KINT0187,Kingwood,Tyrone,,West Palm Beach,,,,,
palmer,1988,Florida State League,kirkpatrick,KIRS0187,Kirkpatrick,Steve,,Clearwater,,,,,
palmer,1988,Florida State League,knackert,KNAB0187,Knackert,Brent,,Tampa,,,,,
palmer,1988,Florida State League,knox,KNOJ0184,Knox,Jeff,,Fort Lauderdale,,,,,
palmer,1988,Florida State League,knudsen,KNUK0188,Knudsen,Kurt,,Lakeland,,,,,
palmer,1988,Florida State League,koslofski,KOSK0184,Koslofski,Kevin,,Baseball City,,,,,
palmer,1988,Florida State League,kramer,KRAM0185,Kramer,Mark,,Charlotte,,,,,
palmer,1988,Florida State League,kraus,KRAR0186,Kraus,Ralph,,Fort Lauderdale,,,,,
palmer,1988,Florida State League,kuilan,KUIJ0184,Kuilan,Jorge,,Winter Haven,,,,,
palmer,1988,Florida State League,kutzler,KUTJ0187,Kutzler,Jerry,,Tampa,,,,,
palmer,1988,Florida State League,laboy,LABJ0184,Laboy,Jose,,Fort Lauderdale,,,,,
palmer,1988,Florida State League,lacko,LACR0186,Lacko,Rich,,Lakeland,,,,,
palmer,1988,Florida State League,lahrman,LAHT0184,Lahrman,Tom,,Tampa,,,,,
palmer,1988,Florida State League,lamle,LAMA0187,Lamle,Adam,,Charlotte,,,,,
palmer,1988,Florida State League,landry,LANH0288,Landry,Howard,,Winter Haven,,,,,
palmer,1988,Florida State League,lara,LARC0184,Lara,Crucito,,St. Petersburg,,,,,
palmer,1988,Florida State League,laseke,LASE0185,Laseke,Eric,,Winter Haven,,,,,
palmer,1988,Florida State League,latham,LATW0184,Latham,Bill,,St. Lucie,,,,,
palmer,1988,Florida State League,laureano,LAUF0186,Laureano,Frank,,Baseball City,,,,,
palmer,1988,Florida State League,lavender,LAVR0187,Lavender,Robert,,Charlotte,,,,,
palmer,1988,Florida State League,lawrence,LAWS0186,Lawrence,Scott,,St. Petersburg,,,,,
palmer,1988,Florida State League,leblanc,LEBL0187,Le Blanc,Richie,,Baseball City,,,,,
palmer,1988,Florida State League,lee,LEEM0185,Lee,Mark,,Lakeland,,,,,
palmer,1988,Florida State League,leon,LEOD0186,Leon,Danny,,West Palm Beach,,,,,
palmer,1988,Florida State League,liddell,LIDD0184,Liddell,Dave,,St. Lucie,,,,,
palmer,1988,Florida State League,limbach,LIMC0186,Limbach,Chris,,Clearwater,,,,,
palmer,1988,Florida State League,linton,LIND0187,Linton,Doug,,Dunedin,,,,,
minoraverages/emilbb,1988,Florida State League,lipon,M91221,Lipon,John,,Lakeland,,,,,
palmer,1988,Florida State League,livchak,LIVR0185,Livchak,Rob,,St. Petersburg,,,,,
palmer,1988,Florida State League,livernois,LIVD0185,Livernois,Derek,,Winter Haven,,,,,
palmer,1988,Florida State League,livesey,LIVJ0188,Livesey,Jeff,,Fort Lauderdale,,,,,
palmer,1988,Florida State League,livingstone,LIVS0188,Livingstone,Scott,,Lakeland,,,,,
palmer,1988,Florida State League,lono,LONJ0184,Lono,Joel,,Miami,,,,,
palmer,1988,Florida State League,loy,LOYJ0184,Loy,Darren,,Charlotte,,,,,
palmer,1988,Florida State League,,LYND0187,Lynch,Dave,,Charlotte,,,,,
palmer,1988,Florida State League,,LYNE0186,Lynch,Ed,,Miami,,,,,
palmer,1988,Florida State League,maasberg,MAAG0187,Maasberg,Gary,,Clearwater,,,,,
palmer,1988,Florida State League,machado,MACJ0185,Machado,Julio,,Clearwater,,,,,
palmer,1988,Florida State League,mack,MACQ0187,Mack,Quinn,,West Palm Beach,,,,,
palmer,1988,Florida State League,maclin,MACL0187,Maclin,Lonnie,,St. Petersburg,,,,,
palmer,1988,Florida State League,magnante,MAGM0188,Magnante,Mike,,Baseball City,,,,,
palmer,1988,Florida State League,maksudian,MAKM0187,Maksudian,Mike,,Tampa,,,,,
palmer,1988,Florida State League,maksudian,MAKM0187,Maksudian,Mike,,St. Lucie,,,,,
palmer,1988,Florida State League,,MALC0286,Maldonado,Carlos,,Baseball City,,,,,
palmer,1988,Florida State League,,MALP0186,Maldonado,Pete,,Clearwater,,,,,
palmer,1988,Florida State League,malloy,MALR0287,Malloy,Bob,,Charlotte,,,,,
palmer,1988,Florida State League,mangham,MANE0186,Mangham,Eric,,Vero Beach,,,,,
palmer,1988,Florida State League,mann,MANW0185,Mann,Scott,,West Palm Beach,,,,,
palmer,1988,Florida State League,mann,MANW0185,Mann,Scott,,St. Petersburg,,,,,
palmer,1988,Florida State League,manon,MANR0186,Manon,Ramon,,Fort Lauderdale,,,,,
palmer,1988,Florida State League,mantrana,MANM0286,Mantrana,Manny,,St. Lucie,,,,,
palmer,1988,Florida State League,manuel,MANB0187,Manuel,Barry,,Charlotte,,,,,
palmer,1988,Florida State League,manzanillo,MANR0284,Manzanillo,Ravelo,,Tampa,,,,,
palmer,1988,Florida State League,marigny,MARR0286,Marigny,Ron,,Lakeland,,,,,
palmer,1988,Florida State League,marino,MARJ0186,Marino,John,,West Palm Beach,,,,,
palmer,1988,Florida State League,marris,MARM0286,Marris,Mark,,Fort Lauderdale,,,,,
palmer,1988,Florida State League,marte,MARA0484,Marte,Alex,,Charlotte,,,,,
palmer,1988,Florida State League,,MARM0187,Martin,Mark,,Fort Lauderdale,,,,,
palmer,1988,Florida State League,,MARN0184,Martin,Norberto,,Tampa,,,,,
palmer,1988,Florida State League,,MARA0187,Martinez,Louis,,Vero Beach,,,,,
palmer,1988,Florida State League,,MARG0287,Martinez,Gil,,Winter Haven,,,,,
palmer,1988,Florida State League,,MARJ0385,Martinez,Julian,,St. Petersburg,,,,,
palmer,1988,Florida State League,,MARN0187,Martinez,Nicio,,Clearwater,,,,,
palmer,1988,Florida State League,,MARR0285,Martinez,Ricardo,,Miami,,,,,
palmer,1988,Florida State League,mason,MASR0187,Mason,Robbie,,West Palm Beach,,,,,
palmer,1988,Florida State League,mathews,MATT0187,Mathews,Terry,,Charlotte,,,,,
palmer,1988,Florida State League,mauch,MAUT0184,Mauch,Tom,,St. Petersburg,,,,,
palmer,1988,Florida State League,maxey,MAXK0187,Maxey,Kevin,,St. Petersburg,,,,,
palmer,1988,Florida State League,mayberry,MAYG0184,Mayberry,Greg,,Vero Beach,,,,,
palmer,1988,Florida State League,mays,MAYJ0185,Mays,Jeff,,Charlotte,,,,,
palmer,1988,Florida State League,mccall,MCCR0185,McCall,Trey,,Clearwater,,,,,
palmer,1988,Florida State League,mcclure,MCCL0186,McClure,Todd,,Osceola,,,,,
palmer,1988,Florida State League,mcdaniel,MCDT0286,McDAniel,Terry,,St. Lucie,,,,,
palmer,1988,Florida State League,mcelroy,MCEG0186,McElroy,Glen,,Dunedin,,,,,
palmer,1988,Florida State League,mcgowan,MCGD0185,McGowan,Donnie,,Winter Haven,,,,,
palmer,1988,Florida State League,mchugh,MCHS0186,McHugh,Scott,,Miami,,,,,
palmer,1988,Florida State League,mcmillan,MCML0184,McMillan,Tim,,Miami,,,,,
palmer,1988,Florida State League,mcrae,MCRB0185,McRAe,Brian,,Baseball City,,,,,
palmer,1988,Florida State League,mehrtens,MEHP0188,Mehrtens,Pat,,Tampa,,,,,
palmer,1988,Florida State League,meizoso,MEIA0186,Meizoso,Gus,,St. Lucie,,,,,
palmer,1988,Florida State League,melisauskas,MELT0187,Melisauskas,Todd,,Dunedin,,,,,
palmer,1988,Florida State League,melvin,MELS0185,Melvin,Scott,,St. Petersburg,,,,,
palmer,1988,Florida State League,miguel,MIGT0186,Miguel,Tamares,,Vero Beach,,,,,
palmer,1988,Florida State League,milholland,MILE0185,Milholland,Eric,,Tampa,,,,,
palmer,1988,Florida State League,,MILM0187,Miller,Mike,,St. Lucie,,,,,
palmer,1988,Florida State League,,MILO0188,Miller,Orlando,,Fort Lauderdale,,,,,
palmer,1988,Florida State League,milstien,MILD0286,Milstien,Dave,,Winter Haven,,,,,
palmer,1988,Florida State League,mitchell,MITM0187,Mitchell,Mark,,Fort Lauderdale,,,,,
palmer,1988,Florida State League,mmahat,MMAK0187,Mmahat,Kevin,,Fort Lauderdale,,,,,
palmer,1988,Florida State League,monegro,MONM0187,Monegro,Miguel,,Winter Haven,,,,,
palmer,1988,Florida State League,monell,MONJ0185,Monell,Johnny,,St. Lucie,,,,,
palmer,1988,Florida State League,mons,MONJ0187,Mons,Jeff,,Vero Beach,,,,,
palmer,1988,Florida State League,moore,MOOR0187,Moore,Bobby,,Baseball City,,,,,
palmer,1988,Florida State League,morales,MORW0187,Morales,William,,Fort Lauderdale,,,,,
palmer,1988,Florida State League,morhardt,MORG0184,Morhardt,Greg,,Lakeland,,,,,
palmer,1988,Florida State League,,MORA0187,Morrison,Red,,Fort Lauderdale,,,,,
palmer,1988,Florida State League,,MORB0184,Morrison,Brian,,Miami,,,,,
palmer,1988,Florida State League,morse,MORS0186,Morse,Scott,,Charlotte,,,,,
palmer,1988,Florida State League,mosley,MOSA0187,Mosley,Tony,,Winter Haven,,,,,
palmer,1988,Florida State League,mumaw,MUMS0185,Mumaw,Steve,,Dunedin,,,,,
palmer,1988,Florida State League,,MUNL0188,Munoz,Luis,,Winter Haven,,,,,
palmer,1988,Florida State League,,MUNO0185,Munoz,Omer,,West Palm Beach,,,,,
palmer,1988,Florida State League,,MUNP0185,Munoz,Pedro,,Dunedin,,,,,
palmer,1988,Florida State League,muratti,MURR0186,Muratti,Rafael,,Miami,,,,,
palmer,1988,Florida State League,murdock,MURK0187,Murdock,Kevin,,Tampa,,,,,
palmer,1988,Florida State League,murphy,MURG0185,Murphy,Gary,,Osceola,,,,,
palmer,1988,Florida State League,musselman,MUSJ0185,Musselman,Jeff,,Dunedin,,,,,
palmer,1988,Florida State League,mustari,MUSF0187,Mustari,Frank,,Vero Beach,,,,,
palmer,1988,Florida State League,myres,MYRD0187,Myres,Doug,,St. Lucie,,,,,
palmer,1988,Florida State League,naehring,NAET0188,Naehring,Tim,,Winter Haven,,,,,
palmer,1988,Florida State League,nago,NAGG0184,Nago,Garret,,West Palm Beach,,,,,
palmer,1988,Florida State League,natal,NATR0187,Natal,Bob,,West Palm Beach,,,,,
palmer,1988,Florida State League,nelson,NELD0187,Nelson,Darren,,St. Petersburg,,,,,
palmer,1988,Florida State League,newcomb,NEWJ0187,Newcomb,Joe,,Dunedin,,,,,
palmer,1988,Florida State League,nicholson,NICK0184,Nicholson,Keith,,Lakeland,,,,,
palmer,1988,Florida State League,nichting,NICC0188,Nichting,Chris,,Vero Beach,,,,,
palmer,1988,Florida State League,niethammer,NIED0187,Niethammer,Darren,,Charlotte,,,,,
palmer,1988,Florida State League,nieto,NIEA0186,Nieto,Andy,,Lakeland,,,,,
palmer,1988,Florida State League,nina,NINR0188,Nina,Robin,,Vero Beach,,,,,
palmer,1988,Florida State League,nishimura,NISH0188,Nishimura,Hidetsugu,,Vero Beach,,,,,
palmer,1988,Florida State League,noch,NOCD0187,Noch,Doug,,Vero Beach,,,,,
palmer,1988,Florida State League,normand,NORG0186,Normand,Guy,,Osceola,,,,,
palmer,1988,Florida State League,north,NORJ0184,North,Jay,,St. Petersburg,,,,,
palmer,1988,Florida State League,nosek,NOSR0186,Nosek,Randy,,Lakeland,,,,,
palmer,1988,Florida State League,novak,NOVT0186,Novak,Tom,,Osceola,,,,,
palmer,1988,Florida State League,nyssen,NYSD0187,Nyssen,Dan,,Osceola,,,,,
palmer,1988,Florida State League,oneill,ONED0186,O'Neill,Dan,,Lakeland,,,,,
palmer,1988,Florida State League,offerman,OFFJ0188,Offerman,Jose,,Vero Beach,,,,,
palmer,1988,Florida State League,ogiwara,OGIM0188,Ogiwara,Mitsuru,,Miami,,,,,
palmer,1988,Florida State League,ogliaruso,OGLM0188,Ogliaruso,Mike,,Dunedin,,,,,
palmer,1988,Florida State League,ojeda,OJEJ0188,Ojeda,Jorge,,Miami,,,,,
palmer,1988,Florida State League,oller,OLLJ0185,Oller,Jeff,,West Palm Beach,,,,,
palmer,1988,Florida State League,ollom,OLLM0186,Ollom,Mike,,Tampa,,,,,
palmer,1988,Florida State League,olson,OLSW0184,Olson,Warren,,Winter Haven,,,,,
palmer,1988,Florida State League,osuna,OSUA0187,Osuna,Al,,Osceola,,,,,
palmer,1988,Florida State League,owen,OWED0188,Owen,Dave,,Winter Haven,,,,,
palmer,1988,Florida State League,ozuna,OZUG0188,Ozuna,Gabriel,,St. Petersburg,,,,,
palmer,1988,Florida State League,padilla,PADL0186,Padilla,Livio,,Winter Haven,,,,,
palmer,1988,Florida State League,palmer,PALD0186,Palmer,Dean,,Charlotte,,,,,
palmer,1988,Florida State League,paredes,PARJ0186,Paredes,Jesus,,West Palm Beach,,,,,
palmer,1988,Florida State League,parese,PARW0288,Parese,Billy,,Dunedin,,,,,
palmer,1988,Florida State League,paris,PARJ0185,Paris,Juan,,Winter Haven,,,,,
palmer,1988,Florida State League,paula,PAUJ0284,Paula,Julio,,Charlotte,,,,,
palmer,1988,Florida State League,peel,PEEJ0186,Peel,Jack,,Tampa,,,,,
palmer,1988,Florida State League,pena,PENG0186,Pena,Geronimo,,St. Petersburg,,,,,
palmer,1988,Florida State League,,PERH0184,Perez,Hector,,St. Lucie,,,,,
palmer,1988,Florida State League,,PERM0186,Perez,Mike,,St. Petersburg,,,,,
palmer,1988,Florida State League,,PERP0185,Perez,Julio,,Miami,,,,,
palmer,1988,Florida State League,petkovsek,PETM0187,Petkovsek,Mark,,Charlotte,,,,,
palmer,1988,Florida State League,,PHIC0186,Phillips,Wade,,Lakeland,,,,,
palmer,1988,Florida State League,,PHIV0188,Phillips,Vince,,Fort Lauderdale,,,,,
palmer,1988,Florida State League,pickens,PICK0187,Pickens,Kevin,,Baseball City,,,,,
palmer,1988,Florida State League,picota,PICL0184,Picota,Leny,,St. Petersburg,,,,,
palmer,1988,Florida State League,pierson,PIEL0187,Pierson,Larry,,St. Petersburg,,,,,
palmer,1988,Florida State League,pifer,PIFG0185,Pifer,Gary,,Lakeland,,,,,
palmer,1988,Florida State League,plantier,PLAP0187,Plantier,Phil,,Winter Haven,,,,,
palmer,1988,Florida State League,plemel,PLEL0188,Plemel,Lee,,St. Petersburg,,,,,
palmer,1988,Florida State League,polka,POLF0186,Polka,Fritz,,St. Lucie,,,,,
palmer,1988,Florida State League,poole,POOJ0188,Poole,Jim,,Vero Beach,,,,,
palmer,1988,Florida State League,potts,POTD0286,Potts,Dave,,Osceola,,,,,
palmer,1988,Florida State League,prieto,PRIA0188,Prieto,Arnie,,Miami,,,,,
palmer,1988,Florida State League,pujols,PUJR0186,Pujols,Ruben,,Baseball City,,,,,
palmer,1988,Florida State League,pulliam,PULH0186,Pulliam,Harvey,,Baseball City,,,,,
palmer,1988,Florida State League,rauth,RAUC0185,Rauth,Chris,,St. Lucie,,,,,
palmer,1988,Florida State League,ray,RAYW0185,Ray,Jay,,Vero Beach,,,,,
palmer,1988,Florida State League,reagans,REAJ0187,Reagans,Javan,,West Palm Beach,,,,,
palmer,1988,Florida State League,reaves,REAS0187,Reaves,Scotti,,Clearwater,,,,,
palmer,1988,Florida State League,renz,RENK0184,Renz,Kevin,,Tampa,,,,,
palmer,1988,Florida State League,repoz,REPC0185,Repoz,Craig,,St. Lucie,,,,,
palmer,1988,Florida State League,reynolds,REYD0185,Reynolds,Dave,,Tampa,,,,,
palmer,1988,Florida State League,rhodes,RHOK0186,Rhodes,Karl,,Osceola,,,,,
palmer,1988,Florida State League,rice,RICT0187,Rice,Tom,,Baseball City,,,,,
palmer,1988,Florida State League,richardi,RICR0187,Richardi,Rick,,Miami,,,,,
palmer,1988,Florida State League,rightnowar,RIGR0187,Rightnowar,Ron,,Lakeland,,,,,
palmer,1988,Florida State League,,RIVC0187,Rivera,Carlos,,Winter Haven,,,,,
palmer,1988,Florida State League,,RIVL0185,Rivera,Lino,,Charlotte,,,,,
palmer,1988,Florida State League,roca,ROCG0185,Roca,Gilberto,,Miami,,,,,
palmer,1988,Florida State League,rodgers,RODP0186,Rodgers,Paul,,Dunedin,,,,,
palmer,1988,Florida State League,,RODC0187,Rodriguez,Carlos,,Fort Lauderdale,,,,,
palmer,1988,Florida State League,,RODF0287,Rodriguez,Boi,,West Palm Beach,,,,,
palmer,1988,Florida State League,,RODG0185,Rodriguez,Gabriel,,Fort Lauderdale,,,,,
palmer,1988,Florida State League,rogers,ROGK0184,Rogers,Kenny,,Charlotte,,,,,
palmer,1988,Florida State League,rohan,ROHE0184,Rohan,Tony,,Miami,,,,,
palmer,1988,Florida State League,rohrmeier,ROHD0187,Rohrmeier,Dan,,Tampa,,,,,
palmer,1988,Florida State League,,ROJH0187,Rojas,Homar,,Vero Beach,,,,,
palmer,1988,Florida State League,,ROJM0186,Rojas,Mel,,West Palm Beach,,,,,
palmer,1988,Florida State League,roldan,ROLC0188,Roldan,Sal,,Miami,,,,,
palmer,1988,Florida State League,roman,ROMD0187,Roman,Dan,,Fort Lauderdale,,,,,
palmer,1988,Florida State League,rosado,ROSE0188,Rosado,Edwin,,Clearwater,,,,,
palmer,1988,Florida State League,,ROSE0288,Rosario,Eliezel,,Osceola,,,,,
palmer,1988,Florida State League,,ROSJ0286,Rosario,Julio,,Winter Haven,,,,,
palmer,1988,Florida State League,,ROSM0184,Rosario,Mel,,Fort Lauderdale,,,,,
palmer,1988,Florida State League,rosenthal,ROSW0186,Rosenthal,Wayne,,Charlotte,,,,,
palmer,1988,Florida State League,ryan,RYAK0186,Ryan,Kevin,,Vero Beach,,,,,
palmer,1988,Florida State League,samson,SAMF0186,Samson,Fred,,Charlotte,,,,,
palmer,1988,Florida State League,,SANP0285,Sanchez,Pedro,,Osceola,,,,,
palmer,1988,Florida State League,,SANR0286,Sanchez,Rey,,Charlotte,,,,,
palmer,1988,Florida State League,,SANZ0184,Sanchez,Zoilo,,St. Lucie,,,,,
palmer,1988,Florida State League,,SAND0188,Sanders,Deion,,Fort Lauderdale,,,,,
palmer,1988,Florida State League,,SANE0186,Sanders,Earl,,Dunedin,,,,,
palmer,1988,Florida State League,sano,SANM0188,Sano,Motokuni,,Miami,,,,,
palmer,1988,Florida State League,santana,SANM0186,Santana,Miguel,,Vero Beach,,,,,
minoraverages/emilbb,1988,Florida State League,,M91148,Santiago,Jose,,Miami,,,,,
palmer,1988,Florida State League,,SANN0184,Santiago,Norm,,West Palm Beach,,,,,
palmer,1988,Florida State League,scarsone,SCAS0186,Scarsone,Steve,,Clearwater,,,,,
palmer,1988,Florida State League,schulte,SCHM0184,Schulte,Mark,,St. Petersburg,,,,,
palmer,1988,Florida State League,schunk,SCHJ0186,Schunk,Jerry,,Dunedin,,,,,
palmer,1988,Florida State League,schwabe,SCHM0187,Schwabe,Mike,,Lakeland,,,,,
palmer,1988,Florida State League,scott,SCOS0188,Scott,Shawn,,Dunedin,,,,,
palmer,1988,Florida State League,scruggs,SCRA0187,Scruggs,Tony,,Charlotte,,,,,
palmer,1988,Florida State League,senne,SENM0186,Senne,Mike,,St. Petersburg,,,,,
palmer,1988,Florida State League,shea,SHEJ0186,Shea,John,,Dunedin,,,,,
palmer,1988,Florida State League,sheehan,SHEJ0385,Sheehan,John,,Osceola,,,,,
palmer,1988,Florida State League,shephard,SHEK0287,Shephard,Kelvin,,West Palm Beach,,,,,
palmer,1988,Florida State League,sherrill,SHET0187,Sherrill,Tim,,St. Petersburg,,,,,
minoraverages/emilbb,1988,Florida State League,shoemaker,M91104,Shoemaker,John,,Vero Beach ,,,,,
minoraverages/emilbb,1988,Florida State League,showalter,M91136,Showalter,Buck,,Fort Lauderdale,,,,,
minoraverages/emilbb,1988,Florida State League,silverio,M91213,Silverio,Luis,,Baseball City,,,,,
palmer,1988,Florida State League,simms,SIMM0185,Simms,Mike,,Osceola,,,,,
palmer,1988,Florida State League,simon,SIMR0386,Simon,Richie,,Osceola,,,,,
palmer,1988,Florida State League,sims,SIMM0186,Sims,Mark,,Clearwater,,,,,
palmer,1988,Florida State League,skodny,SKOJ0186,Skodny,Joe,,Baseball City,,,,,
palmer,1988,Florida State League,skripko,SKRJ0184,Skripko,Scott,,Winter Haven,,,,,
palmer,1988,Florida State League,slavik,SLAJ0185,Slavik,Joe,,Lakeland,,,,,
palmer,1988,Florida State League,,SMIB0187,Smith,Brad,,Clearwater,,,,,
palmer,1988,Florida State League,,SMIB0188,Smith,Bobby,,Miami,,,,,
palmer,1988,Florida State League,,SMIK0187,Smith,Ken,,St. Petersburg,,,,,
palmer,1988,Florida State League,snell,SNEN0184,Snell,Nate,,Miami,,,,,
palmer,1988,Florida State League,soper,SOPM0184,Soper,Mike,,St. Lucie,,,,,
palmer,1988,Florida State League,sosa,SOSS0186,Sosa,Sammy,,Charlotte,,,,,
palmer,1988,Florida State League,sossamon,SOSL0186,Sossamon,Tim,,Clearwater,,,,,
palmer,1988,Florida State League,spagnuolo,SPAJ0186,Spagnuolo,Joe,,Vero Beach,,,,,
palmer,1988,Florida State League,springer,SPRD0187,Springer,Dennis,,Vero Beach,,,,,
palmer,1988,Florida State League,stanford,STAD0187,Stanford,Don,,Fort Lauderdale,,,,,
palmer,1988,Florida State League,stanley,STAR0188,Stanley,Bob,,Winter Haven,,,,,
palmer,1988,Florida State League,stark,STAJ0186,Stark,Jeff,,Clearwater,,,,,
palmer,1988,Florida State League,stiles,STIW0184,Stiles,Bill,,St. Lucie,,,,,
palmer,1988,Florida State League,stoltenberg,STOB0188,Stoltenberg,Brad,,Fort Lauderdale,,,,,
palmer,1988,Florida State League,stombaugh,STOC0188,Stombaugh,Chad,,Baseball City,,,,,
palmer,1988,Florida State League,sullivan,SULC0186,Sullivan,Carl,,Tampa,,,,,
palmer,1988,Florida State League,tabaka,TABJ0186,Tabaka,Jeff,,West Palm Beach,,,,,
palmer,1988,Florida State League,takach,TAKD0184,Takach,Dave,,Tampa,,,,,
palmer,1988,Florida State League,talamantez,TALG0184,Talamantez,Greg,,St. Lucie,,,,,
palmer,1988,Florida State League,tapani,TAPK0186,Tapani,Kevin,,St. Lucie,,,,,
palmer,1988,Florida State League,tarumi,TARK0188,Tarumi,Kanenori,,Miami,,,,,
palmer,1988,Florida State League,taylor,TAYW0187,Taylor,Wade,,Fort Lauderdale,,,,,
palmer,1988,Florida State League,terrell,TERC0188,Terrell,Walt,,Lakeland,,,,,
palmer,1988,Florida State League,,THOR0187,Thomas,Royal,,Clearwater,,,,,
palmer,1988,Florida State League,,THOT0186,Thomas,Orlando,,St. Petersburg,,,,,
palmer,1988,Florida State League,,THOM0188,Thompson,Mike,,Winter Haven,,,,,
palmer,1988,Florida State League,,THOR0387,Thompson,Ryan,,Dunedin,,,,,
palmer,1988,Florida State League,thomson,THOR0185,Thomson,Bob,,Lakeland,,,,,
palmer,1988,Florida State League,thoutsis,THOP0284,Thoutsis,Paul,,St. Petersburg,,,,,
palmer,1988,Florida State League,toale,TOAJ0184,Toale,John,,St. Lucie,,,,,
palmer,1988,Florida State League,toale,TOAJ0184,Toale,John,,Charlotte,,,,,
palmer,1988,Florida State League,tolleson,TOLJ0188,Tolleson,Wayne,,Fort Lauderdale,,,,,
palmer,1988,Florida State League,toney,TONA0187,Toney,Andy,,Lakeland,,,,,
palmer,1988,Florida State League,tonucci,TONN0184,Tonucci,Norm,,Dunedin,,,,,
palmer,1988,Florida State League,townley,TOWJ0187,Townley,Jason,,Dunedin,,,,,
palmer,1988,Florida State League,tracy,TRAJ0185,Tracy,Jim,,Dunedin,,,,,
palmer,1988,Florida State League,trafton,TRAT0186,Trafton,Todd,,Tampa,,,,,
palmer,1988,Florida State League,trammell,TRAM0187,Trammell,Marcus,,Tampa,,,,,
palmer,1988,Florida State League,trautwein,TRAD0187,Trautwein,Dave,,St. Lucie,,,,,
palmer,1988,Florida State League,traxler,TRAB0188,Traxler,Brian,,Vero Beach,,,,,
palmer,1988,Florida State League,treadway,TRED0184,Treadway,Doug,,Winter Haven,,,,,
palmer,1988,Florida State League,tresemer,TREM0186,Tresemer,Mike,,Baseball City,,,,,
palmer,1988,Florida State League,turgeon,TURD0187,Turgeon,Dave,,Fort Lauderdale,,,,,
palmer,1988,Florida State League,vanhouten,VANJ0184,Van Houten,Jim,,Osceola,,,,,
palmer,1988,Florida State League,vanderwal,VANJ0187,Vander Wal,John,,West Palm Beach,,,,,
palmer,1988,Florida State League,,VARH0186,Vargas,Hector,,Fort Lauderdale,,,,,
palmer,1988,Florida State League,,VART0188,Vargas,Trinidad,,Baseball City,,,,,
palmer,1988,Florida State League,vasquez,VASA0187,Vasquez,Aguedo,,Baseball City,,,,,
palmer,1988,Florida State League,vesling,VESD0187,Vesling,Don,,Lakeland,,,,,
palmer,1988,Florida State League,villanueva,VILJ0284,Villanueva,Juan,,St. Lucie,,,,,
palmer,1988,Florida State League,viltz,VILC0184,Viltz,Corey,,West Palm Beach,,,,,
palmer,1988,Florida State League,voeltz,VOEW0186,Voeltz,Bill,,Fort Lauderdale,,,,,
palmer,1988,Florida State League,vonohlen,VOND0184,VonOhlen,Dave,,Miami,,,,,
palmer,1988,Florida State League,wacha,WACC0186,Wacha,Chuck,,Winter Haven,,,,,
palmer,1988,Florida State League,wade,WADF0187,Wade,Darrin,,Dunedin,,,,,
palmer,1988,Florida State League,waggoner,WAGA0185,Waggoner,Aubrey,,Tampa,,,,,
palmer,1988,Florida State League,,WAGD0186,Wagner,Dan,,Tampa,,,,,
palmer,1988,Florida State League,,WAGG0184,Wagner,Gerald,,Tampa,,,,,
palmer,1988,Florida State League,walden,WALT0186,Walden,Travis,,Clearwater,,,,,
palmer,1988,Florida State League,walker,WALS0284,Walker,Steve,,Baseball City,,,,,
palmer,1988,Florida State League,wallin,WALL0188,Wallin,Les,,Winter Haven,,,,,
palmer,1988,Florida State League,warfel,WARB0186,Warfel,Brian,,Winter Haven,,,,,
palmer,1988,Florida State League,warren,WARA0288,Warren,Allen,,Fort Lauderdale,,,,,
palmer,1988,Florida State League,watkins,WATD0186,Watkins,Darren,,Baseball City,,,,,
palmer,1988,Florida State League,watson,WATD0185,Watson,Dejon,,Baseball City,,,,,
palmer,1988,Florida State League,watts,WATR0186,Watts,Bob,,Dunedin,,,,,
palmer,1988,Florida State League,wedvick,WEDJ0186,Wedvick,Jeff,,West Palm Beach,,,,,
palmer,1988,Florida State League,weeks,WEET0187,Weeks,Tom,,Fort Lauderdale,,,,,
palmer,1988,Florida State League,welborn,WELF0186,Welborn,Tony,,West Palm Beach,,,,,
palmer,1988,Florida State League,west,WESA0185,West,Tommy,,Charlotte,,,,,
palmer,1988,Florida State League,,WHIG0187,White,Gary,,Clearwater,,,,,
palmer,1988,Florida State League,,WHIT0286,White,Mike,,Vero Beach,,,,,
palmer,1988,Florida State League,whiten,WHIM0186,Whiten,Mark,,Dunedin,,,,,
palmer,1988,Florida State League,whitlock,WHIM0187,Whitlock,Mike,,St. Lucie,,,,,
palmer,1988,Florida State League,,WILG0187,Williams,Gerald,,Fort Lauderdale,,,,,
palmer,1988,Florida State League,,WILP0186,Williams,Paul,,Winter Haven,,,,,
palmer,1988,Florida State League,wishnevski,WISR0187,Wishnevski,Rob,,Dunedin,,,,,
palmer,1988,Florida State League,woods,WOOT0284,Woods,Tony,,Tampa,,,,,
palmer,1988,Florida State League,yamamoto,YAMM0188,Yamamoto,Masahiro,,Vero Beach,,,,,
palmer,1988,Florida State League,yan,YANJ0186,Yan,Julian,,Dunedin,,,,,
palmer,1988,Florida State League,young,YOUM0187,Young,Mark,,Dunedin,,,,,
palmer,1988,Florida State League,zaltsman,ZALS0186,Zaltsman,Stan,,St. Petersburg,,,,,
palmer,1988,Florida State League,zambrano,ZAMR0185,Zambrano,Roberto,,Winter Haven,,,,,
palmer,1988,Florida State League,zane,ZANK0188,Zane,Kelly,,West Palm Beach,,,,,
palmer,1988,Florida State League,zayas,ZAYC0185,Zayas,Carlos,,Clearwater,,,,,
