source,league.year,league.name,person.ref,person.name.last,person.name.given,S_STINT,entry.name,span,pos,ident
ProjectCobb,2017,British National Baseball League,B00013,ACHITEI,Adrian,0,Herts,,,achitei
ProjectCobb,2017,British National Baseball League,B00021,ACKERMANN,Robert,0,Brighton,,,ackermann
ProjectCobb,2017,British National Baseball League,P10019,ACKERMANN,Robert,0,Brighton,,p,ackermann
ProjectCobb,2017,British National Baseball League,B00037,ACOSTA,Jose Eduardo,0,Southampton,,,acosta
ProjectCobb,2017,British National Baseball League,P10024,ACOSTA,Jose Eduardo,0,Southampton,,p,acosta
ProjectCobb,2017,British National Baseball League,B00045,AGARIO,Atsushi,0,London Capitals,,,agario
ProjectCobb,2017,British National Baseball League,B00059,ALMONTE,Edwin,0,Southampton,,,almonte
ProjectCobb,2017,British National Baseball League,B00068,ANUNOBI,Michael,0,Essex,,,anunobi
ProjectCobb,2017,British National Baseball League,B00076,ASHER,Max,0,Essex,,,asher
ProjectCobb,2017,British National Baseball League,P10035,ASHER,Max,0,Essex,,p,asher
ProjectCobb,2017,British National Baseball League,B00084,AZCUY,Maikel,0,Southampton,,,azcuy
ProjectCobb,2017,British National Baseball League,B00092,BADENHORST,Duane,0,Herts,,,badenhorst.d
ProjectCobb,2017,British National Baseball League,B00101,BADENHORST,Tyler,0,Herts,,,badenhorst.t
ProjectCobb,2017,British National Baseball League,P10043,BADENHORST,Tyler,0,Herts,,p,badenhorst.t
ProjectCobb,2017,British National Baseball League,B00117,BARRIOS,Wilmer,0,Brighton,,,barrios
ProjectCobb,2017,British National Baseball League,B00125,BATES,Walter,0,Herts,,,bates
ProjectCobb,2017,British National Baseball League,P10056,BATES,Walter,0,Herts,,p,bates
ProjectCobb,2017,British National Baseball League,B00130,BEDARD,David,0,London Capitals,,,bedard
ProjectCobb,2017,British National Baseball League,P10062,BEDARD,David,0,London Capitals,,p,bedard
ProjectCobb,2017,British National Baseball League,B00149,BLOSE,John,0,Herts,,,blose
ProjectCobb,2017,British National Baseball League,B00158,BOHN,Dexter,0,London Mets,,,bohn
ProjectCobb,2017,British National Baseball League,B00163,BROWN,Conner,0,Herts,,,brown
ProjectCobb,2017,British National Baseball League,P10070,BROWN,Conner,0,Herts,,p,brown
ProjectCobb,2017,British National Baseball League,B00174,CARESS,Brodie,0,Herts,,,caress
ProjectCobb,2017,British National Baseball League,B00182,CASAL,Marianna,0,Essex,,,casal.m
ProjectCobb,2017,British National Baseball League,P10081,CASAL,Junior,0,Essex,,p,casal.j
ProjectCobb,2017,British National Baseball League,B00196,CATTERMOLE,Mike,0,Herts,,,cattermole
ProjectCobb,2017,British National Baseball League,B00207,CHANDLER,Rory,0,Essex,,,chandler
ProjectCobb,2017,British National Baseball League,B00210,CHARALAMBOUS,Bradley,0,Herts,,,charalambous
ProjectCobb,2017,British National Baseball League,B00229,CHESTERTON,Richard,0,Essex,,,chesterton
ProjectCobb,2017,British National Baseball League,P10097,CHESTERTON,Richard,0,Essex,,p,chesterton
ProjectCobb,2017,British National Baseball League,B00232,CLARK,Phil,0,Herts,,,clark
ProjectCobb,2017,British National Baseball League,P10100,CLARK,Phil,0,Herts,,p,clark
ProjectCobb,2017,British National Baseball League,B00241,COLLINS,Henry,0,Southampton,,,collins
ProjectCobb,2017,British National Baseball League,P10113,COLLINS,Henry,0,Southampton,,p,collins
ProjectCobb,2017,British National Baseball League,B00255,CORRAN,Matt,0,Herts,,,corran
ProjectCobb,2017,British National Baseball League,P10121,CORRAN,Matt,0,Herts,,p,corran
ProjectCobb,2017,British National Baseball League,B00264,CRAMMAN,Jonathon,0,London Mets,,,cramman
ProjectCobb,2017,British National Baseball League,B00278,CRAWFORD,Marshall,0,London Mets,,,crawford
ProjectCobb,2017,British National Baseball League,P10137,CRAWFORD,Marshall,0,London Mets,,p,crawford
ProjectCobb,2017,British National Baseball League,B00286,CUMMINS,Rhys,0,Brighton,,,cummings
ProjectCobb,2017,British National Baseball League,B00293,DAVIS,Ben,0,Southampton,,,davis
ProjectCobb,2017,British National Baseball League,B00308,DAVISON,Gary,0,Southampton,,,davison
ProjectCobb,2017,British National Baseball League,P10145,DAVISON,Gary,0,Southampton,,p,davison
ProjectCobb,2017,British National Baseball League,B00319,DEAN,Jacob,0,Essex,,,dean
ProjectCobb,2017,British National Baseball League,P10159,DEAN,Jacob,0,Essex,,p,dean
ProjectCobb,2017,British National Baseball League,B00324,DELZOPPO,Grant,0,London Mets,,,delzoppo
ProjectCobb,2017,British National Baseball League,B00335,DIAZ,Juan,0,Southampton,,,diaz
ProjectCobb,2017,British National Baseball League,B00343,DIX,Jamie,0,London Mets,,,dix
ProjectCobb,2017,British National Baseball League,B00356,DOMINGUEZ,Carlos,0,London Mets,,,dominguez
ProjectCobb,2017,British National Baseball League,B00362,DUGGAN,Fraser,0,Essex,,,duggan
ProjectCobb,2017,British National Baseball League,P10168,DUGGAN,Fraser,0,Essex,,p,duggan
ProjectCobb,2017,British National Baseball League,B00370,DUIVENVOORDEN,Steven,0,Brighton,,,duivenvoorden
ProjectCobb,2017,British National Baseball League,B00381,EDGOOSE,Dan,0,Brighton,,,edgoose.d
ProjectCobb,2017,British National Baseball League,B00397,EDGOOSE,Sam,0,Brighton,,,edgoose.s
ProjectCobb,2017,British National Baseball League,P10176,EDGOOSE,Dan,0,Brighton,,p,edgoose.d
ProjectCobb,2017,British National Baseball League,B00403,EDMONDS,Jordan,0,Southampton,,,edmonds
ProjectCobb,2017,British National Baseball League,P10184,EDMONDS,Jordan,0,Southampton,,p,edmonds
ProjectCobb,2017,British National Baseball League,B00416,ESCALONA,Giovanni,0,Southampton,,,escalona
ProjectCobb,2017,British National Baseball League,B00427,FLAYOL,Maxime,0,London Capitals,,,flayol.m
ProjectCobb,2017,British National Baseball League,B00434,FLAYOL,Nicolas,0,London Capitals,,,flayol.n
ProjectCobb,2017,British National Baseball League,P10192,FLAYOL,Maxime,0,London Capitals,,p,flayol.m
ProjectCobb,2017,British National Baseball League,P10202,FLAYOL,Nicolas,0,London Capitals,,p,flayol.n
ProjectCobb,2017,British National Baseball League,B00442,FOLEY,Luke,0,Essex,,,foley
ProjectCobb,2017,British National Baseball League,P10215,FOLEY,Luke,0,Essex,,p,foley
ProjectCobb,2017,British National Baseball League,B00450,FREEMAN,Kevin,0,Herts,,,freeman
ProjectCobb,2017,British National Baseball League,B00469,FRIDYE,Kno,0,Essex,,,fridye
ProjectCobb,2017,British National Baseball League,B00475,FULFORD,Andrew,0,Herts,,,fulford
ProjectCobb,2017,British National Baseball League,P10228,FULFORD,Andrew,0,Herts,,p,fulford
ProjectCobb,2017,British National Baseball League,B00488,GILBERT,Matt,0,Herts,,,gilbert
ProjectCobb,2017,British National Baseball League,P10231,GILBERT,Matt,0,Herts,,p,gilbert
ProjectCobb,2017,British National Baseball League,B00491,GILMAN,Adam,0,London Capitals,,,gilman
ProjectCobb,2017,British National Baseball League,B00502,GONCALVES,Luis,0,Essex,,,goncalves
ProjectCobb,2017,British National Baseball League,B00515,GONZALEZ,Franklin,0,Essex,,,gonzalez
ProjectCobb,2017,British National Baseball League,B00528,GOUGH,Martyn,0,London Capitals,,,gough
ProjectCobb,2017,British National Baseball League,B00531,GRADY,Todd,0,Brighton,,,grady
ProjectCobb,2017,British National Baseball League,B00544,GREGORY,Jamie,0,Essex,,,gregory
ProjectCobb,2017,British National Baseball League,P10244,GREGORY,Jamie,0,Essex,,p,gregory
ProjectCobb,2017,British National Baseball League,B00553,HARE,Louis,0,Herts,,,hare
ProjectCobb,2017,British National Baseball League,B00566,HARRIS,Justin,0,London Capitals,,,harris
ProjectCobb,2017,British National Baseball League,B00577,HECTOR,Miguel,0,Herts,,,hector
ProjectCobb,2017,British National Baseball League,P10253,HEFFRON,Jack,0,London Mets,,p,heffron
ProjectCobb,2017,British National Baseball League,B00589,HERNANDEZ,Dany,0,Herts,,,hernandez-her
ProjectCobb,2017,British National Baseball League,B00590,HERNANDEZ,Kevin,0,Brighton,,,hernandez-bri
ProjectCobb,2017,British National Baseball League,P10266,HERNANDEZ,Kevin,0,Brighton,,p,hernandez-bri
ProjectCobb,2017,British National Baseball League,B00609,HERO,Robert,0,London Mets,,,hero
ProjectCobb,2017,British National Baseball League,B00614,HICHE,Cristobal,0,Herts,,,hiche
ProjectCobb,2017,British National Baseball League,P10277,HICHE,Cristobal,0,Herts,,p,hiche
ProjectCobb,2017,British National Baseball League,B00623,HOEBORN,Pierre,0,London Mets,,,hoeborn
ProjectCobb,2017,British National Baseball League,B00638,HURTADO,Ambiorix,0,Southampton,,,hurtado
ProjectCobb,2017,British National Baseball League,B00646,JACOBS,Aaron,0,Essex,,,jacobs
ProjectCobb,2017,British National Baseball League,B00651,JUNIOR,Carlos,0,Essex,,,junior
ProjectCobb,2017,British National Baseball League,B00667,KARSON,Sam,0,London Capitals,,,karson
ProjectCobb,2017,British National Baseball League,P10289,KARSON,Sam,0,London Capitals,,p,karson
ProjectCobb,2017,British National Baseball League,B00672,KAWCZYNSKI,Wojciech,0,London Capitals,,,kawczynski
ProjectCobb,2017,British National Baseball League,B00680,KETTLE,Greg,0,London Mets,,,kettle.g
ProjectCobb,2017,British National Baseball League,B00695,KETTLE,Nathan,0,London Mets,,,kettle.n
ProjectCobb,2017,British National Baseball League,B00705,KOMA,Hirokuni,0,London Capitals,,,koma
ProjectCobb,2017,British National Baseball League,B00718,KOYANAGI,Graydon,0,London Mets,,,koyanagi
ProjectCobb,2017,British National Baseball League,B00726,KUNITA,Koki,0,London Mets,,,kunita
ProjectCobb,2017,British National Baseball League,P10290,KUNITA,Koki,0,London Mets,,p,kunita
ProjectCobb,2017,British National Baseball League,P10304,LABrightonOLA,Gianfra,0,Southampton,,p,labrightonla
ProjectCobb,2017,British National Baseball League,B00739,LAWSON,Tosh,0,London Mets,,,lawson
ProjectCobb,2017,British National Baseball League,P10312,LAWSON,Tosh,0,London Mets,,p,lawson
ProjectCobb,2017,British National Baseball League,B00747,LEE,Andrew,0,London Mets,,,lee
ProjectCobb,2017,British National Baseball League,B00752,LENGYEL,Jeremy,0,London Capitals,,,lengyel
ProjectCobb,2017,British National Baseball League,B00760,LONGBOY,Zack,0,Herts,,,longboy
ProjectCobb,2017,British National Baseball League,P10320,LONGBOY,Zack,0,Herts,,p,longboy
ProjectCobb,2017,British National Baseball League,B00771,LORENZO,Arley,0,Southampton,,,lorenzo
ProjectCobb,2017,British National Baseball League,B00783,LOUW,Lance,0,London Mets,,,louw
ProjectCobb,2017,British National Baseball League,P10336,LOUW,Lance,0,London Mets,,p,louw
ProjectCobb,2017,British National Baseball League,B00794,MANNING,Lee,0,Herts,,,manning
ProjectCobb,2017,British National Baseball League,B00806,MARCAL,Ben,0,London Capitals,,,marcal.b
ProjectCobb,2017,British National Baseball League,B00811,MARCAL,William,0,London Capitals,,,marcal.w
ProjectCobb,2017,British National Baseball League,P10348,MARCAL,William,0,London Capitals,,p,marcal.w
ProjectCobb,2017,British National Baseball League,B00822,MARTINEZ,Reiniel,0,Southampton,,,martinez
ProjectCobb,2017,British National Baseball League,P10357,MARTINEZ,Reiniel,0,Southampton,,p,martinez
ProjectCobb,2017,British National Baseball League,B00833,MAYHEW,Charlie,0,Herts,,,mayhew
ProjectCobb,2017,British National Baseball League,P10361,MAYHEW,Charlie,0,Herts,,p,mayhew
ProjectCobb,2017,British National Baseball League,B00840,MCINTOSH,Caleb,0,Essex,,,mcintosh
ProjectCobb,2017,British National Baseball League,B00854,MEINTJES,Darren,0,Herts,,,meintjes
ProjectCobb,2017,British National Baseball League,P10373,MEINTJES,Darren,0,Herts,,p,meintjes
ProjectCobb,2017,British National Baseball League,B00865,MENDEZ ROA,Derien,0,London Capitals,,,mendez
ProjectCobb,2017,British National Baseball League,B00879,MINFORD,Richard,0,London Mets,,,minford
ProjectCobb,2017,British National Baseball League,P10385,MINFORD,Richard,0,London Mets,,p,minford
ProjectCobb,2017,British National Baseball League,B00887,MOLINA,Sebastian,0,Brighton,,,molina
ProjectCobb,2017,British National Baseball League,P10399,MOLINA,Sebastian,0,Brighton,,p,molina
ProjectCobb,2017,British National Baseball League,B00898,MONTES DE OCA,Alex,0,London Capitals,,,montesdeoca
ProjectCobb,2017,British National Baseball League,B00904,MORALES,Kaiden,0,Essex,,,morales
ProjectCobb,2017,British National Baseball League,B00912,MORENSE,Alejandro,0,Southampton,,,morense
ProjectCobb,2017,British National Baseball League,P10407,MORENSE,Alejandro,0,Southampton,,p,morense
ProjectCobb,2017,British National Baseball League,B00920,MORGAN,Seth,0,London Mets,,,morgan
ProjectCobb,2017,British National Baseball League,P10410,MORGAN,Seth,0,London Mets,,p,morgan
ProjectCobb,2017,British National Baseball League,B00936,MOSIER,Freddy,0,London Mets,,,mosier
ProjectCobb,2017,British National Baseball League,B00948,O'BRIEN,Harry,0,Brighton,,,obrien.h
ProjectCobb,2017,British National Baseball League,B00957,O'BRIEN,Vincent,0,Brighton,,,obrien.v
ProjectCobb,2017,British National Baseball League,P10429,O'BRIEN,Harry,0,Brighton,,p,obrien.h
ProjectCobb,2017,British National Baseball League,B00961,O'SHAUGHNESSY,Connor,0,Herts,,,oshaughnessy
ProjectCobb,2017,British National Baseball League,P10432,O'SHAUGHNESSY,Connor,0,Herts,,p,oshaughnessy
ProjectCobb,2017,British National Baseball League,B00973,OHNO,Juon,0,Herts,,,ohno
ProjectCobb,2017,British National Baseball League,B00985,OKAMOTO,Yoshi,0,London Capitals,,,okamoto
ProjectCobb,2017,British National Baseball League,P10441,OKAMOTO,Yoshi,0,London Capitals,,p,okamoto
ProjectCobb,2017,British National Baseball League,B00999,OLIVER,Jed,0,Essex,,,oliver
ProjectCobb,2017,British National Baseball League,P10455,OLIVER,Jed,0,Essex,,p,oliver
ProjectCobb,2017,British National Baseball League,B01007,ORTIZ,Daniel,0,Herts,,,ortiz
ProjectCobb,2017,British National Baseball League,P10464,ORTIZ,Daniel,0,Herts,,p,ortiz
ProjectCobb,2017,British National Baseball League,B01010,PANTOJA,Leo,0,London Capitals,,,pantoja
ProjectCobb,2017,British National Baseball League,B01029,PEARCE,Aiden,0,London Mets,,,pearce
ProjectCobb,2017,British National Baseball League,B01032,PESTANA,Jesus,0,Southampton,,,pestana
ProjectCobb,2017,British National Baseball League,B01041,POPE,Matthew,0,London Mets,,,pope
ProjectCobb,2017,British National Baseball League,B01055,PRESCOTT,Rhys,0,Brighton,,,prescott
ProjectCobb,2017,British National Baseball League,B01064,PRETORIUS,Jarrod,0,Herts,,,pretorius
ProjectCobb,2017,British National Baseball League,P10478,PRETORIUS,Jarrod,0,Herts,,p,pretorius
ProjectCobb,2017,British National Baseball League,B01078,RODRIGUEZ,Alberto,0,Southampton,,,rodriguez.a
ProjectCobb,2017,British National Baseball League,B01086,RODRIGUEZ,Miguel,0,Southampton,,,rodriguez.m
ProjectCobb,2017,British National Baseball League,B01093,RODRIGUEZ,Oswaldo,0,Southampton,,,rodriguez.o
ProjectCobb,2017,British National Baseball League,P10486,RODRIGUEZ,Alberto,0,Southampton,,p,rodriguez.a
ProjectCobb,2017,British National Baseball League,P10493,RODRIGUEZ,Miguel,0,Southampton,,p,rodriguez.m
ProjectCobb,2017,British National Baseball League,P10503,RODRIGUEZ,Oswaldo,0,Southampton,,p,rodriguez.o
ProjectCobb,2017,British National Baseball League,B01108,ROQUERO,Alonso,0,London Capitals,,,roquero
ProjectCobb,2017,British National Baseball League,P10516,ROQUERO,Alonso,0,London Capitals,,p,roquero
ProjectCobb,2017,British National Baseball League,B01119,RYAN,Cole,0,London Capitals,,,ryan
ProjectCobb,2017,British National Baseball League,P10527,RYAN,Cole,0,London Capitals,,p,ryan
ProjectCobb,2017,British National Baseball League,B01124,SALES,Ian,0,Herts,,,sales
ProjectCobb,2017,British National Baseball League,B01135,SASSOLI,Daniele,0,London Mets,,,sassoli
ProjectCobb,2017,British National Baseball League,P10534,SASSOLI,Daniele,0,London Mets,,p,sassoli
ProjectCobb,2017,British National Baseball League,B01143,SENIOR,Carlos,0,Essex,,,senior
ProjectCobb,2017,British National Baseball League,B01156,SHEPPARD,Gordon,0,London Capitals,,,sheppard
ProjectCobb,2017,British National Baseball League,B01162,SIANO,Brian,0,London Capitals,,,siano
ProjectCobb,2017,British National Baseball League,B01170,SKOW,Andrew,0,Herts,,,skow
ProjectCobb,2017,British National Baseball League,B01181,SMITH,Robert,0,Herts,,,smith
ProjectCobb,2017,British National Baseball League,B01197,SOAN,Ryan,0,Brighton,,,soan
ProjectCobb,2017,British National Baseball League,P10542,SOAN,Ryan,0,Brighton,,p,soan
ProjectCobb,2017,British National Baseball League,B01203,SOLOMON,Ethan,0,London Mets,,,solomon
ProjectCobb,2017,British National Baseball League,P10550,SOLOMON,Ethan,0,London Mets,,p,solomon
ProjectCobb,2017,British National Baseball League,B01216,SPENCER,Drew,0,London Mets,,,spencer
ProjectCobb,2017,British National Baseball League,B01227,SPROULE,Sam,0,London Mets,,,sproule
ProjectCobb,2017,British National Baseball League,B01234,SSALI,Tim,0,London Capitals,,,ssali
ProjectCobb,2017,British National Baseball League,P10569,SSALI,Tim,0,London Capitals,,p,ssali
ProjectCobb,2017,British National Baseball League,B01242,STEWART,Dexter,0,Essex,,,stewart
ProjectCobb,2017,British National Baseball League,P10575,STEWART,Dexter,0,Brighton,,p,stewart
ProjectCobb,2017,British National Baseball League,B01250,STROMAN,Zach,0,London Mets,,,stroman
ProjectCobb,2017,British National Baseball League,B01269,THOMPSON,Ollie,0,Essex,,,thompson
ProjectCobb,2017,British National Baseball League,P10588,THOMPSON,Ollie,0,Essex,,p,thompson
ProjectCobb,2017,British National Baseball League,B01275,TOMCHESSON,Jaxon,0,Essex,,,tomchesson
ProjectCobb,2017,British National Baseball League,P10591,TOMCHESSON,Jaxon,0,Essex,,p,tomchesson
ProjectCobb,2017,British National Baseball League,B01288,TRASK,Michael,0,Southampton,,,trask.m
ProjectCobb,2017,British National Baseball League,B01291,TRASK,Ryan,0,Southampton,,,trask.r
ProjectCobb,2017,British National Baseball League,P10606,TRASK,Michael,0,Southampton,,p,trask.m
ProjectCobb,2017,British National Baseball League,B01300,TUCKER,Martin,0,London Mets,,,tucker
ProjectCobb,2017,British National Baseball League,B01313,TYLER,Maxwell,0,London Mets,,,tyler
ProjectCobb,2017,British National Baseball League,P10611,TYLER,Maxwell,0,London Mets,,p,tyler
ProjectCobb,2017,British National Baseball League,B01321,UENO,Yusuke,0,London Capitals,,,ueno
ProjectCobb,2017,British National Baseball League,B01337,VALLEJO,Joel Aybar,0,London Capitals,,,vallejo
ProjectCobb,2017,British National Baseball League,B01345,VAZQUEZ,Moises,0,Herts,,,vazquez
ProjectCobb,2017,British National Baseball League,P10622,VAZQUEZ,Moises,0,Herts,,p,vazquez
ProjectCobb,2017,British National Baseball League,B01359,VILLANUEVA,Johan,0,London Capitals,,,villanueva
ProjectCobb,2017,British National Baseball League,P10633,VILLANUEVA,Johan,0,London Capitals,,p,villanueva
ProjectCobb,2017,British National Baseball League,B01368,VINALL,Callum,0,Southampton,,,vinall
ProjectCobb,2017,British National Baseball League,B01376,WARREN,Jamie,0,Herts,,,warren
ProjectCobb,2017,British National Baseball League,P10640,WARREN,Jamie,0,Herts,,p,warren
ProjectCobb,2017,British National Baseball League,B01384,WASEMILLER,Kurt,0,London Capitals,,,wasemiller
ProjectCobb,2017,British National Baseball League,B01392,WHITTON,Daniel,0,Essex,,,whitton
ProjectCobb,2017,British National Baseball League,P10654,WHITTON,Daniel,0,Essex,,p,whitton
ProjectCobb,2017,British National Baseball League,B01402,WILKINSON,Perry,0,Brighton,,,wilkinson
ProjectCobb,2017,British National Baseball League,P10665,WILKINSON,Perry,0,Brighton,,p,wilkinson
ProjectCobb,2017,British National Baseball League,B01415,WILSON,Rhys,0,London Capitals,,,wilson
ProjectCobb,2017,British National Baseball League,P10679,WILSON,Rhys,0,London Capitals,,p,wilson
ProjectCobb,2017,British National Baseball League,B01428,WITTER,Aaron,0,Herts,,,witter
ProjectCobb,2017,British National Baseball League,P10687,WITTER,Aaron,0,Herts,,p,witter
ProjectCobb,2017,British National Baseball League,B01431,WODZYNSKI,Shane,0,Essex,,,wodzynski
ProjectCobb,2017,British National Baseball League,B01444,ZUCKER,Will,0,Herts,,,zucker
ProjectCobb,2017,British National Baseball League,P10698,ZUCKER,Will,0,Herts,,p,zucker
