source,league.year,league.name,ident,person.ref,person.name.last,person.name.given,S_STINT,entry.name,S_FIRST,S_LAST,B_G,P_G,F_1B_G,F_2B_G,F_3B_G,F_SS_G,F_OF_G,F_LF_G,F_CF_G,F_RF_G,F_C_G,F_P_G,F_ALL_G
retrosheet/1915,1915,National League,adams-pit,adamb104,Adams,Babe,,Pittsburgh,19150417,19151003,,,,,,,,,,,,,
retrosheet/1915,1915,National League,adams-phi,adamb106,Adams,Bert,,Philadelphia,19150505,19151006,,,,,,,,,,,,,
retrosheet/1915,1915,National League,adams-chi,adamk101,Adams,Karl,,Chicago,19150419,19150923,,,,,,,,,,,,,
retrosheet/1915,1915,National League,aitchison,aitcr101,Aitchison,Raleigh,,Brooklyn,19150417,19150620,,,,,,,,,,,,,
retrosheet/1915,1915,National League,alexander,alexg102,Alexander,Pete,,Philadelphia,19150414,19151011,,,,,,,,,,,,,
retrosheet/1915,1915,National League,ames ,amesr101,Ames,Red,,Cincinnati,19150414,19150717,,,,,,,,,,,,,
retrosheet/1915,1915,National League,ames ,amesr101,Ames,Red,,St. Louis,19150726,19151002,,,,,,,,,,,,,
retrosheet/1915,1915,National League,appleton,apple101,Appleton,Ed,,Brooklyn,19150416,19151006,,,,,,,,,,,,,
retrosheet/1915,1915,National League,archer,archj102,Archer,Jimmy,,Chicago,19150414,19151002,,,,,,,,,,,,,
retrosheet/1915,1915,National League,babington,babic101,Babington,Charlie,,New York,19150720,19150926,,,,,,,,,,,,,
researchers/blau,1915,National League,baird,VQLZGGX,Baird,Doug,,Pittsburgh,,,,,,,,,,,,,,,
retrosheet/1915,1915,National League,baird,baird101,Baird,Doug,,Pittsburgh,19150417,19151003,,,,,,,,,,,,,
retrosheet/1915,1915,National League,baker,bakeh101,Baker,Howard,,New York,19151006,19151006,,,,,,,,,,,,,
retrosheet/1915,1915,National League,bancroft,bancd101,Bancroft,Dave,,Philadelphia,19150414,19151013,,,,,,,,,,,,,
retrosheet/1915,1915,National League,barnes,barnj102,Barnes,Jesse,,Boston,19150730,19150921,,,,,,,,,,,,,
retrosheet/1915,1915,National League,barney,barne104,Barney,Ed,,Pittsburgh,19150823,19151003,,,,,,,,,,,,,
retrosheet/1915,1915,National League,baumgartner,baums101,Baumgartner,Stan,,Philadelphia,19150505,19150930,,,,,,,,,,,,,
retrosheet/1915,1915,National League,beall,bealj101,Beall,Johnny,,Cincinnati,19150925,19151003,,,,,,,,,,,,,
retrosheet/1915,1915,National League,beck,beckz101,Beck,Zinn,,St. Louis,19150414,19150930,,,,,,,,,,,,,
retrosheet/1915,1915,National League,becker-phi,beckb101,Becker,Beals,,Philadelphia,19150414,19151013,,,,,,,,,,,,,
retrosheet/1915,1915,National League,becker-ny,beckm101,Becker,Marty,,New York,19150908,19151006,,,,,,,,,,,,,
retrosheet/1915,1915,National League,benton,bentr102,Benton,Rube,,Cincinnati,19150415,19150808,,,,,,,,,,,,,
retrosheet/1915,1915,National League,benton,bentr102,Benton,Rube,,New York,19150825,19151004,,,,,,,,,,,,,
retrosheet/1915,1915,National League,bescher,bescb101,Bescher,Bob,,St. Louis,19150414,19150926,,,,,,,,,,,,,
researchers/morris,1915,National League,betzel,TJWPXQR,Betzel,Albert,,St. Louis,,,,,,,,,,,,,,,
retrosheet/1915,1915,National League,betzel,betzb101,Betzel,Bruno,,St. Louis,19150414,19151003,,,,,,,,,,,,,
retrosheet/1915,1915,National League,blackburn,blace101,Blackburn,Earl,,Boston,19150930,19151007,,,,,,,,,,,,,
researchers/blau,1915,National League,boardman,QBNSSYJ,Boardman,Charlie,,St. Louis,,,,,,,,,,,,,,,
researchers/blau,1915,National League,boardman,QJJZFSW,Boardman,Charlie,,St. Louis,,,,,,,,,,,,,,,
retrosheet/1915,1915,National League,boardman,boarc101,Boardman,Charlie,,St. Louis,19150914,19150921,,,,,,,,,,,,,
retrosheet/1915,1915,National League,brainard,braif101,Brainard,Fred,,New York,19150417,19151007,,,,,,,,,,,,,
retrosheet/1915,1915,National League,bresnahan,bresr102,Bresnahan,Roger,,Chicago,19150417,19151003,,,,,,,,,,,,,
retrosheet/1915,1915,National League,brown-cin,browc104,Brown,Curly,,Cincinnati,19150417,19150601,,,,,,,,,,,,,
retrosheet/1915,1915,National League,brown-bro,browe101,Brown,Elmer,,Brooklyn,19150414,19150414,,,,,,,,,,,,,
retrosheet/1915,1915,National League,brown-stl,browj108,Brown,Jim,,St. Louis,19150913,19150913,,,,,,,,,,,,,
retrosheet/1915,1915,National League,burns-phi,burne101,Burns,Ed,,Philadelphia,19150424,19151013,,,,,,,,,,,,,
retrosheet/1915,1915,National League,burns-ny,burng101,Burns,George,,New York,19150414,19151007,,,,,,,,,,,,,
retrosheet/1915,1915,National League,butler,butla101,Butler,Art,,St. Louis,19150414,19150912,,,,,,,,,,,,,
retrosheet/1915,1915,National League,byrne,byrnb101,Byrne,Bobby,,Philadelphia,19150414,19151012,,,,,,,,,,,,,
retrosheet/1915,1915,National League,cadore,cadol101,Cadore,Leon,,Brooklyn,19150428,19150613,,,,,,,,,,,,,
retrosheet/1915,1915,National League,callahan,callr101,Callahan,Ray,,Cincinnati,19150912,19150927,,,,,,,,,,,,,
retrosheet/1915,1915,National League,carey,carem101,Carey,Max,,Pittsburgh,19150414,19151003,,,,,,,,,,,,,
retrosheet/1915,1915,National League,cather,catht101,Cather,Ted,,Boston,19150417,19150712,,,,,,,,,,,,,
retrosheet/1915,1915,National League,chalmers,chalg101,Chalmers,George,,Philadelphia,19150421,19151012,,,,,,,,,,,,,
retrosheet/1915,1915,National League,cheney,chenl101,Cheney,Larry,,Brooklyn,19150831,19150928,,,,,,,,,,,,,
retrosheet/1915,1915,National League,cheney,chenl101,Cheney,Larry,,Chicago,19150415,19150823,,,,,,,,,,,,,
retrosheet/1915,1915,National League,clarke-pit,clarf101,Clarke,Fred,,Pittsburgh,19150923,19150923,,,,,,,,,,,,,
retrosheet/1915,1915,National League,clarke-cin,clart101,Clarke,Tommy,,Cincinnati,19150416,19150928,,,,,,,,,,,,,
retrosheet/1915,1915,National League,cochran,cochg102,Cochran,Goat,,Cincinnati,19150825,19150825,,,,,,,,,,,,,
retrosheet/1915,1915,National League,cocreham,cocrg101,Cocreham,Gene,,Boston,19150421,19150421,,,,,,,,,,,,,
retrosheet/1915,1915,National League,collins,collz101,Collins,Zip,,Boston,19151001,19151007,,,,,,,,,,,,,
retrosheet/1915,1915,National League,collins,collz101,Collins,Zip,,Pittsburgh,19150518,19150925,,,,,,,,,,,,,
retrosheet/1915,1915,National League,compton,compp101,Compton,Pete,,Boston,19150813,19151007,,,,,,,,,,,,,
retrosheet/1915,1915,National League,connolly,connj107,Connolly,Joe,,Boston,19150414,19151007,,,,,,,,,,,,,
retrosheet/1915,1915,National League,conzelman,conzj101,Conzelman,Joe,,Pittsburgh,19150416,19150815,,,,,,,,,,,,,
retrosheet/1915,1915,National League,coombs,coomj101,Coombs,Jack,,Brooklyn,19150419,19150925,,,,,,,,,,,,,
retrosheet/1915,1915,National League,cooper,coopw101,Cooper,Wilbur,,Pittsburgh,19150418,19150923,,,,,,,,,,,,,
retrosheet/1915,1915,National League,corriden,corrr101,Corriden,Red,,Chicago,19150417,19150515,,,,,,,,,,,,,
retrosheet/1915,1915,National League,costello,costd101,Costello,Dan,,Pittsburgh,19150416,19151002,,,,,,,,,,,,,
retrosheet/1915,1915,National League,cravath,cravg101,Cravath,Gavvy,,Philadelphia,19150414,19151013,,,,,,,,,,,,,
retrosheet/1915,1915,National League,cruther,crutd101,Crutcher,Dick,,Boston,19150417,19150625,,,,,,,,,,,,,
retrosheet/1915,1915,National League,cutshaw,cutsg101,Cutshaw,George,,Brooklyn,19150414,19151006,,,,,,,,,,,,,
retrosheet/1915,1915,National League,dale,daleg101,Dale,Gene,,Cincinnati,19150416,19151002,,,,,,,,,,,,,
retrosheet/1915,1915,National League,daringer,darir101,Daringer,Rolla,,St. Louis,19150414,19150423,,,,,,,,,,,,,
retrosheet/1915,1915,National League,daubert-pit,daubh101,Daubert,Harry,,Pittsburgh,19150904,19150904,,,,,,,,,,,,,
retrosheet/1915,1915,National League,daubert-bro,daubj101,Daubert,Jake,,Brooklyn,19150417,19151006,,,,,,,,,,,,,
retrosheet/1915,1915,National League,davis,davii103,Davis,Iron,,Boston,19150630,19151007,,,,,,,,,,,,,
retrosheet/1915,1915,National League,dell,dellw101,Dell,Wheezer,,Brooklyn,19150419,19151006,,,,,,,,,,,,,
retrosheet/1915,1915,National League,demaree,demaa101,Demaree,Al,,Philadelphia,19150419,19151006,,,,,,,,,,,,,
retrosheet/1915,1915,National League,doak,doakb101,Doak,Bill,,St. Louis,19150415,19151001,,,,,,,,,,,,,
retrosheet/1915,1915,National League,dolan,dolac102,Dolan,Cozy,,St. Louis,19150414,19151003,,,,,,,,,,,,,
retrosheet/1915,1915,National League,dooin,dooir101,Dooin,Red,,Cincinnati,19150414,19150606,,,,,,,,,,,,,
retrosheet/1915,1915,National League,dooin,dooir101,Dooin,Red,,New York,19150709,19151006,,,,,,,,,,,,,
retrosheet/1915,1915,National League,douglas,dougp101,Douglas,Phil,,Brooklyn,19150624,19150907,,,,,,,,,,,,,
retrosheet/1915,1915,National League,douglas,dougp101,Douglas,Phil,,Chicago,19150915,19151002,,,,,,,,,,,,,
retrosheet/1915,1915,National League,douglas,dougp101,Douglas,Phil,,Cincinnati,19150416,19150609,,,,,,,,,,,,,
retrosheet/1915,1915,National League,doyle,doyll101,Doyle,Larry,,New York,19150414,19151007,,,,,,,,,,,,,
retrosheet/1915,1915,National League,dugey,dugeo101,Dugey,Oscar,,Philadelphia,19150428,19151013,,,,,,,,,,,,,
retrosheet/1915,1915,National League,duncan,duncp101,Duncan,Pat,,Pittsburgh,19150716,19150719,,,,,,,,,,,,,
retrosheet/1915,1915,National League,dyer,dyerb101,Dyer,Ben,,New York,19150921,19151007,,,,,,,,,,,,,
retrosheet/1915,1915,National League,egan,egand102,Egan,Dick,,Brooklyn,19150414,19150417,,,,,,,,,,,,,
retrosheet/1915,1915,National League,egan,egand102,Egan,Dick,,Boston,19150426,19151007,,,,,,,,,,,,,
retrosheet/1915,1915,National League,evers,everj102,Evers,Johnny,,Boston,19150414,19151007,,,,,,,,,,,,,
retrosheet/1915,1915,National League,fisher,fisht103,Fisher,Bob,,Chicago,19150414,19151003,,,,,,,,,,,,,
retrosheet/1915,1915,National League,fitzpatrick,fitze102,Fitzpatrick,Ed,,Boston,19150417,19151006,,,,,,,,,,,,,
retrosheet/1915,1915,National League,fletcher,fleta101,Fletcher,Art,,New York,19150414,19151007,,,,,,,,,,,,,
retrosheet/1915,1915,National League,fluhrer,fluhj101,Fluhrer,John,,Chicago,19150905,19150924,,,,,,,,,,,,,
retrosheet/1915,1915,National League,frommer,froma101,Fromme,Art,,New York,19150419,19150507,,,,,,,,,,,,,
retrosheet/1915,1915,National League,george,georl101,George,Lefty,,Cincinnati,19150903,19151003,,,,,,,,,,,,,
retrosheet/1915,1915,National League,gerber,gerbw101,Gerber,Wally,,Pittsburgh,19150414,19150922,,,,,,,,,,,,,
retrosheet/1915,1915,National League,getz,getzg101,Getz,Gus,,Brooklyn,19150414,19151006,,,,,,,,,,,,,
retrosheet/1915,1915,National League,gibson,gibsg101,Gibson,George,,Pittsburgh,19150414,19151003,,,,,,,,,,,,,
retrosheet/1915,1915,National League,gilbert,gilbl101,Gilbert,Larry,,Boston,19150415,19150712,,,,,,,,,,,,,
retrosheet/1915,1915,National League,glenn,glenh101,Glenn,Harry,,St. Louis,19150414,19150512,,,,,,,,,,,,,
retrosheet/1915,1915,National League,gonzalez,gonzm101,Gonzalez,Mike,,St. Louis,19150506,19151003,,,,,,,,,,,,,
retrosheet/1915,1915,National League,good,goodw101,Good,Wilbur,,Chicago,19150414,19151002,,,,,,,,,,,,,
retrosheet/1915,1915,National League,gowdy,gowdh101,Gowdy,Hank,,Boston,19150414,19151006,,,,,,,,,,,,,
retrosheet/1915,1915,National League,grant,grane101,Grant,Eddie,,New York,19150417,19151006,,,,,,,,,,,,,
retrosheet/1915,1915,National League,griffith,grift102,Griffith,Tommy,,Cincinnati,19150414,19151003,,,,,,,,,,,,,
retrosheet/1915,1915,National League,griner,grind101,Griner,Dan,,St. Louis,19150416,19150921,,,,,,,,,,,,,
retrosheet/1915,1915,National League,groh,grohh101,Groh,Heinie,,Cincinnati,19150414,19151003,,,,,,,,,,,,,
retrosheet/1915,1915,National League,hargrave,hargb101,Hargrave,Bubbles,,Chicago,19150424,19150923,,,,,,,,,,,,,
retrosheet/1915,1915,National League,harmon,harmb101,Harmon,Bob,,Pittsburgh,19150415,19151002,,,,,,,,,,,,,
retrosheet/1915,1915,National League,herbert,herbf101,Herbert,Fred,,New York,19150925,19150929,,,,,,,,,,,,,
retrosheet/1915,1915,National League,herzog,herzb101,Herzog,Buck,,Cincinnati,19150414,19151003,,,,,,,,,,,,,
retrosheet/1915,1915,National League,hess,hesso101,Hess,Otto,,Boston,19150422,19150613,,,,,,,,,,,,,
retrosheet/1915,1915,National League,hill,hillc102,Hill,Carmen,,Pittsburgh,19150824,19151001,,,,,,,,,,,,,
retrosheet/1915,1915,National League,hinchman,hincb101,Hinchman,Bill,,Pittsburgh,19150414,19151003,,,,,,,,,,,,,
retrosheet/1915,1915,National League,hogg,hoggb102,Hogg,Brad,,Chicago,19150925,19150928,,,,,,,,,,,,,
retrosheet/1915,1915,National League,hornsby,hornr101,Hornsby,Rogers,,St. Louis,19150910,19151003,,,,,,,,,,,,,
retrosheet/1915,1915,National League,huggins,huggm101,Huggins,Miller,,St. Louis,19150414,19151001,,,,,,,,,,,,,
retrosheet/1915,1915,National League,hughes,hught107,Hughes,Tom,,Boston,19150415,19151006,,,,,,,,,,,,,
retrosheet/1915,1915,National League,hummel,hummj101,Hummel,John,,Brooklyn,19150414,19151006,,,,,,,,,,,,,
retrosheet/1915,1915,National League,humphries,humpb101,Humphries,Bert,,Chicago,19150503,19151002,,,,,,,,,,,,,
retrosheet/1915,1915,National League,hyatt,hyath101,Hyatt,Ham,,St. Louis,19150416,19151002,,,,,,,,,,,,,
retrosheet/1915,1915,National League,jacobson,jacom102,Jacobson,Merwin,,New York,19150908,19151007,,,,,,,,,,,,,
retrosheet/1915,1915,National League,james,jameb102,James,Bill,,Boston,19150421,19150730,,,,,,,,,,,,,
retrosheet/1915,1915,National League,johnston,johnd107,Johnston,Doc,,Pittsburgh,19150414,19151003,,,,,,,,,,,,,
retrosheet/1915,1915,National League,kantlehner,kante101,Kantlehner,Erv,,Pittsburgh,19150416,19151003,,,,,,,,,,,,,
retrosheet/1915,1915,National League,karst,karsj101,Karst,John,,Brooklyn,19151006,19151006,,,,,,,,,,,,,
retrosheet/1915,1915,National League,keating,keatc101,Keating,Chick,,Chicago,19150921,19150924,,,,,,,,,,,,,
retrosheet/1915,1915,National League,kelly-ny,kellg101,Kelly,High Pockets,,New York,19150818,19151004,,,,,,,,,,,,,
retrosheet/1915,1915,National League,kelly-pit,kellh102,Kelly,Herb,,Pittsburgh,19150427,19150906,,,,,,,,,,,,,
retrosheet/1915,1915,National League,killefer-phi,killb101,Killefer,Bill,,Philadelphia,19150414,19151013,,,,,,,,,,,,,
retrosheet/1915,1915,National League,killefer-cin,killr101,Killefer,Red,,Cincinnati,19150414,19151003,,,,,,,,,,,,,
retrosheet/1915,1915,National League,knisely,knisp101,Knisely,Pete,,Chicago,19150417,19150923,,,,,,,,,,,,,
retrosheet/1915,1915,National League,kocher,kochb101,Kocher,Brad,,New York,19150922,19151007,,,,,,,,,,,,,
retrosheet/1915,1915,National League,lamlein,lamlf101,Lamlein,Fred,,St. Louis,19150910,19150921,,,,,,,,,,,,,
retrosheet/1915,1915,National League,lavender,lavej101,Lavender,Jimmy,,Chicago,19150416,19150930,,,,,,,,,,,,,
retrosheet/1915,1915,National League,leach,leact101,Leach,Tommy,,Cincinnati,19150414,19150930,,,,,,,,,,,,,
retrosheet/1915,1915,National League,lear,leark101,Lear,King,,Cincinnati,19150419,19150929,,,,,,,,,,,,,
retrosheet/1915,1915,National League,lejeune,lejel101,Lejeune,Sheldon,,Pittsburgh,19150414,19150503,,,,,,,,,,,,,
retrosheet/1915,1915,National League,lobert,lobeh101,Lobert,Hans,,New York,19150414,19151004,,,,,,,,,,,,,
retrosheet/1915,1915,National League,long,longt102,Long,Tom,,St. Louis,19150414,19151003,,,,,,,,,,,,,
retrosheet/1915,1915,National League,lwo,low-f101,Low,Fletcher,,Boston,19151007,19151007,,,,,,,,,,,,,
retrosheet/1915,1915,National League,luderus,ludef101,Luderus,Fred,,Philadelphia,19150414,19151013,,,,,,,,,,,,,
retrosheet/1915,1915,National League,luque,luqud101,Luque,Dolf,,Boston,19150420,19150423,,,,,,,,,,,,,
retrosheet/1915,1915,National League,magee,mages101,Magee,Sherry,,Boston,19150414,19151007,,,,,,,,,,,,,
retrosheet/1915,1915,National League,mails,mailw101,Mails,Duster,,Brooklyn,19150928,19151006,,,,,,,,,,,,,
retrosheet/1915,1915,National League,mamaux,mamaa101,Mamaux,Al,,Pittsburgh,19150417,19151002,,,,,,,,,,,,,
retrosheet/1915,1915,National League,maranville,marar101,Maranville,Rabbit,,Boston,19150414,19151007,,,,,,,,,,,,,
retrosheet/1915,1915,National League,marquard,marqr102,Marquard,Rube,,Brooklyn,19150831,19151006,,,,,,,,,,,,,
retrosheet/1915,1915,National League,marquard,marqr102,Marquard,Rube,,New York,19150415,19150821,,,,,,,,,,,,,
retrosheet/1915,1915,National League,mathewson,mathc102,Mathewson,Christy,,New York,19150417,19150918,,,,,,,,,,,,,
retrosheet/1915,1915,National League,mayer,mayee101,Mayer,Erskine,,Philadelphia,19150415,19151013,,,,,,,,,,,,,
retrosheet/1915,1915,National League,mcauley,mcaui101,McAuley,Ike,,Pittsburgh,19150901,19150904,,,,,,,,,,,,,
retrosheet/1915,1915,National League,mccarthy,mccaa103,McCarthy,Alex,,Chicago,19150911,19150930,,,,,,,,,,,,,
retrosheet/1915,1915,National League,mccarthy,mccaa103,McCarthy,Alex,,Pittsburgh,19150416,19150904,,,,,,,,,,,,,
retrosheet/1915,1915,National League,mccarty,mccal102,McCarty,Lew,,Brooklyn,19150414,19151004,,,,,,,,,,,,,
retrosheet/1915,1915,National League,mccluskey,mcclh101,McCluskey,Harry,,Cincinnati,19150729,19150820,,,,,,,,,,,,,
retrosheet/1915,1915,National League,mckenry,mckel102,McKenry,Limb,,Cincinnati,19150720,19150930,,,,,,,,,,,,,
retrosheet/1915,1915,National League,mclarry,mclap101,McLarry,Polly,,Chicago,19150415,19150924,,,,,,,,,,,,,
retrosheet/1915,1915,National League,mclean,mclel101,McLean,Larry,,New York,19150429,19150606,,,,,,,,,,,,,
retrosheet/1915,1915,National League,mcquillan,mcqug103,McQuillan,George,,Philadelphia,19150823,19151004,,,,,,,,,,,,,
retrosheet/1915,1915,National League,mcquillan,mcqug103,McQuillan,George,,Pittsburgh,19150414,19150815,,,,,,,,,,,,,
retrosheet/1915,1915,National League,meadows,meadl101,Meadows,Lee,,St. Louis,19150419,19151003,,,,,,,,,,,,,
retrosheet/1915,1915,National League,merkle,merkf101,Merkle,Fred,,New York,19150414,19151007,,,,,,,,,,,,,
retrosheet/1915,1915,National League,meyers,meyec101,Meyers,Chief,,New York,19150414,19151004,,,,,,,,,,,,,
retrosheet/1915,1915,National League,miller-stl,milld102,Miller,Dots,,St. Louis,19150414,19151003,,,,,,,,,,,,,
retrosheet/1915,1915,National League,miller-bro,millo103,Miller,Otto,,Brooklyn,19150415,19150929,,,,,,,,,,,,,
retrosheet/1915,1915,National League,mollwitz,mollf101,Mollwitz,Fritz,,Cincinnati,19150414,19151003,,,,,,,,,,,,,
retrosheet/1915,1915,National League,moran,morah101,Moran,Herbie,,Boston,19150414,19151007,,,,,,,,,,,,,
retrosheet/1915,1915,National League,mulligan,mullj103,Mulligan,Eddie,,Chicago,19150923,19150930,,,,,,,,,,,,,
retrosheet/1915,1915,National League,murphy,murpl101,Murphy,Leo,,Pittsburgh,19150502,19150925,,,,,,,,,,,,,
retrosheet/1915,1915,National League,murray,murrr103,Murray,Red,,Chicago,19150709,19151003,,,,,,,,,,,,,
retrosheet/1915,1915,National League,murray,murrr103,Murray,Red,,New York,19150414,19150702,,,,,,,,,,,,,
retrosheet/1915,1915,National League,myers,myerh102,Myers,Hi,,Brooklyn,19150414,19151006,,,,,,,,,,,,,
retrosheet/1915,1915,National League,nehf,nehfa101,Nehf,Art,,Boston,19150813,19151001,,,,,,,,,,,,,
retrosheet/1915,1915,National League,niehaus,niehd101,Niehaus,Dick,,St. Louis,19150414,19150921,,,,,,,,,,,,,
retrosheet/1915,1915,National League,niehoff,niehb101,Niehoff,Bert,,Philadelphia,19150414,19151013,,,,,,,,,,,,,
retrosheet/1915,1915,National League,nixon,nixoa101,Nixon,Al,,Brooklyn,19150904,19151006,,,,,,,,,,,,,
retrosheet/1915,1915,National League,ofarrell,ofarb101,O'Farrell,Bob,,Chicago,19150905,19150924,,,,,,,,,,,,,
retrosheet/1915,1915,National League,omara,omaro101,O'Mara,Ollie,,Brooklyn,19150414,19151006,,,,,,,,,,,,,
retrosheet/1915,1915,National League,oeschger,oescj101,Oeschger,Joe,,Philadelphia,19150424,19151006,,,,,,,,,,,,,
retrosheet/1915,1915,National League,olson,olsoi101,Olson,Ivy,,Brooklyn,19150717,19151006,,,,,,,,,,,,,
retrosheet/1915,1915,National League,olson,olsoi101,Olson,Ivy,,Cincinnati,19150414,19150712,,,,,,,,,,,,,
retrosheet/1915,1915,National League,palmero,palme102,Palmero,Emilio,,New York,19150921,19151006,,,,,,,,,,,,,
retrosheet/1915,1915,National League,paskert,paskd101,Paskert,Dode,,Philadelphia,19150420,19151013,,,,,,,,,,,,,
retrosheet/1915,1915,National League,perdue,perdh101,Perdue,Hub,,St. Louis,19150420,19150930,,,,,,,,,,,,,
retrosheet/1915,1915,National League,perritt,perrp101,Perritt,Pol,,New York,19150416,19151004,,,,,,,,,,,,,
retrosheet/1915,1915,National League,pfeffer,pfefj101,Pfeffer,Jeff,,Brooklyn,19150414,19151004,,,,,,,,,,,,,
retrosheet/1915,1915,National League,phelan,phela101,Phelan,Art,,Chicago,19150414,19151003,,,,,,,,,,,,,
retrosheet/1915,1915,National League,pierce,pearg101,Pierce,George,,Chicago,19150419,19150928,,,,,,,,,,,,,
retrosheet/1915,1915,National League,ragan,ragap101,Ragan,Pat,,Brooklyn,19150415,19150428,,,,,,,,,,,,,
retrosheet/1915,1915,National League,ragan,ragap101,Ragan,Pat,,Boston,19150507,19151006,,,,,,,,,,,,,
researchers/morris,1915,National League,*ray,LPTLRKL,Ray,Carl,,Philadelphia,,,,,,,,,,,,,,,
retrosheet/1915,1915,National League,ritter,ritth101,Ritter,Hank,,New York,19150417,19150921,,,,,,,,,,,,,
retrosheet/1915,1915,National League,rixey,rixee101,Rixey,Eppa,,Philadelphia,19150423,19151013,,,,,,,,,,,,,
retrosheet/1915,1915,National League,robertson,robed103,Robertson,Dave,,New York,19150416,19151007,,,,,,,,,,,,,
retrosheet/1915,1915,National League,robinson,robih102,Robinson,Hank,,St. Louis,19150501,19150930,,,,,,,,,,,,,
retrosheet/1915,1915,National League,roche,rochj101,Roche,Jack,,St. Louis,19150414,19151001,,,,,,,,,,,,,
retrosheet/1915,1915,National League,rodgers,rodgb103,Rodgers,Bill,,Cincinnati,19150709,19151002,,,,,,,,,,,,,
retrosheet/1915,1915,National League,rucker,ruckn101,Rucker,Nap,,Brooklyn,19150415,19150929,,,,,,,,,,,,,
retrosheet/1915,1915,National League,rudolph,rudod101,Rudolph,Dick,,Boston,19150414,19151004,,,,,,,,,,,,,
retrosheet/1915,1915,National League,saier,saiev101,Saier,Vic,,Chicago,19150414,19151003,,,,,,,,,,,,,
retrosheet/1915,1915,National League,sallee,salls101,Sallee,Slim,,St. Louis,19150414,19151003,,,,,,,,,,,,,
retrosheet/1915,1915,National League,schang,schab101,Schang,Bobby,,New York,19150831,19151006,,,,,,,,,,,,,
retrosheet/1915,1915,National League,schang,schab101,Schang,Bobby,,Pittsburgh,19150416,19150817,,,,,,,,,,,,,
retrosheet/1915,1915,National League,schauer,schar101,Schauer,Rube,,New York,19150420,19150917,,,,,,,,,,,,,
retrosheet/1915,1915,National League,scheeren,schef104,Scheeren,Fritz,,Pittsburgh,19150426,19150511,,,,,,,,,,,,,
retrosheet/1915,1915,National League,schmidt,schmb103,Schmidt,Butch,,Boston,19150414,19150910,,,,,,,,,,,,,
retrosheet/1915,1915,National League,schmutz,schmc102,Schmutz,Charlie,,Brooklyn,19150414,19150414,,,,,,,,,,,,,
retrosheet/1915,1915,National League,schnedier,schnp101,Schneider,Pete,,Cincinnati,19150414,19151003,,,,,,,,,,,,,
retrosheet/1915,1915,National League,schorr,schoe101,Schorr,Ed,,Chicago,19150426,19150923,,,,,,,,,,,,,
retrosheet/1915,1915,National League,schulte,schuf103,Schulte,Frank,,Chicago,19150414,19151003,,,,,,,,,,,,,
retrosheet/1915,1915,National League,schultz,schuj101,Schultz,Joe,,Brooklyn,19150414,19150827,,,,,,,,,,,,,
retrosheet/1915,1915,National League,schultz,schuj101,Schultz,Joe,,Chicago,19150831,19150922,,,,,,,,,,,,,
retrosheet/1915,1915,National League,schupp,schuf102,Schupp,Ferdie,,New York,19150427,19150929,,,,,,,,,,,,,
researchers/blau,1915,National League,shannon.r,NBNFKCH,Shannon,Red,,Boston,,,,,,,,,,,,,,,
researchers/blau,1915,National League,shannon.j,RGRKGGM,Shannon,Joe,,Boston,,,,,,,,,,,,,,,
retrosheet/1915,1915,National League,shannon.j,shanj102,Shannon,Joe,,Boston,19150630,19151007,,,,,,,,,,,,,
retrosheet/1915,1915,National League,shannon.r,shanr101,Shannon,Red,,Boston,19151007,19151007,,,,,,,,,,,,,
retrosheet/1915,1915,National League,siglin,siglp101,Siglin,Paddy,,Pittsburgh,19150901,19150924,,,,,,,,,,,,,
retrosheet/1915,1915,National League,slattery,slatp101,Slattery,Phil,,Pittsburgh,19150916,19150925,,,,,,,,,,,,,
researchers/morris,1915,National League,smith-ny,LHWJNQF,Smith,Harry,,New York,,,,,,,,,,,,,,,
retrosheet/1915,1915,National League,smith-ny,smith107,Smith,Harry,,New York,19150414,19150701,,,,,,,,,,,,,
retrosheet/1915,1915,National League,smith-stl,smitj106,Smith,Jack,,St. Louis,19150930,19151003,,,,,,,,,,,,,
retrosheet/1915,1915,National League,smith-bos,smitr108,Smith,Red,,Boston,19150414,19151007,,,,,,,,,,,,,
retrosheet/1915,1915,National League,smith-pit,smits101,Smith,Syd,,Pittsburgh,19150418,19150418,,,,,,,,,,,,,
retrosheet/1915,1915,National League,smith-bro,smits102,Smith,Sherry,,Brooklyn,19150419,19150924,,,,,,,,,,,,,
retrosheet/1915,1915,National League,smyth,smytr101,Smyth,Red,,Brooklyn,19150811,19151006,,,,,,,,,,,,,
retrosheet/1915,1915,National League,snodgrass,snodf101,Snodgrass,Fred,,Boston,19150823,19150913,,,,,,,,,,,,,
retrosheet/1915,1915,National League,snodgrass,snodf101,Snodgrass,Fred,,New York,19150414,19150817,,,,,,,,,,,,,
retrosheet/1915,1915,National League,snyder,snydf101,Snyder,Frank,,St. Louis,19150414,19151003,,,,,,,,,,,,,
retrosheet/1915,1915,National League,standridge,stanp101,Standridge,Pete,,Chicago,19150415,19151002,,,,,,,,,,,,,
retrosheet/1915,1915,National League,stengel,stenc101,Stengel,Casey,,Brooklyn,19150414,19151006,,,,,,,,,,,,,
retrosheet/1915,1915,National League,stock,stocm101,Stock,Milt,,Philadelphia,19150429,19151013,,,,,,,,,,,,,
retrosheet/1915,1915,National League,strand,strap101,Strand,Paul,,Boston,19150415,19150923,,,,,,,,,,,,,
retrosheet/1915,1915,National League,stroud,stros102,Stroud,Sailor,,New York,19150417,19151007,,,,,,,,,,,,,
retrosheet/1915,1915,National League,tesreau,tesrj101,Tesreau,Jeff,,New York,19150414,19151006,,,,,,,,,,,,,
retrosheet/1915,1915,National League,thorpe,thorj101,Thorpe,Jim,,New York,19150414,19150917,,,,,,,,,,,,,
retrosheet/1915,1915,National League,tincup,tincb101,Tincup,Ben,,Philadelphia,19150602,19150907,,,,,,,,,,,,,
retrosheet/1915,1915,National League,toney,tonef101,Toney,Fred,,Cincinnati,19150601,19150926,,,,,,,,,,,,,
retrosheet/1915,1915,National League,tragesser,tragw101,Tragesser,Walt,,Boston,19150521,19150531,,,,,,,,,,,,,
retrosheet/1915,1915,National League,twombly,twomg101,Twombly,George,,Cincinnati,19150414,19150727,,,,,,,,,,,,,
retrosheet/1915,1915,National League,tyler,tylel101,Tyler,Lefty,,Boston,19150506,19151004,,,,,,,,,,,,,
retrosheet/1915,1915,National League,vance,vancd101,Vance,Dazzy,,Pittsburgh,19150416,19150416,,,,,,,,,,,,,
retrosheet/1915,1915,National League,vaughn,vaugh101,Vaughn,Hippo,,Chicago,19150414,19151003,,,,,,,,,,,,,
retrosheet/1915,1915,National League,viox,vioxj101,Viox,Jim,,Pittsburgh,19150414,19151003,,,,,,,,,,,,,
retrosheet/1915,1915,National League,vonkolnitz,vonkf101,Von Kolnitz,Fritz,,Cincinnati,19150422,19150923,,,,,,,,,,,,,
retrosheet/1915,1915,National League,wagner.b-pit,wagnb101,Wagner,Bill,,Pittsburgh,19150831,19150924,,,,,,,,,,,,,
retrosheet/1915,1915,National League,wagner.h-pit,wagnh101,Wagner,Honus,,Pittsburgh,19150414,19151003,,,,,,,,,,,,,
retrosheet/1915,1915,National League,wagner.j-cin,wagnj101,Wagner,Joe,,Cincinnati,19150414,19151003,,,,,,,,,,,,,
retrosheet/1915,1915,National League,wallace,wallj104,Wallace,Jack,,Chicago,19150927,19150930,,,,,,,,,,,,,
retrosheet/1915,1915,National League,weiser,weisb101,Weiser,Bud,,Philadelphia,19150429,19151001,,,,,,,,,,,,,
retrosheet/1915,1915,National League,wendell,wendl101,Wendell,Lew,,New York,19150610,19150918,,,,,,,,,,,,,
retrosheet/1915,1915,National League,whaling,whalb101,Whaling,Bert,,Boston,19150421,19151007,,,,,,,,,,,,,
retrosheet/1915,1915,National League,wheat.m,wheam101,Wheat,Mack,,Brooklyn,19150514,19151006,,,,,,,,,,,,,
retrosheet/1915,1915,National League,wheat.z,wheaz101,Wheat,Zack,,Brooklyn,19150414,19151006,,,,,,,,,,,,,
retrosheet/1915,1915,National League,whitted,whitp102,Whitted,Possum,,Philadelphia,19150414,19151013,,,,,,,,,,,,,
retrosheet/1915,1915,National League,williams-chi,willc103,Williams,Cy,,Chicago,19150414,19151003,,,,,,,,,,,,,
retrosheet/1915,1915,National League,williams-cin,willk101,Williams,Ken,,Cincinnati,19150714,19150930,,,,,,,,,,,,,
retrosheet/1915,1915,National League,wilson,wilsc102,Wilson,Chief,,St. Louis,19150414,19150918,,,,,,,,,,,,,
retrosheet/1915,1915,National League,wingo,wingi101,Wingo,Ivey,,Cincinnati,19150417,19151003,,,,,,,,,,,,,
researchers/blau,1915,National League,wright,NZWXPDS,Wright,Bob,,Chicago,,,,,,,,,,,,,,,
retrosheet/1915,1915,National League,wright,wrigb101,Wright,Bob,,Chicago,19150921,19150924,,,,,,,,,,,,,
retrosheet/1915,1915,National League,zabel,zabez101,Zabel,Zip,,Chicago,19150417,19150929,,,,,,,,,,,,,
retrosheet/1915,1915,National League,zimmerman-bro,zimmb101,Zimmerman,Bill,,Brooklyn,19150414,19150709,,,,,,,,,,,,,
retrosheet/1915,1915,National League,zimmerman-chi,zimmh101,Zimmerman,Heinie,,Chicago,19150414,19151003,,,,,,,,,,,,,
