source,league.year,league.name,ident,person.ref,person.name.last,person.name.given,S_STINT,entry.name,S_FIRST,S_LAST,B_G,P_G,F_1B_G,F_2B_G,F_3B_G,F_SS_G,F_OF_G,F_LF_G,F_CF_G,F_RF_G,F_C_G,F_P_G,F_ALL_G
retrosheet/1915,1915,American League,acosta,acosm101,Acosta,Merito,,Washington,19150415,19151006,,,,,,,,,,,,,
retrosheet/1915,1915,American League,agnew,agnes101,Agnew,Sam,,St. Louis,19150414,19151003,,,,,,,,,,,,,
researchers/mcconnell,1915,American League,ainsmith,CYKQXPR,Ainsmith,Edward,,Washington,,,,,,,,,,,,,,,
retrosheet/1915,1915,American League,ainsmith,ainse101,Ainsmith,Eddie,,Washington,19150414,19150930,,,,,,,,,,,,,
retrosheet/1915,1915,American League,alexander,alexw101,Alexander,Walt,,New York,19150802,19151007,,,,,,,,,,,,,
retrosheet/1915,1915,American League,alexadner,alexw101,Alexander,Walt,,St. Louis,19150415,19150415,,,,,,,,,,,,,
retrosheet/1915,1915,American League,altrock,altrn101,Altrock,Nick,,Washington,19150719,19150719,,,,,,,,,,,,,
retrosheet/1915,1915,American League,ancker,anckw101,Ancker,Walter,,Philadelphia,19150903,19150914,,,,,,,,,,,,,
researchers/mcconnell,1915,American League,austin,BGPBXQB,Austin,James,,St. Louis,,,,,,,,,,,,,,,
retrosheet/1915,1915,American League,austin,austj101,Austin,Jimmy,,St. Louis,19150414,19151003,,,,,,,,,,,,,
retrosheet/1915,1915,American League,ayers,ayerd101,Ayers,Doc,,Washington,19150415,19151006,,,,,,,,,,,,,
retrosheet/1915,1915,American League,baker-det,baked102,Baker,Del,,Detroit,19150414,19150930,,,,,,,,,,,,,
retrosheet/1915,1915,American League,baker-chi,bakeh101,Baker,Howard,,Chicago,19150422,19150429,,,,,,,,,,,,,
researchers/morris,1915,American League,bankston,SSBBGYW,Bankston,,,Philadelphia,,,,,,,,,,,,,,,
retrosheet/1915,1915,American League,bankston,bankb101,Bankston,Bill,,Philadelphia,19150805,19150927,,,,,,,,,,,,,
retrosheet/1915,1915,American League,barbare,barbw101,Barbare,Walter,,Cleveland,19150414,19151003,,,,,,,,,,,,,
retrosheet/1915,1915,American League,barber,barbt101,Barber,Turner,,Washington,19150819,19151006,,,,,,,,,,,,,
retrosheet/1915,1915,American League,barney,barne104,Barney,Ed,,New York,19150722,19150807,,,,,,,,,,,,,
retrosheet/1915,1915,American League,barry,barrj104,Barry,Jack,,Boston,19150703,19151013,,,,,,,,,,,,,
retrosheet/1915,1915,American League,barry,barrj104,Barry,Jack,,Philadelphia,19150414,19150619,,,,,,,,,,,,,
retrosheet/1915,1915,American League,baumann,baump101,Baumann,Paddy,,New York,19150426,19151007,,,,,,,,,,,,,
retrosheet/1915,1915,American League,baumgardner,baumg101,Baumgardner,George,,St. Louis,19150415,19150509,,,,,,,,,,,,,
retrosheet/1915,1915,American League,bentley,bentj101,Bentley,Jack,,Washington,19150415,19151006,,,,,,,,,,,,,
retrosheet/1915,1915,American League,benz,benzj101,Benz,Joe,,Chicago,19150424,19151002,,,,,,,,,,,,,
retrosheet/1915,1915,American League,billings,billj103,Billings,Josh,,Cleveland,19150426,19150925,,,,,,,,,,,,,
retrosheet/1915,1915,American League,blackburne,blacl101,Blackburne,Lena,,Chicago,19150414,19151003,,,,,,,,,,,,,
retrosheet/1915,1915,American League,boehler,boehg101,Boehler,George,,Detroit,19150421,19150924,,,,,,,,,,,,,
retrosheet/1915,1915,American League,boehling,boehj101,Boehling,Joe,,Washington,19150417,19151006,,,,,,,,,,,,,
retrosheet/1915,1915,American League,boland,bolab101,Boland,Bernie,,Detroit,19150414,19151002,,,,,,,,,,,,,
retrosheet/1915,1915,American League,boone,boonl101,Boone,Luke,,New York,19150414,19151007,,,,,,,,,,,,,
retrosheet/1915,1915,American League,bostick,bosth101,Bostick,Henry,,Philadelphia,19150518,19150519,,,,,,,,,,,,,
retrosheet/1915,1915,American League,bowman,bowma101,Bowman,Abe,,Cleveland,19150623,19150623,,,,,,,,,,,,,
retrosheet/1915,1915,American League,brady,bradn101,Brady,Neal,,New York,19150925,19151007,,,,,,,,,,,,,
retrosheet/1915,1915,American League,brenton,brenl101,Brenton,Lynn,,Cleveland,19150816,19150929,,,,,,,,,,,,,
retrosheet/1915,1915,American League,bressler,bresr101,Bressler,Rube,,Philadelphia,19150416,19150921,,,,,,,,,,,,,
retrosheet/1915,1915,American League,breton,bretj101,Breton,Jim,,Chicago,19150414,19150717,,,,,,,,,,,,,
retrosheet/1915,1915,American League,brief,brieb101,Brief,Bunny,,Chicago,19150414,19150711,,,,,,,,,,,,,
retrosheet/1915,1915,American League,brown,browb103,Brown,Boardwalk,,New York,19150416,19151007,,,,,,,,,,,,,
retrosheet/1915,1915,American League,burkham,burkc101,Burkam,Chauncey,,St. Louis,19150624,19150624,,,,,,,,,,,,,
retrosheet/1915,1915,American League,burns,burng102,Burns,George,,Detroit,19150526,19151003,,,,,,,,,,,,,
retrosheet/1915,1915,American League,bush-det,bushd102,Bush,Donie,,Detroit,19150414,19151003,,,,,,,,,,,,,
retrosheet/1915,1915,American League,bush-phi,bushj102,Bush,Bullet Joe,,Philadelphia,19150415,19150922,,,,,,,,,,,,,
retrosheet/1915,1915,American League,cady,cadyh101,Cady,Hick,,Boston,19150414,19151013,,,,,,,,,,,,,
retrosheet/1915,1915,American League,caldwell,caldr101,Caldwell,Ray,,New York,19150419,19151004,,,,,,,,,,,,,
retrosheet/1915,1915,American League,carrigan,carrb101,Carrigan,Bill,,Boston,19150415,19151011,,,,,,,,,,,,,
retrosheet/1915,1915,American League,carter,cartp101,Carter,Paul,,Cleveland,19150828,19150929,,,,,,,,,,,,,
retrosheet/1915,1915,American League,cavet,cavep101,Cavet,Pug,,Detroit,19150416,19150710,,,,,,,,,,,,,
retrosheet/1915,1915,American League,chapman,chapr101,Chapman,Ray,,Cleveland,19150414,19151003,,,,,,,,,,,,,
retrosheet/1915,1915,American League,chappell,chapl101,Chappell,Larry,,Chicago,19150423,19150423,,,,,,,,,,,,,
retrosheet/1915,1915,American League,cicotte,cicoe101,Cicotte,Eddie,,Chicago,19150414,19150929,,,,,,,,,,,,,
retrosheet/1915,1915,American League,cobb,cobbt101,Cobb,Ty,,Detroit,19150414,19151003,,,,,,,,,,,,,
retrosheet/1915,1915,American League,cole,colek101,Cole,King,,New York,19150713,19150920,,,,,,,,,,,,,
retrosheet/1915,1915,American League,collamore,colla101,Collamore,Allan,,Cleveland,19150818,19151002,,,,,,,,,,,,,
retrosheet/1915,1915,American League,collins.e-chi,colle101,Collins,Eddie,,Chicago,19150414,19151003,,,,,,,,,,,,,
retrosheet/1915,1915,American League,collins.r-bos,collr103,Collins,Ray,,Boston,19150415,19151007,,,,,,,,,,,,,
retrosheet/1915,1915,American League,collins.s-chi,colls101,Collins,Shano,,Chicago,19150414,19151003,,,,,,,,,,,,,
retrosheet/1915,1915,American League,comstock,comsr101,Comstock,Ralph,,Boston,19150416,19150422,,,,,,,,,,,,,
retrosheet/1915,1915,American League,cone,coneb101,Cone,Bob,,Philadelphia,19150725,19150725,,,,,,,,,,,,,
retrosheet/1915,1915,American League,connolly,connt101,Connolly,Tom,,Washington,19150512,19151002,,,,,,,,,,,,,
retrosheet/1915,1915,American League,conway,conwo101,Conway,Owen,,Philadelphia,19150621,19150623,,,,,,,,,,,,,
retrosheet/1915,1915,American League,cook-ny,cookd101,Cook,Doc,,New York,19150414,19151006,,,,,,,,,,,,,
retrosheet/1915,1915,American League,cook-stl,cookr102,Cook,Rollin,,St. Louis,19150706,19150811,,,,,,,,,,,,,
retrosheet/1915,1915,American League,cooper,coopg102,Cooper,Guy,,Boston,19150924,19150924,,,,,,,,,,,,,
retrosheet/1915,1915,American League,corcoran,corca101,Corcoran,Art,,Philadelphia,19150909,19150909,,,,,,,,,,,,,
retrosheet/1915,1915,American League,cottrell,cotte101,Cottrell,Ensign,,New York,19150527,19150709,,,,,,,,,,,,,
retrosheet/1915,1915,American League,coumbe,coumf101,Coumbe,Fritz,,Cleveland,19150417,19150925,,,,,,,,,,,,,
retrosheet/1915,1915,American League,coveleski,coveh101,Coveleski,Harry,,Detroit,19150414,19151003,,,,,,,,,,,,,
retrosheet/1915,1915,American League,crane,crans102,Crane,Sam,,Philadelphia,19150825,19150921,,,,,,,,,,,,,
retrosheet/1915,1915,American League,crawford,craws101,Crawford,Sam,,Detroit,19150414,19151003,,,,,,,,,,,,,
retrosheet/1915,1915,American League,cree,creeb101,Cree,Birdie,,New York,19150414,19150921,,,,,,,,,,,,,
retrosheet/1915,1915,American League,crowell,crowc101,Crowell,Cap,,Philadelphia,19150623,19150924,,,,,,,,,,,,,
retrosheet/1915,1915,American League,daley,dalet101,Daley,Tom,,New York,19150422,19150709,,,,,,,,,,,,,
retrosheet/1915,1915,American League,dalrymple,dalrb101,Dalrymple,Bill,,St. Louis,19150706,19150722,,,,,,,,,,,,,
retrosheet/1915,1915,American League,daly,dalyt102,Daly,Tom,,Chicago,19150414,19150826,,,,,,,,,,,,,
retrosheet/1915,1915,American League,damrau,damrh101,Damrau,Harry,,Philadelphia,19150917,19151006,,,,,,,,,,,,,
retrosheet/1915,1915,American League,danner,dannb101,Danner,Buck,,Philadelphia,19150917,19150924,,,,,,,,,,,,,
retrosheet/1915,1915,American League,dauss,daush101,Dauss,Hooks,,Detroit,19150415,19150930,,,,,,,,,,,,,
retrosheet/1915,1915,American League,davies,davic104,Davies,Chick,,Philadelphia,19150415,19150929,,,,,,,,,,,,,
retrosheet/1915,1915,American League,davis.b-phi,davib104,Davis,Bud,,Philadelphia,19150419,19150923,,,,,,,,,,,,,
retrosheet/1915,1915,American League,davis.d-chi,david102,Davis,Dixie,,Chicago,19150902,19150905,,,,,,,,,,,,,
retrosheet/1915,1915,American League,davis.h-phi,davih101,Davis,Harry,,Philadelphia,19150529,19150807,,,,,,,,,,,,,
retrosheet/1915,1915,American League,dee,dee-s101,Dee,Shorty,,St. Louis,19150914,19150914,,,,,,,,,,,,,
retrosheet/1915,1915,American League,demmitt,demmr101,Demmitt,Ray,,Chicago,19150414,19150521,,,,,,,,,,,,,
retrosheet/1915,1915,American League,donovan,donob101,Donovan,Bill,,New York,19150606,19150909,,,,,,,,,,,,,
retrosheet/1915,1915,American League,dubuc,dubuj101,Dubuc,Jean,,Detroit,19150417,19151003,,,,,,,,,,,,,
retrosheet/1915,1915,American League,dumont,dumog101,Dumont,George,,Washington,19150914,19151002,,,,,,,,,,,,,
retrosheet/1915,1915,American League,east,eastc101,East,Carl,,St. Louis,19150824,19150824,,,,,,,,,,,,,
retrosheet/1915,1915,American League,eccles,ecclh101,Eccles,Harry,,Philadelphia,19150913,19150927,,,,,,,,,,,,,
retrosheet/1915,1915,American League,edwards,edwar101,Edwards,Ralph,,Philadelphia,19150917,19150917,,,,,,,,,,,,,
retrosheet/1915,1915,American League,egan,eganb101,Egan,Ben,,Cleveland,19150416,19150923,,,,,,,,,,,,,
retrosheet/1915,1915,American League,engel,engej101,Engel,Joe,,Washington,19150507,19150718,,,,,,,,,,,,,
retrosheet/1915,1915,American League,eschen,eschj101,Eschen,Jim,,Cleveland,19150710,19150729,,,,,,,,,,,,,
retrosheet/1915,1915,American League,evans,evanj101,Evans,Joe,,Cleveland,19150703,19150927,,,,,,,,,,,,,
retrosheet/1915,1915,American League,faber,faber101,Faber,Red,,Chicago,19150414,19151003,,,,,,,,,,,,,
retrosheet/1915,1915,American League,felsch,felsh101,Felsch,Happy,,Chicago,19150414,19151003,,,,,,,,,,,,,
researchers/morris,1915,American League,fillingim,LBMTHDF,Fillingim,,,Philadelphia,,,,,,,,,,,,,,,
retrosheet/1915,1915,American League,fillingim,filld101,Fillingim,Dana,,Philadelphia,19150802,19150911,,,,,,,,,,,,,
retrosheet/1915,1915,American League,fisher,fishr101,Fisher,Ray,,New York,19150415,19150922,,,,,,,,,,,,,
retrosheet/1915,1915,American League,foster-was,foste103,Foster,Eddie,,Washington,19150414,19151006,,,,,,,,,,,,,
retrosheet/1915,1915,American League,foster-bos,fostr103,Foster,Rube,,Boston,19150417,19151013,,,,,,,,,,,,,
retrosheet/1915,1915,American League,fournier,fourj101,Fournier,Jack,,Chicago,19150414,19151002,,,,,,,,,,,,,
retrosheet/1915,1915,American League,fuller,fullf101,Fuller,Frank,,Detroit,19150414,19150515,,,,,,,,,,,,,
retrosheet/1915,1915,American League,gainer,gaind101,Gainer,Del,,Boston,19150414,19151013,,,,,,,,,,,,,
retrosheet/1915,1915,American League,gallia,gallb103,Gallia,Bert,,Washington,19150416,19151006,,,,,,,,,,,,,
retrosheet/1915,1915,American League,gandil,gandc101,Gandil,Chick,,Washington,19150420,19151002,,,,,,,,,,,,,
retrosheet/1915,1915,American League,gardner,gardl101,Gardner,Larry,,Boston,19150414,19151013,,,,,,,,,,,,,
retrosheet/1915,1915,American League,garrett,garrc103,Garrett,Clarence,,Cleveland,19150913,19150929,,,,,,,,,,,,,
retrosheet/1915,1915,American League,gilhooley,gilhf101,Gilhooley,Frank,,New York,19150922,19150922,,,,,,,,,,,,,
retrosheet/1915,1915,American League,gooch,goocl101,Gooch,Lee,,Cleveland,19150817,19150929,,,,,,,,,,,,,
retrosheet/1915,1915,American League,graney,granj104,Graney,Jack,,Cleveland,19150414,19150922,,,,,,,,,,,,,
retrosheet/1915,1915,American League,gregg,gregv101,Gregg,Vean,,Boston,19150612,19151007,,,,,,,,,,,,,
retrosheet/1915,1915,American League,haas,haasb101,Haas,Bruno,,Philadelphia,19150623,19150918,,,,,,,,,,,,,
retrosheet/1915,1915,American League,haeffner,haefb101,Haeffner,Bill,,Philadelphia,19150629,19150713,,,,,,,,,,,,,
retrosheet/1915,1915,American League,hagerman,hager101,Hagerman,Rip,,Cleveland,19150416,19150909,,,,,,,,,,,,,
retrosheet/1915,1915,American League,haley,haler101,Haley,Raymond,,Boston,19150421,19151007,,,,,,,,,,,,,
retrosheet/1915,1915,American League,hamilton,hamie101,Hamilton,Earl,,St. Louis,19150429,19151003,,,,,,,,,,,,,
retrosheet/1915,1915,American League,hammond,hammj101,Hammond,Jack,,Cleveland,19150415,19150713,,,,,,,,,,,,,
retrosheet/1915,1915,American League,harper-was,harph101,Harper,Harry,,Washington,19150415,19151004,,,,,,,,,,,,,
retrosheet/1915,1915,American League,harper-phi,harpj101,Harper,Jack,,Philadelphia,19150417,19150426,,,,,,,,,,,,,
retrosheet/1915,1915,American League,harstad,harso101,Harstad,Oscar,,Cleveland,19150423,19150828,,,,,,,,,,,,,
retrosheet/1915,1915,American League,hartzell,hartr102,Hartzell,Roy,,New York,19150419,19150923,,,,,,,,,,,,,
researchers/morris,1915,American League,*havener,CQMLSMM,Havener,,,Philadelphia,,,,,,,,,,,,,,,
retrosheet/1915,1915,American League,haworth,hawoh101,Haworth,Howie,,Cleveland,19150814,19150828,,,,,,,,,,,,,
retrosheet/1915,1915,American League,healy,healt102,Healy,Thomas,,Philadelphia,19150713,19150923,,,,,,,,,,,,,
retrosheet/1915,1915,American League,hendryx,hendt101,Hendryx,Tim,,New York,19150918,19151007,,,,,,,,,,,,,
retrosheet/1915,1915,American League,henriksen,henro101,Henriksen,Olaf,,Boston,19150415,19151009,,,,,,,,,,,,,
retrosheet/1915,1915,American League,henry,henrj101,Henry,John,,Washington,19150415,19151006,,,,,,,,,,,,,
retrosheet/1915,1915,American League,high,highh101,High,Hugh,,New York,19150414,19151007,,,,,,,,,,,,,
retrosheet/1915,1915,American League,hill,hillh105,Hill,Herbert,,Cleveland,19150717,19150717,,,,,,,,,,,,,
researchers/morris,1915,American League,*hitchcock,YVVYNXG,Hitchcock,Ed,,Cleveland,,,,,,,,,,,,,,,
retrosheet/1915,1915,American League,hoblitzell,hobld101,Hoblitzell,Dick,,Boston,19150414,19151013,,,,,,,,,,,,,
retrosheet/1915,1915,American League,hoch,hochh101,Hoch,Harry,,St. Louis,19150415,19150624,,,,,,,,,,,,,
retrosheet/1915,1915,American League,hoff,hoffr102,Hoff,Red,,St. Louis,19150816,19151002,,,,,,,,,,,,,
retrosheet/1915,1915,American League,hoffman,hofft101,Hoffman,Tex,,Cleveland,19150711,19150720,,,,,,,,,,,,,
retrosheet/1915,1915,American League,hooper,hooph101,Hooper,Harry,,Boston,19150414,19151013,,,,,,,,,,,,,
retrosheet/1915,1915,American League,hopper,hoppb101,Hopper,Bill,,Washington,19150507,19150715,,,,,,,,,,,,,
retrosheet/1915,1915,American League,howard,howai101,Howard,Ivan,,St. Louis,19150414,19151003,,,,,,,,,,,,,
retrosheet/1915,1915,American League,jackson.c-chi,jackc102,Jackson,Charlie,,Chicago,19150820,19150820,,,,,,,,,,,,,
retrosheet/1915,1915,American League,jackson.j-cle+chi,jackj101,Jackson,Shoeless Joe,,Chicago,19150821,19151003,,,,,,,,,,,,,
retrosheet/1915,1915,American League,jackson.j-cle+chi,jackj101,Jackson,Shoeless Joe,,Cleveland,19150414,19150820,,,,,,,,,,,,,
retrosheet/1915,1915,American League,jacobson,jacow101,Jacobson,Baby Doll,,Detroit,19150414,19150817,,,,,,,,,,,,,
retrosheet/1915,1915,American League,jacobson,jacow101,Jacobson,Baby Doll,,St. Louis,19150821,19150923,,,,,,,,,,,,,
retrosheet/1915,1915,American League,james,jameb103,James,Bill,,Detroit,19150820,19151003,,,,,,,,,,,,,
retrosheet/1915,1915,American League,james,jameb103,James,Bill,,St. Louis,19150417,19150811,,,,,,,,,,,,,
retrosheet/1915,1915,American League,jamieson,jamic101,Jamieson,Charlie,,Washington,19150920,19151006,,,,,,,,,,,,,
retrosheet/1915,1915,American League,janvrin,janvh101,Janvrin,Hal,,Boston,19150416,19151009,,,,,,,,,,,,,
retrosheet/1915,1915,American League,jasper,jasph101,Jasper,Hi,,Chicago,19150414,19150422,,,,,,,,,,,,,
retrosheet/1915,1915,American League,johns,johnp101,Johns,Pete,,Chicago,19150825,19150922,,,,,,,,,,,,,
retrosheet/1915,1915,American League,johnson-chi,johnw101,Johnson,Ellis,,Chicago,19150418,19150418,,,,,,,,,,,,,
retrosheet/1915,1915,American League,johnson-was,johnw102,Johnson,Walter,,Washington,19150414,19151002,,,,,,,,,,,,,
retrosheet/1915,1915,American League,jones,jones104,Jones,Sad Sam,,Cleveland,19150416,19151003,,,,,,,,,,,,,
retrosheet/1915,1915,American League,judge,judgj101,Judge,Joe,,Washington,19150920,19151006,,,,,,,,,,,,,
retrosheet/1915,1915,American League,kauffman,kaufd101,Kauffman,Dick,,St. Louis,19150414,19150612,,,,,,,,,,,,,
retrosheet/1915,1915,American League,kavanagh,kavam101,Kavanagh,Marty,,Detroit,19150414,19150929,,,,,,,,,,,,,
retrosheet/1915,1915,American League,keating,keatr101,Keating,Ray,,New York,19150427,19150621,,,,,,,,,,,,,
retrosheet/1915,1915,American League,kirke,kirkj101,Kirke,Jay,,Cleveland,19150706,19151003,,,,,,,,,,,,,
retrosheet/1915,1915,American League,klepfer,klepe101,Klepfer,Ed,,Chicago,19150623,19150806,,,,,,,,,,,,,
retrosheet/1915,1915,American League,klepfer,klepe101,Klepfer,Ed,,Cleveland,19150825,19151003,,,,,,,,,,,,,
retrosheet/1915,1915,American League,knowlson,knowt101,Knowlson,Tom,,Philadelphia,19150703,19150923,,,,,,,,,,,,,
retrosheet/1915,1915,American League,koob,koobe101,Koob,Ernie,,St. Louis,19150623,19151001,,,,,,,,,,,,,
retrosheet/1915,1915,American League,kopf,kopfl101,Kopf,Larry,,Philadelphia,19150420,19151006,,,,,,,,,,,,,
retrosheet/1915,1915,American League,kopp,koppm101,Kopp,Merlin,,Washington,19150802,19150930,,,,,,,,,,,,,
retrosheet/1915,1915,American League,krueger,kruee101,Krueger,Ernie,,New York,19150826,19150927,,,,,,,,,,,,,
retrosheet/1915,1915,American League,lajoie,lajon101,Lajoie,Nap,,Philadelphia,19150414,19150929,,,,,,,,,,,,,
retrosheet/1915,1915,American League,lapp,lappj101,Lapp,Jack,,Philadelphia,19150416,19151006,,,,,,,,,,,,,
retrosheet/1915,1915,American League,lavan,lavad101,Lavan,Doc,,St. Louis,19150414,19151003,,,,,,,,,,,,,
researchers/blau,1915,American League,layden,MQSSVYT,Layden,Gene,,New York,,,,,,,,,,,,,,,
researchers/morris,1915,American League,layden,GCCXBWD,Layden,Lefty,,New York,,,,,,,,,,,,,,,
retrosheet/1915,1915,American League,layden,laydg101,Layden,Gene,,New York,19150729,19150925,,,,,,,,,,,,,
retrosheet/1915,1915,American League,lear,learf102,Lear,Fred,,Philadelphia,19150607,19150608,,,,,,,,,,,,,
retrosheet/1915,1915,American League,leary,learj101,Leary,John,,St. Louis,19150414,19150927,,,,,,,,,,,,,
retrosheet/1915,1915,American League,ledbetter,ledbr101,Ledbetter,Razor,,Detroit,19150416,19150416,,,,,,,,,,,,,
retrosheet/1915,1915,American League,lee,lee-b102,Lee,Billy,,St. Louis,19150415,19151002,,,,,,,,,,,,,
retrosheet/1915,1915,American League,leibold,leibn101,Leibold,Nemo,,Chicago,19150709,19150922,,,,,,,,,,,,,
retrosheet/1915,1915,American League,leibold,leibn101,Leibold,Nemo,,Cleveland,19150414,19150706,,,,,,,,,,,,,
retrosheet/1915,1915,American League,leonard,leond102,Leonard,Dutch,,Boston,19150424,19151011,,,,,,,,,,,,,
retrosheet/1915,1915,American League,leverenz,levew101,Leverenz,Walt,,St. Louis,19150417,19150723,,,,,,,,,,,,,
retrosheet/1915,1915,American League,lewis,lewid101,Lewis,Duffy,,Boston,19150414,19151013,,,,,,,,,,,,,
retrosheet/1915,1915,American League,lowdermilk,lowdg101,Lowdermilk,Grover,,Detroit,19150908,19150929,,,,,,,,,,,,,
retrosheet/1915,1915,American League,lowdermilk,lowdg101,Lowdermilk,Grover,,St. Louis,19150416,19150902,,,,,,,,,,,,,
retrosheet/1915,1915,American League,maisel,maisf101,Maisel,Fritz,,New York,19150414,19151004,,,,,,,,,,,,,
retrosheet/1915,1915,American League,malone,malol101,Malone,Lew,,Philadelphia,19150531,19151006,,,,,,,,,,,,,
retrosheet/1915,1915,American League,markle,markc101,Markle,Cliff,,New York,19150918,19151004,,,,,,,,,,,,,
retrosheet/1915,1915,American League,mayer-was,mayes101,Mayer,Sam,,Washington,19150904,19150929,,,,,,,,,,,,,
retrosheet/1915,1915,American League,mayer-chi,mayew101,Mayer,Wally,,Chicago,19150422,19151003,,,,,,,,,,,,,
retrosheet/1915,1915,American League,mays,maysc101,Mays,Carl,,Boston,19150415,19151006,,,,,,,,,,,,,
retrosheet/1915,1915,American League,mcavoy,mcavw101,McAvoy,Wickey,,Philadelphia,19150415,19150927,,,,,,,,,,,,,
retrosheet/1915,1915,American League,mcbride,mcbrg101,McBride,George,,Washington,19150414,19150927,,,,,,,,,,,,,
researchers/blau,1915,American League,mccabe,DLPDFYX,McCabe,Tim,,St. Louis,,,,,,,,,,,,,,,
retrosheet/1915,1915,American League,mccabe,mccat104,McCabe,Tim,,St. Louis,19150816,19151002,,,,,,,,,,,,,
researchers/morris,1915,American League,*mcclelland,VCZWWPY,McClelland,Boggs,,Cleveland,,,,,,,,,,,,,,,
retrosheet/1915,1915,American League,mcconnell,mccos101,McConnell,Sam,,Philadelphia,19150419,19150517,,,,,,,,,,,,,
retrosheet/1915,1915,American League,mchale,mcham101,McHale,Marty,,New York,19150417,19150706,,,,,,,,,,,,,
retrosheet/1915,1915,American League,mcinnis,mcins101,McInnis,Stuffy,,Philadelphia,19150414,19151006,,,,,,,,,,,,,
retrosheet/1915,1915,American League,mckay,mckar101,McKay,Reeve,,St. Louis,19151002,19151002,,,,,,,,,,,,,
retrosheet/1915,1915,American League,mckee,mcker103,McKee,Red,,Detroit,19150416,19151003,,,,,,,,,,,,,
retrosheet/1915,1915,American League,mcnally,mcnam101,McNally,Mike,,Boston,19150421,19151007,,,,,,,,,,,,,
retrosheet/1915,1915,American League,meehan,meehb101,Meehan,Bill,,Philadelphia,19150917,19150917,,,,,,,,,,,,,
retrosheet/1915,1915,American League,milan.c,milac101,Milan,Clyde,,Washington,19150414,19151006,,,,,,,,,,,,,
retrosheet/1915,1915,American League,milan.h,milah101,Milan,Horace,,Washington,19150829,19151006,,,,,,,,,,,,,
retrosheet/1915,1915,American League,miller,mille102,Miller,Elmer,,New York,19150902,19151007,,,,,,,,,,,,,
retrosheet/1915,1915,American League,mitchell,mitcw101,Mitchell,Willie,,Cleveland,19150414,19151002,,,,,,,,,,,,,
retrosheet/1915,1915,American League,moeller,moeld101,Moeller,Danny,,Washington,19150414,19150917,,,,,,,,,,,,,
retrosheet/1915,1915,American League,mogridge,mogrg101,Mogridge,George,,New York,19150904,19151006,,,,,,,,,,,,,
retrosheet/1915,1915,American League,morgan,morgr101,Morgan,Ray,,Washington,19150414,19150928,,,,,,,,,,,,,
retrosheet/1915,1915,American League,moriarty,morig101,Moriarty,George,,Detroit,19150421,19151003,,,,,,,,,,,,,
retrosheet/1915,1915,American League,morrisette,morrb102,Morrisette,Bill,,Philadelphia,19150918,19151006,,,,,,,,,,,,,
retrosheet/1915,1915,American League,morton,mortg101,Morton,Guy,,Cleveland,19150415,19150917,,,,,,,,,,,,,
retrosheet/1915,1915,American League,mullen,mullc101,Mullen,Charlie,,New York,19150506,19151007,,,,,,,,,,,,,
retrosheet/1915,1915,American League,murphy,murpe102,Murphy,Eddie,,Chicago,19150717,19151003,,,,,,,,,,,,,
retrosheet/1915,1915,American League,murphy,murpe102,Murphy,Eddie,,Philadelphia,19150414,19150715,,,,,,,,,,,,,
retrosheet/1915,1915,American League,myers,myere101,Myers,Elmer,,Philadelphia,19151006,19151006,,,,,,,,,,,,,
retrosheet/1915,1915,American League,nabors,naboj101,Nabors,Jack,,Philadelphia,19150809,19151004,,,,,,,,,,,,,
retrosheet/1915,1915,American League,neff,neffd101,Neff,Doug,,Washington,19150504,19151006,,,,,,,,,,,,,
retrosheet/1915,1915,American League,nunamaker,nunal101,Nunamaker,Les,,New York,19150415,19151007,,,,,,,,,,,,,
retrosheet/1915,1915,American League,obrien,obrig101,O'Brien,George,,St. Louis,19150816,19150824,,,,,,,,,,,,,
retrosheet/1915,1915,American League,oneill,oneis101,O'Neill,Steve,,Cleveland,19150414,19151003,,,,,,,,,,,,,
retrosheet/1915,1915,American League,oldham,oldhr101,Oldham,Red,,Detroit,19150527,19151002,,,,,,,,,,,,,
retrosheet/1915,1915,American League,oldring,oldrr101,Oldring,Rube,,Philadelphia,19150414,19151006,,,,,,,,,,,,,
retrosheet/1915,1915,American League,park,parkj102,Park,Jim,,St. Louis,19150907,19150914,,,,,,,,,,,,,
retrosheet/1915,1915,American League,parker,parkp101,Parker,Pat,,St. Louis,19150810,19150811,,,,,,,,,,,,,
retrosheet/1915,1915,American League,paschal,pascb102,Paschal,Ben,,Cleveland,19150816,19150929,,,,,,,,,,,,,
retrosheet/1915,1915,American League,peckinpaugh,peckr101,Peckinpaugh,Roger,,New York,19150414,19151007,,,,,,,,,,,,,
retrosheet/1915,1915,American League,pennock,pennh101,Pennock,Herb,,Boston,19150609,19150809,,,,,,,,,,,,,
retrosheet/1915,1915,American League,pennock,pennh101,Pennock,Herb,,Philadelphia,19150414,19150523,,,,,,,,,,,,,
retrosheet/1915,1915,American League,pepper,peppb101,Pepper,Bob,,Philadelphia,19150723,19150723,,,,,,,,,,,,,
retrosheet/1915,1915,American League,perkins,perkc101,Perkins,Cy,,Philadelphia,19150925,19151006,,,,,,,,,,,,,
researchers/blau,1915,American League,perry,NYKZJKP,Perry,Scott,,St. Louis,,,,,,,,,,,,,,,
retrosheet/1915,1915,American League,perry,perrs101,Perry,Scott,,St. Louis,19150513,19150513,,,,,,,,,,,,,
retrosheet/1915,1915,American League,perryman,perrp102,Perryman,Parson,,St. Louis,19150414,19150713,,,,,,,,,,,,,
retrosheet/1915,1915,American League,peters,petej102,Peters,John,,Detroit,19150501,19150501,,,,,,,,,,,,,
researchers/blau,1915,American League,phillips,HYTCGJW,Phillips,Tom,,St. Louis,,,,,,,,,,,,,,,
retrosheet/1915,1915,American League,phillips,philt102,Phillips,Tom,,St. Louis,19150913,19151002,,,,,,,,,,,,,
retrosheet/1915,1915,American League,pick,pickc103,Pick,Charlie,,Washington,19150415,19150504,,,,,,,,,,,,,
retrosheet/1915,1915,American League,pieh,piehc101,Pieh,Cy,,New York,19150506,19150925,,,,,,,,,,,,,
retrosheet/1915,1915,American League,pillson,pills101,Pillion,Squiz,,Philadelphia,19150820,19150826,,,,,,,,,,,,,
retrosheet/1915,1915,American League,pipp,pippw101,Pipp,Wally,,New York,19150414,19151007,,,,,,,,,,,,,
retrosheet/1915,1915,American League,pratt,pratd101,Pratt,Del,,St. Louis,19150414,19151003,,,,,,,,,,,,,
retrosheet/1915,1915,American League,quinlan,quinf101,Quinlan,Finners,,Chicago,19150414,19150715,,,,,,,,,,,,,
retrosheet/1915,1915,American League,ray,ray-c101,Ray,Carl,,Philadelphia,19150925,19151004,,,,,,,,,,,,,
retrosheet/1915,1915,American League,rehg,rehgw101,Rehg,Wally,,Boston,19150414,19150429,,,,,,,,,,,,,
retrosheet/1915,1915,American League,remneas,remna101,Remneas,Alex,,St. Louis,19150418,19150420,,,,,,,,,,,,,
retrosheet/1915,1915,American League,reynolds,reynr101,Reynolds,Ross,,Detroit,19150418,19150501,,,,,,,,,,,,,
retrosheet/1915,1915,American League,rice,rices101,Rice,Sam,,Washington,19150807,19150911,,,,,,,,,,,,,
retrosheet/1915,1915,American League,richardson,richj103,Richardson,Jack,,Philadelphia,19150917,19151006,,,,,,,,,,,,,
retrosheet/1915,1915,American League,rodgers,rodgb103,Rodgers,Bill,,Boston,19150604,19150703,,,,,,,,,,,,,
retrosheet/1915,1915,American League,rodgers,rodgb103,Rodgers,Bill,,Cleveland,19150415,19150506,,,,,,,,,,,,,
retrosheet/1915,1915,American League,rondeau,rondh101,Rondeau,Henri,,Washington,19150420,19150508,,,,,,,,,,,,,
retrosheet/1915,1915,American League,roth,rothb102,Roth,Braggo,,Chicago,19150414,19150806,,,,,,,,,,,,,
retrosheet/1915,1915,American League,roth,rothb102,Roth,Braggo,,Cleveland,19150822,19151003,,,,,,,,,,,,,
retrosheet/1915,1915,American League,ruel,ruelm101,Ruel,Muddy,,St. Louis,19150529,19150923,,,,,,,,,,,,,
retrosheet/1915,1915,American League,russell-ny,russa101,Russell,Allen,,New York,19150913,19151006,,,,,,,,,,,,,
retrosheet/1915,1915,American League,russell-chi,russr102,Russell,Reb,,Chicago,19150416,19151003,,,,,,,,,,,,,
retrosheet/1915,1915,American League,ruth,ruthb101,Ruth,Babe,,Boston,19150416,19151008,,,,,,,,,,,,,
retrosheet/1915,1915,American League,sawyer,sawyc101,Sawyer,Carl,,Washington,19150911,19151006,,,,,,,,,,,,,
retrosheet/1915,1915,American League,schalk,schar103,Schalk,Ray,,Chicago,19150414,19151002,,,,,,,,,,,,,
retrosheet/1915,1915,American League,schang,schaw101,Schang,Wally,,Philadelphia,19150414,19151006,,,,,,,,,,,,,
retrosheet/1915,1915,American League,schmandt,schmr101,Schmandt,Ray,,St. Louis,19150624,19150706,,,,,,,,,,,,,
retrosheet/1915,1915,American League,schwert,schwp101,Schwert,Pi,,New York,19150611,19151007,,,,,,,,,,,,,
retrosheet/1915,1915,American League,scott-bos,scote101,Scott,Everett,,Boston,19150414,19151013,,,,,,,,,,,,,
retrosheet/1915,1915,American League,scott-chi,scotj104,Scott,Jim,,Chicago,19150414,19151002,,,,,,,,,,,,,
retrosheet/1915,1915,American League,seibold,seibs101,Seibold,Socks,,Philadelphia,19150918,19151006,,,,,,,,,,,,,
retrosheet/1915,1915,American League,severeid,seveh101,Severeid,Hank,,St. Louis,19150414,19151003,,,,,,,,,,,,,
retrosheet/1915,1915,American League,shanks,shanh101,Shanks,Howie,,Washington,19150414,19151006,,,,,,,,,,,,,
retrosheet/1915,1915,American League,shaw,shawj101,Shaw,Jim,,Washington,19150422,19150807,,,,,,,,,,,,,
retrosheet/1915,1915,American League,shawkey,shawb102,Shawkey,Bob,,New York,19150707,19151007,,,,,,,,,,,,,
retrosheet/1915,1915,American League,shawkey,shawb102,Shawkey,Bob,,Philadelphia,19150416,19150621,,,,,,,,,,,,,
retrosheet/1915,1915,American League,sheehan,sheet102,Sheehan,Tom,,Philadelphia,19150714,19150929,,,,,,,,,,,,,
retrosheet/1915,1915,American League,shelton,shels101,Shelton,Skeeter,,New York,19150825,19150901,,,,,,,,,,,,,
retrosheet/1915,1915,American League,sherman,sherj101,Sherman,Joe,,Philadelphia,19150924,19150930,,,,,,,,,,,,,
retrosheet/1915,1915,American League,shields,shiep101,Shields,Pete,,Cleveland,19150414,19150516,,,,,,,,,,,,,
retrosheet/1915,1915,American League,shore,shore101,Shore,Ernie,,Boston,19150414,19151012,,,,,,,,,,,,,
retrosheet/1915,1915,American League,shorten,shorc101,Shorten,Chick,,Boston,19150922,19151007,,,,,,,,,,,,,
retrosheet/1915,1915,American League,shotton,shotb101,Shotton,Burt,,St. Louis,19150414,19151003,,,,,,,,,,,,,
retrosheet/1915,1915,American League,sims,simsp101,Sims,Pete,,St. Louis,19150916,19150923,,,,,,,,,,,,,
retrosheet/1915,1915,American League,sisler,sislg101,Sisler,George,,St. Louis,19150628,19151003,,,,,,,,,,,,,
retrosheet/1915,1915,American League,smith,smite104,Smith,Elmer,,Cleveland,19150415,19151003,,,,,,,,,,,,,
retrosheet/1915,1915,American League,sothoron,sotha101,Sothoron,Allen,,St. Louis,19150916,19150923,,,,,,,,,,,,,
retrosheet/1915,1915,American League,southworth,soutb101,Southworth,Billy,,Cleveland,19150610,19150828,,,,,,,,,,,,,
retrosheet/1915,1915,American League,speaker,speat101,Speaker,Tris,,Boston,19150414,19151013,,,,,,,,,,,,,
retrosheet/1915,1915,American League,stanage,stano101,Stanage,Oscar,,Detroit,19150414,19150929,,,,,,,,,,,,,
retrosheet/1915,1915,American League,steen,steeb101,Steen,Bill,,Cleveland,19150415,19150604,,,,,,,,,,,,,
retrosheet/1915,1915,American League,steen,steeb101,Steen,Bill,,Detroit,19150609,19150822,,,,,,,,,,,,,
retrosheet/1915,1915,American League,strunk,strua102,Strunk,Amos,,Philadelphia,19150414,19151006,,,,,,,,,,,,,
retrosheet/1915,1915,American League,sweeney,sweej102,Sweeney,Jeff,,New York,19150414,19150805,,,,,,,,,,,,,
researchers/morris,1915,American League,thomas-phi,NYGGQRX,Thomas,Ira,,Philadelphia,,,,,,,,,,,,,,,
retrosheet/1915,1915,American League,thomas-phi,thomi101,Thomas,Ira,,Philadelphia,19150618,19150618,,,,,,,,,,,,,
retrosheet/1915,1915,American League,thomas-bos,thomp101,Thomas,Pinch,,Boston,19150416,19151013,,,,,,,,,,,,,
retrosheet/1915,1915,American League,thompson,thoms101,Thompson,Shag,,Philadelphia,19150416,19150612,,,,,,,,,,,,,
retrosheet/1915,1915,American League,tillman,tillj101,Tillman,Johnny,,St. Louis,19150920,19150922,,,,,,,,,,,,,
retrosheet/1915,1915,American League,tipple,tippd101,Tipple,Dan,,New York,19150918,19151006,,,,,,,,,,,,,
retrosheet/1915,1915,American League,turner-phi,turnt103,Turner,Tink,,Philadelphia,19150924,19150924,,,,,,,,,,,,,
retrosheet/1915,1915,American League,turner-cle,turnt105,Turner,Terry,,Cleveland,19150414,19151003,,,,,,,,,,,,,
retrosheet/1915,1915,American League,vance,vancd101,Vance,Dazzy,,New York,19150828,19151007,,,,,,,,,,,,,
retrosheet/1915,1915,American League,veach,veacb101,Veach,Bobby,,Detroit,19150414,19151003,,,,,,,,,,,,,
retrosheet/1915,1915,American League,vitt,vitto101,Vitt,Ossie,,Detroit,19150414,19151003,,,,,,,,,,,,,
retrosheet/1915,1915,American League,wagner,wagnh103,Wagner,Heinie,,Boston,19150414,19151007,,,,,,,,,,,,,
retrosheet/1915,1915,American League,walker.e-stl,walke101,Walker,Ernie,,St. Louis,19150414,19150706,,,,,,,,,,,,,
retrosheet/1915,1915,American League,walker.r-cle,walkr102,Walker,Roy,,Cleveland,19150424,19150817,,,,,,,,,,,,,
retrosheet/1915,1915,American League,walker.t-stl,walkt101,Walker,Tillie,,St. Louis,19150414,19151003,,,,,,,,,,,,,
retrosheet/1915,1915,American League,wallace,wallb101,Wallace,Bobby,,St. Louis,19150414,19150517,,,,,,,,,,,,,
retrosheet/1915,1915,American League,walsh-stl,walsd101,Walsh,Dee,,St. Louis,19150415,19150824,,,,,,,,,,,,,
retrosheet/1915,1915,American League,walsh-chi,walse101,Walsh,Ed,,Chicago,19150716,19151001,,,,,,,,,,,,,
retrosheet/1915,1915,American League,walsh-phi,walsj108,Walsh,Jimmy,,Philadelphia,19150414,19150914,,,,,,,,,,,,,
retrosheet/1915,1915,American League,walters,waltr102,Walters,Roxy,,New York,19150916,19151007,,,,,,,,,,,,,
retrosheet/1915,1915,American League,wambsganss,wambb101,Wambsganss,Bill,,Cleveland,19150416,19151003,,,,,,,,,,,,,
retrosheet/1915,1915,American League,warhop,warhj101,Warhop,Jack,,New York,19150414,19150812,,,,,,,,,,,,,
retrosheet/1915,1915,American League,weaver-chi,weavb101,Weaver,Buck,,Chicago,19150414,19151003,,,,,,,,,,,,,
retrosheet/1915,1915,American League,weaver-phi,weavh101,Weaver,Harry,,Philadelphia,19150918,19150925,,,,,,,,,,,,,
retrosheet/1915,1915,American League,weilman,weilc101,Weilman,Carl,,St. Louis,19150414,19150930,,,,,,,,,,,,,
retrosheet/1915,1915,American League,wilie,wilid101,Wilie,Denney,,Cleveland,19150802,19151003,,,,,,,,,,,,,
retrosheet/1915,1915,American League,williams-stl,willg103,Williams,Gus,,St. Louis,19150414,19150618,,,,,,,,,,,,,
retrosheet/1915,1915,American League,williams-was,willr104,Williams,Rip,,Washington,19150414,19151006,,,,,,,,,,,,,
retrosheet/1915,1915,American League,wolfgang,wolfm101,Wolfgang,Mellie,,Chicago,19150418,19150922,,,,,,,,,,,,,
retrosheet/1915,1915,American League,wood-bos,woodj108,Wood,Smoky Joe,,Boston,19150508,19151006,,,,,,,,,,,,,
retrosheet/1915,1915,American League,wood-cle,woodr103,Wood,Roy,,Cleveland,19150419,19150619,,,,,,,,,,,,,
retrosheet/1915,1915,American League,wyckoff,wyckj101,Wyckoff,Weldon,,Philadelphia,19150415,19150922,,,,,,,,,,,,,
retrosheet/1915,1915,American League,young,younr103,Young,Ralph,,Detroit,19150414,19151003,,,,,,,,,,,,,
